sachgruppe,svm_brave_lime,svm_brave_lemon
6117,6117,6117
7540,7540,7540
7440,7440,7440
5530,7820,7820
4020,4020,4020
9100,5800,5800
7402,7402,7402
9600,9600,9600
5530,5530,5530
9210,9220,9220
5532,5532,5532
1100,1100,1100
5200,5200,5200
6430,9240,9240
3500,3500,3500
1240,1240,6320
7200,7200,7200
7820,7820,7820
6421,6421,6421
4114,4114,4114
7420,7420,7420
8500,6430,6430
1230,1230,1230
5920,5920,5920
6110,6110,6110
7565,7565,7565
4110,4110,4110
4112,4112,4112
6280,6280,6280
4240,4240,4240
5830,5830,5830
8160,9220,9220
7565,7565,7565
7830,7830,7830
8700,8700,8700
7110,7120,7120
5533,5533,5533
7430,7430,7430
6405,6405,6405
5140,5140,5140
7360,7360,7360
4115,4115,4115
3800,3800,3800
5925,5925,5925
5932,5932,5932
7430,7430,7430
6420,6420,6420
7430,7430,7430
4240,5120,5120
4210,4210,4210
6134,6134,6134
4400,4400,4400
7720,7720,7720
7740,7740,7740
7340,7340,7340
7340,7340,7340
7735,7735,7735
4115,4115,4115
6332,6410,6410
7800,7735,7735
5560,5560,5560
5350,5350,5350
4240,7600,7600
5925,5925,5925
7740,7780,7780
6116,6116,6116
5925,5925,5925
9300,9300,9300
7030,7030,7030
5920,5920,5920
9500,9500,9500
5911,5911,5911
6320,7020,6320
7440,7440,7440
5164,5164,5164
9500,9500,9500
5911,5911,5911
7310,7310,7310
5932,5932,5932
5560,5560,5560
5560,1230,1230
7735,7735,7735
1230,1230,1230
6136,6136,6136
5210,5940,5940
7750,7750,7750
7480,3120,3120
7010,7010,7010
4210,4210,4210
9800,9800,9800
7210,2000,2000
9330,9240,9240
7520,7520,7520
6415,6415,6415
7400,7450,7450
7200,7200,7200
8850,8850,8850
2600,2600,2600
2910,2910,2910
4111,4111,4111
7590,7590,7590
7405,7405,7405
7430,7430,7430
4111,4111,4111
3400,3400,3400
3100,3100,3100
7390,7390,7390
5920,5920,5920
5145,5145,5145
5940,5940,5940
5410,5410,5410
7740,7740,7740
9230,9230,9230
6320,6320,6320
4240,4240,4240
6114,6114,6114
5600,5600,5600
7500,7500,7500
8730,8730,8730
7735,7735,7735
7010,7010,7010
5935,5935,5935
5521,5521,5521
5530,5530,5530
3210,3210,3210
9231,7500,7500
3800,3500,3500
7011,7011,7011
6130,6130,6130
5940,5940,5940
7403,7403,7403
5126,5126,5126
1140,1140,9320
5430,5430,5430
7401,7500,7401
6110,6110,6110
5932,5932,5932
7110,7110,7110
7402,7402,7402
5830,5830,5830
5210,5200,5200
6110,6110,6110
4117,4117,4117
6333,6333,6333
3510,3510,3510
5340,4010,4010
6333,6333,6333
9310,9700,9700
6100,6100,6100
5142,5142,5142
6117,6117,6117
7011,7011,7011
9400,9350,9350
8400,8400,8400
5360,6421,6333
5210,5210,5210
9500,9500,9500
7120,7120,7120
2300,2300,2300
9100,9800,9100
6320,6320,6320
7720,7720,7720
4113,4130,4130
7520,7550,7550
1230,1230,1230
7420,7420,7420
7030,7030,7030
3210,3210,3210
6333,6540,5840
2200,2200,2200
7200,7200,7200
4240,4240,4240
5910,5910,5910
6332,6420,6420
2200,2200,2200
7430,7430,7430
5310,5310,5310
5150,5150,5150
9320,9320,9320
3210,3210,3210
4114,4114,4114
9233,9233,9233
0,0,0
6110,6110,6110
3010,3010,3010
7800,7800,7800
7210,7210,7210
4100,7600,7600
7790,7790,7790
6119,6119,6119
7110,7110,7110
5360,4010,5340
2200,2200,2200
7450,7450,7450
1230,1230,1230
7560,7560,7560
7740,7740,7740
6117,6117,6117
9600,2500,2500
7440,7420,7420
7110,7110,7110
6332,6332,6332
6333,6333,6333
7220,7600,7600
7360,7360,7360
5910,5910,5910
9220,9220,9220
7500,7735,1230
4118,4118,4118
9220,9220,9220
7020,7020,7020
5340,5340,5340
4700,4700,4700
7460,5920,5920
4210,4210,4210
6333,6333,6333
6460,6460,6460
7450,7450,7450
7440,7440,7440
9800,9800,9800
5330,5330,5330
7565,7565,7565
6114,6114,6114
6111,6111,6111
6333,6333,6333
9800,9800,9800
9600,9600,9600
7595,7595,7595
6131,6131,6131
5925,5925,5925
6320,6320,6320
7570,7570,7570
7405,7405,7405
7740,7740,7740
9600,9600,9600
5911,5910,5910
5560,5420,5420
7350,7350,7350
6111,6111,6111
9320,9320,9320
7360,7360,7360
5911,7560,5911
7405,7405,7405
3500,3500,3500
5911,5911,5911
7440,7440,7440
3110,3110,3110
6333,6333,6333
4210,4210,4210
6116,6332,6332
5910,5910,5910
6250,6250,6250
7455,7455,7455
6333,6333,6333
7440,7440,7440
5940,5940,5940
7735,7735,7735
9400,9600,9600
7450,7450,7450
9311,9130,9130
5166,5166,5166
2200,2200,2200
5360,5360,5360
7550,7550,7550
6415,6415,6415
6134,6134,6134
6280,6280,6280
7420,7420,7420
9370,9370,9370
9130,9130,9130
6530,6530,6530
7550,7550,7550
5210,5210,5210
4020,4020,4020
7440,7440,7440
6333,6333,6333
7410,7410,7410
5700,5700,5700
2200,2200,2200
6110,6110,6110
6320,2900,9210
7450,7450,7450
5170,5940,5940
7800,7800,7800
4114,4114,4114
7410,7410,7410
6333,6333,6333
7011,7011,7011
7430,7430,7430
7820,7820,7820
5120,5120,5120
6320,6320,6320
6116,6116,6116
7600,7720,7720
2200,2200,2200
6410,6410,6410
7120,7120,7120
6333,6320,6320
6460,6510,9240
5910,9300,9300
5330,5330,5330
5420,5420,5420
4500,4500,4500
6421,6421,6421
7780,7780,7780
4115,4115,4115
7340,7340,7340
7810,7800,7800
5600,5600,5600
6333,6333,6333
7440,7440,7440
7480,7480,7480
5160,5160,5160
7110,7110,7110
7600,9240,9240
8500,8500,8500
7735,7735,7735
8400,8400,8400
9600,9600,9600
6120,6120,6120
5121,5121,5121
7810,7810,7810
5120,5120,5120
6117,6111,6111
6333,6333,6333
9311,9311,9311
5440,5440,5440
4117,4117,4117
7440,7440,7440
2500,2500,2500
4112,4112,4112
7420,5700,7440
9230,7450,7450
4113,4113,4113
4500,4500,4500
5210,5210,5210
5142,5142,5142
5600,5600,5600
7405,7405,7405
7110,7110,7110
7480,7480,7480
8220,8220,8220
7210,7210,7210
9311,9300,9300
2100,2100,2100
3510,3500,3510
7322,7322,7322
5930,5930,5930
7110,7110,7110
3210,3210,3210
8140,8140,8140
6117,6117,6117
7790,7790,7790
6111,6111,6111
6135,6135,6135
5940,5940,5940
5920,9330,9330
5932,5932,5932
3210,3210,3210
9231,9240,9240
6111,6111,6111
4700,4700,4700
7300,7300,7300
9600,9600,9600
6320,6320,6320
5200,5200,5200
4210,4210,4210
6333,6333,6333
6116,6280,5130
5145,5145,5145
5900,5910,5910
5310,5310,5310
5860,5860,5860
7550,7550,7550
7480,7480,7480
7380,7380,7380
7340,7340,7340
5935,5935,5935
6260,9600,9600
5520,5520,5520
9330,9240,9240
5940,7402,7402
7403,7403,7403
5350,5350,5350
7440,7440,7440
5933,5933,5933
7440,7440,7440
6320,6280,6116
9312,9312,9312
7110,7110,7110
7800,7800,7800
7550,7550,7550
7402,7550,7550
5933,5930,5930
9300,9300,9300
8740,8740,8740
6119,6119,6119
5530,5530,5530
6440,6320,6320
6112,6112,6112
6121,6121,6121
5560,5560,5560
6135,6135,6135
7800,7800,7800
7440,7440,7440
7500,5540,5540
1100,9500,1140
7790,9800,5340
6230,6230,6230
6280,6280,6280
7011,7011,7011
5911,5911,5911
5120,5120,5120
3400,3400,3400
4114,4114,4114
7310,9600,7330
8400,8400,8400
7455,7455,7455
6116,6116,6116
5920,5920,5920
6540,6540,6540
7480,7480,7480
5940,5940,5940
3120,3120,3120
5700,5700,5700
3200,7480,7480
5550,5550,5550
5142,5142,5142
5220,5220,5220
6116,6116,6116
3120,3120,3120
2100,2100,2100
6136,6136,6136
5521,5521,5521
9240,9240,9240
7770,7770,7770
1000,9315,9800
3510,3510,3510
5930,5930,5930
6110,6110,6110
6129,6129,6129
5360,5360,5360
5340,5340,5340
3120,5920,5920
7720,7720,7720
7790,7790,7790
7400,7321,7321
6332,6332,6332
5170,5170,5170
8810,6332,6332
8300,7600,7600
5530,5530,5530
5911,5911,5911
5910,5910,5910
5940,7360,5940
6300,6320,6320
7310,7310,7310
5350,5350,5350
5570,5570,5570
7010,7010,7010
7710,7710,7710
7402,7402,7402
7740,7740,7740
7900,7900,7900
5310,5310,5310
7610,7610,7610
6333,6333,6333
7560,7560,7560
7310,7310,7310
7360,7360,7360
4114,4114,4114
7402,7402,7402
7430,5520,5520
7565,7565,7565
4114,4114,4114
7403,7403,7403
7405,7405,7405
5600,5600,5600
5911,5911,5911
9400,9400,9400
7110,7110,7110
7735,7735,7735
7430,7430,7430
7450,7430,7430
7402,7402,7402
5420,9230,9230
7440,7440,7440
6135,6135,6135
7740,7740,7740
7360,7360,7360
5521,5521,5521
7110,7110,7110
9500,9510,9510
7360,7360,7360
6110,6110,6110
6410,6410,6410
3400,3400,3400
5940,5940,5940
7430,7430,7430
7470,5920,5920
4010,5200,5200
6114,6114,6114
5911,5911,5911
5940,5360,5360
7010,7010,7010
4111,4111,4111
6113,5120,5120
7565,7565,7565
2200,2200,2200
6300,6118,6110
6110,6110,6110
5430,5430,5430
6332,6332,6332
4240,4240,4240
7403,7403,7403
7780,7780,7780
6250,6250,6250
4020,4020,4020
9600,9600,9600
5531,5531,5531
6114,6114,6114
6333,6333,6333
8220,8220,8220
5420,5420,5420
7770,7770,7770
4210,4210,4210
7730,7740,7740
6126,6126,6126
5360,7200,7200
6111,6111,6111
5937,5937,5937
4220,4220,4220
7440,7440,7440
5126,5126,5126
5531,5531,5531
6320,6430,6333
6118,6118,6118
3110,3110,3110
9600,9600,9600
5932,5932,5932
6110,6110,6110
7740,7740,7740
5930,5930,5930
8500,8500,8500
7735,7735,7735
5163,5163,5163
7420,7420,7420
2800,7500,9120
4210,4210,4210
2100,5410,5410
7110,7110,7110
6320,6320,6320
9312,1130,1130
5240,5360,5360
9315,5210,4000
7580,7580,7580
6405,6405,6405
7210,7210,6540
6118,6118,6118
6111,6111,6111
5921,5921,5921
5911,5911,5911
9330,9330,6550
8200,9500,9500
2910,2910,2910
4112,4112,4112
5930,5931,5931
6114,6114,6114
8740,8740,8740
7380,7380,6510
7500,9800,9314
6320,6320,6320
5210,5210,5210
4210,4210,4210
6420,6420,6420
5936,5936,5936
3500,3500,3500
7360,7360,7360
9600,9312,9312
5200,5200,5200
5360,5360,5360
7403,7403,7403
5146,5146,5146
5530,5530,5530
8310,8300,8300
5532,5532,5532
3400,3400,3400
9311,9500,9500
3800,3800,3800
7120,7120,7120
4114,4114,4114
6420,9230,9230
6332,6330,6330
6500,6500,6500
7440,7440,7440
5911,5911,5911
6114,6114,6114
5210,5210,5210
7402,7402,7402
3120,3120,3120
4114,4114,4114
7440,7440,7440
9320,6280,9300
5360,5360,5360
5340,5340,5340
6332,6332,6332
7010,8160,8160
5532,5532,5532
6320,6320,6320
6333,6333,6333
6128,6120,6120
6460,6460,6460
5550,5550,5550
5310,5310,5310
5830,5830,5830
5520,5521,5521
6405,6405,6405
9230,9230,9230
9220,6333,9220
5920,5920,5920
4111,4111,4111
5410,5410,6421
6250,6250,6250
3110,3110,3110
7110,7110,7110
7740,7740,7740
4110,4110,4110
5940,5940,5940
4130,4130,4130
6530,9400,9400
7450,7450,7450
5921,5921,5921
4113,4113,4113
5230,5230,5230
7210,7200,7200
5210,5210,5210
6333,6333,6333
9220,9220,9220
7430,7430,7430
9311,5540,5540
5360,5360,5360
6119,6119,6119
5140,5140,5140
6430,9510,9510
5360,5560,5560
1140,9500,9500
6135,6130,6130
7735,7735,7735
7430,7430,7430
6135,6135,6135
7510,7510,7510
5142,5142,5142
5210,5210,5210
7010,7010,7010
5930,5930,5930
7210,7210,7210
5911,5911,5911
3100,3100,3100
3210,3210,3210
5120,5120,5120
6440,6440,6440
5911,5911,5911
7110,7110,7110
8160,8160,8160
6280,6280,6280
3500,3500,3500
5310,5310,5310
6333,6333,6333
5910,5910,5910
5120,5120,5120
5530,5530,5530
7720,9230,9230
8220,8220,8220
6280,5700,5700
7360,7360,7360
6260,6430,6430
5167,6137,6130
7740,5911,5911
2200,2200,2200
7340,7340,7340
7360,7360,7360
5360,5360,5360
5162,5162,5162
7820,7820,7820
4210,4210,4210
6430,9240,9240
7402,7402,7402
8330,7600,7600
5921,5921,5921
5700,5700,5700
7480,7480,7480
4020,4020,4020
5600,5600,5600
6440,6440,6440
5920,5920,5920
6114,6114,6114
4700,4700,4700
9314,1300,7010
7120,7120,7120
5920,5920,5920
2800,2800,2600
7440,7440,7440
5910,5910,5910
0,0,0
5911,5911,5911
6333,6333,6333
5340,5340,5340
5210,5210,5140
7750,7750,7750
9315,9311,9315
6333,6333,6333
4111,4111,4111
6333,6333,6333
9220,9220,9220
6510,5910,9240
6333,6333,6333
8220,8220,8220
1140,1140,1140
1230,1130,1130
7740,7740,7740
1230,1230,1230
7735,7735,7735
2200,2200,2200
7730,7730,7730
6320,6320,6320
8221,7480,7480
8220,8220,8220
1240,9800,9800
5940,7730,7730
7120,7120,7120
9315,9315,9315
6118,6118,6280
4113,4113,4113
4115,4115,4115
9311,7810,9311
9800,9800,9800
7012,7012,7012
6111,6111,6111
4130,4130,4130
3110,3110,3110
5332,5332,5332
5910,5910,5910
4111,4111,4111
9500,9500,9500
7430,7430,7430
9315,9315,9315
9320,9320,9320
6117,6110,6110
5920,5920,5920
7735,7735,7735
6333,6333,6333
7505,7505,7505
5830,5170,7010
7430,7430,7430
7403,7403,7403
4020,4020,4020
9240,9240,9240
6134,6134,6134
9500,9500,9500
5340,5340,5340
2400,2400,2400
6320,6320,6320
9400,9400,9400
4240,4240,4240
6320,6320,6320
6126,6126,6126
7360,7360,7360
7440,5520,5520
7350,7350,7350
7430,7430,7430
8400,8400,8400
9500,9500,9500
9400,9400,9400
9400,9400,9400
7720,7720,7720
5560,5560,5560
5910,5430,5430
3120,3120,3120
5910,5910,5910
7405,7405,7405
6135,6135,6135
7440,7440,7440
2300,2300,2300
4113,4113,4113
7020,7020,7020
2910,2910,2910
5921,5921,5921
6332,6332,6332
8330,8330,8330
6270,6510,6510
7790,6405,6405
6333,6333,6333
3900,3900,3900
7565,7565,7565
9130,9130,9130
7405,7405,7405
7720,7720,7720
7595,7595,7595
9400,9100,9320
7450,7450,7450
5921,5921,5921
5310,5310,5310
5932,5932,5932
5350,6270,5350
7600,7600,7600
6310,6310,6310
9360,9360,9360
9311,9311,9311
5940,5940,5940
5930,5930,5930
5570,5570,5570
6110,6110,6110
6126,6126,6126
5911,5911,5911
7403,7403,7403
5164,5164,5164
5210,5210,5210
8730,8730,8730
7000,5210,5210
4700,4700,4700
2200,2200,2200
5910,5910,5910
8500,8500,8500
5911,5911,5911
8830,8830,8830
5911,4111,4111
5520,5520,5520
6119,6119,6119
5210,5210,5210
5932,5932,5932
5172,5172,5172
5200,5200,5200
6124,6124,6124
5350,6332,6332
5210,5210,5210
6450,6440,6440
7120,7120,7120
7565,9400,9230
5520,5520,5520
2200,2200,2200
6320,6320,6320
5911,5911,5911
4240,4240,4240
6420,6420,6420
5933,5933,5933
7550,7550,7550
6114,6114,6114
3110,3010,7550
5520,5520,5520
2200,2200,2200
8400,8400,8400
6332,6330,6330
6124,6124,6124
7110,7110,7110
6139,6139,6139
8400,8400,8400
2700,2700,2700
5532,5532,5532
7012,7012,7012
5940,5940,5940
5920,5920,5920
2200,2200,2200
4113,4113,4113
7780,7780,7780
3110,3110,3110
7405,7405,7405
5830,5830,5830
5164,5164,5164
7570,7570,7570
6540,7600,6333
5142,5142,5142
7550,7550,7550
6333,6333,6333
6116,6116,6116
6113,6113,6113
5210,5210,5210
6540,7800,7800
6333,6333,6333
7721,7721,7721
9120,9120,9120
5930,5930,5930
5934,5934,5934
6117,6117,6117
5930,5930,5930
7430,7440,7440
1130,1130,1130
5910,5910,5910
8160,8160,8160
7402,7402,7402
7322,7322,7322
5530,5530,5530
5210,5210,5210
6136,6136,6136
6440,6440,6440
5920,5920,5920
5940,5940,5940
9311,9311,5910
7565,7565,7565
6270,6280,6280
5911,5911,5911
5920,5920,5920
7405,7405,7405
2600,2600,2600
5925,5925,5925
2200,2400,2400
3010,3010,3010
4240,4240,4240
3500,3500,3500
7402,7402,7402
5210,5210,5210
7750,7750,7750
5200,5200,5200
7470,7470,7470
9600,9600,9600
5410,5410,5410
4210,4210,4210
0,0,0
7360,7360,7360
7430,7430,7430
7400,7740,7740
6250,6210,6210
7500,9311,9311
5000,6117,6117
4300,4300,4300
3900,3900,3900
7520,7520,7520
7500,5210,5210
7402,7402,7402
7220,7220,7220
3010,9600,9600
6333,6280,6280
5910,5910,5910
6135,6135,6135
5210,5210,5210
7110,7110,7110
7440,7440,7440
6320,6320,6320
7730,7730,7730
5930,5932,5932
7440,7440,7440
7440,7440,7440
7480,7480,7480
7321,7321,7321
9600,9600,9600
7440,7440,7440
7010,6421,5530
5200,5200,5200
7750,7750,7750
2100,2100,2100
5340,5340,5340
5911,5911,5911
7200,7200,7200
7440,7440,7440
9100,6330,6330
6300,6320,6320
9315,9400,9400
7546,6410,5520
5700,5700,5700
2200,2200,2200
4113,4113,4113
4210,4210,4210
5310,5310,5310
3500,3500,3500
5360,5360,5360
6320,5340,5700
7740,7740,7740
6117,6117,6117
4114,4114,4114
9130,5340,5340
5200,5200,5200
5143,5143,5143
8160,7011,7011
9320,9320,9320
7430,7430,7430
5933,5933,5933
7565,7565,7565
5936,5936,5936
7402,7402,7402
5230,5230,5230
2400,2400,2400
6120,6120,6120
2700,2700,2700
5210,5210,5210
7710,5550,5550
6333,6333,6333
4700,4700,4700
9400,9240,9400
7360,7360,7360
3500,3500,3500
5521,5521,5521
7480,7480,7480
7600,7600,7600
5533,5530,5530
9316,9316,9316
4310,5910,5910
5830,5830,5830
7200,7200,7200
9800,9800,9800
5200,5200,5200
7600,7600,7600
5430,5430,5430
6139,6139,6139
7310,7310,7310
3510,3510,3510
6125,6125,6125
5700,5700,5700
9400,9400,9400
5925,5925,5925
5210,5200,5200
6114,6114,6114
7403,7403,7403
4210,4210,4210
7430,7430,7430
9315,9315,9315
8400,8400,8400
6300,6300,6300
5350,5350,5350
3510,3510,3510
2700,2700,2700
3100,3100,3100
9210,9210,9210
9233,9233,9233
7430,7430,7430
5143,5143,5143
8820,8820,8820
6330,6280,6280
3210,3210,3210
5141,5141,5141
4118,4118,4118
5332,5332,5332
5340,5340,5340
8400,8400,8400
5150,5150,5150
9500,9500,9500
6112,6112,6112
5930,5932,7310
7565,7565,7565
6332,6332,6332
6320,6320,6320
7430,7430,7430
6530,6530,6530
5930,9330,7130
7011,7011,7011
7420,7420,7420
5210,5210,5210
5220,5220,5220
7360,7360,7360
4110,7450,7450
6136,6136,6136
5910,5910,5910
7610,7610,7610
6333,6333,6333
9120,9120,9120
5940,5940,5940
5530,5530,5530
7740,7740,7740
5550,5550,5550
5160,5160,5160
6430,6430,6430
5920,5920,5920
5145,5145,5145
6333,6333,6333
7595,9500,9500
7420,7420,7420
9315,9315,9315
7720,7720,7720
6333,6333,6333
5360,5360,5360
5200,5200,5200
9312,9312,9312
7450,7450,7450
5120,5120,5120
5936,5936,5936
1130,1130,1130
6119,6119,6119
6530,6530,6530
6121,6121,6121
7440,7440,7440
7440,7440,7440
9350,9350,9350
7450,7450,7450
7580,7580,7580
7402,7402,7402
7620,7620,7620
5121,5121,5121
8400,8400,8400
5420,5420,5420
0,0,0
7545,5930,5930
5830,5830,5830
5410,5410,5410
7404,7404,7404
6530,6530,6530
8160,8160,8160
6332,6332,6332
6450,9330,9600
7440,7440,7440
5921,5921,5921
6320,6320,6320
5210,5210,5210
7360,7360,7360
9800,9315,9315
7740,9311,9311
5141,5141,5141
6332,6332,6332
6550,6420,6420
6126,6126,6121
5420,5420,5420
9235,9235,9235
5920,5920,5920
9400,9400,9400
9240,6430,7600
6320,6320,6320
4400,4400,4400
9600,1140,1140
5870,5870,5870
5521,5521,5521
7570,7570,7570
4240,4240,4240
5200,5200,5200
4130,4130,4130
0,5126,5126
6415,6415,6415
5170,5170,5170
5911,5911,5911
7540,6332,7540
5930,5932,9311
5172,5172,5172
5210,5210,5210
9240,5930,8160
7560,7560,7560
5210,5210,5210
7310,7330,7330
6110,6110,8160
7402,7402,7402
7210,7210,7210
7735,7735,7735
7710,7710,7710
9130,9130,9130
4111,4111,4111
5210,5210,5210
9315,9315,9315
5420,5420,5420
9130,9240,9240
7440,7440,7440
6510,6510,6510
7770,7770,9230
6116,4114,7402
7550,7550,7550
9320,9320,9320
7820,7820,7820
7500,7500,7500
9330,5210,5210
7740,7455,7455
6130,6130,6130
4240,4240,4240
3210,3210,3210
6320,6320,6320
5920,5920,5920
5142,5142,5142
7110,7110,7110
8840,8840,8840
5210,5210,5210
4117,4117,4117
7403,7403,7403
7210,7210,7210
7560,7560,7560
9130,9130,9130
7210,7210,7210
4111,4111,4111
5210,5210,5210
6118,6118,6118
7520,7520,7520
6124,6110,6114
5911,5911,5911
6117,6117,6117
5932,5932,5932
4111,4111,4111
7330,7740,7330
5910,5910,5910
3500,3500,3500
6119,6119,6119
3340,3340,3340
6120,6120,6120
5521,5521,5521
6134,5166,5166
3500,3600,3600
9350,9350,9350
5910,5910,5910
7440,7440,7440
7800,7800,7800
6320,6320,6320
4000,4000,4000
8130,8130,8130
6129,6129,6129
9800,5530,5530
7430,9800,9800
6114,6114,6114
5531,5531,5531
6135,6135,6135
5925,4111,4111
6320,6320,6320
5921,5921,5921
6100,5110,6112
9500,9310,9400
3310,3310,3310
7400,7400,7400
9240,9500,9400
5700,5700,5700
5340,5340,5340
7450,7450,7450
5911,5911,5911
8140,8130,8130
7440,7440,7440
6118,6118,6118
9230,9230,9230
7720,7720,7720
3900,3900,3900
6320,6320,6320
5911,5911,5911
7450,7450,7450
7420,7420,7420
9240,9240,9240
5210,5210,5210
5210,5210,5210
7500,7500,7500
7210,7210,7210
7360,7360,7360
7011,7010,7010
6440,6440,6440
5360,5360,5360
3900,3900,3900
7740,7740,7740
5140,5140,5140
7403,7403,7403
3210,3210,3210
6111,6111,6111
5920,5920,5920
7720,7720,7720
5700,5340,5340
7403,7403,7403
7420,7420,7420
4000,5860,7450
5910,5910,5910
6136,6136,6136
4113,4113,4113
5933,5932,5932
6400,5350,5350
7510,7510,7510
7430,7480,7480
9400,9400,9400
6320,6320,6320
4210,4210,4210
7550,7550,7550
7220,7220,7220
5340,5340,5340
7720,7720,7720
7730,7730,7730
3100,3100,3100
7405,7405,7405
6280,6280,6280
7750,7750,7750
7600,7600,7600
5931,5931,5931
7402,7402,7402
9314,9314,9314
7210,7210,7210
5850,6510,6510
6530,6230,6230
5600,9130,9130
5911,5911,5911
9312,6450,9315
2200,2200,2200
7120,7120,7120
5930,5930,5930
5330,5330,5330
5521,5521,5521
5360,5360,5360
3210,3210,3210
2700,2700,2700
5911,5911,5911
4118,4118,4118
7100,7100,7100
5910,5910,5910
9312,5150,5150
5600,5600,5600
7565,7565,7565
6118,6118,6118
5130,5130,5130
7110,7110,7110
7440,7440,7440
9600,9600,9600
6530,6530,6530
6333,6333,6333
3120,3120,3120
5930,5930,5930
2910,2910,2910
5700,5700,5700
8400,8400,8400
7405,7405,7405
5532,9500,9500
5210,5210,5210
5936,5936,5936
4111,4111,4111
9500,9500,9500
4113,4113,4113
9800,9800,9800
6131,6131,6131
4210,4210,4210
5200,9400,5200
2200,2200,2200
6280,6510,6510
5936,5936,5936
6111,6111,6111
6410,6410,6410
6320,6320,6320
7405,7405,7405
6333,6333,6333
7440,7440,7440
1140,9312,9312
5210,5210,5210
9600,9240,9240
9600,9600,9600
6135,6135,6135
5911,5911,5911
6117,6117,6117
6114,6114,6114
7735,7735,7735
5550,9800,9800
4111,4111,4111
6333,6333,6333
7720,7720,7720
6430,6430,6430
7120,7120,7120
4000,8330,8330
2400,2400,2400
7360,7360,7360
6550,9800,9800
8820,8820,8820
7450,7450,7450
7200,6440,6440
9330,9330,9330
5210,5210,5210
5200,5200,5200
7730,7730,7730
5940,5940,5940
7735,7735,7735
5500,5500,5500
5930,5933,5933
7830,7830,7830
9600,9600,2200
7550,7550,7550
6420,6420,6420
6320,6320,6320
7595,7595,7595
4111,4111,4111
7545,5910,7545
5930,5932,5930
7450,7450,7450
5200,5200,5200
4210,4210,4210
5700,5700,5700
5700,5700,5700
6310,6310,6310
3010,3010,3010
6333,6333,6333
7012,7012,7012
5700,5700,5700
8220,8220,8220
9130,9130,9130
5934,5934,5934
7565,7565,7565
7403,7403,7403
9800,9315,9315
6332,6332,6332
6135,6135,6135
7720,7720,7720
5450,5450,5450
7100,7100,7100
6000,6000,6000
5600,5600,5600
5938,5938,5938
6540,6440,6460
4116,5920,5920
6230,6230,6230
5700,5700,5700
7500,7820,7820
2600,2600,2600
3110,3110,3110
7402,7402,7402
6118,6118,6118
7110,7110,7110
5120,5120,5120
7430,7430,7430
5172,5172,5172
4020,4020,4020
4115,4115,4115
3020,9130,9130
7440,7440,7440
5340,5340,5700
7455,7455,7455
5940,5940,5940
7560,7560,7560
5920,5430,5430
6112,6112,6112
8400,8400,8400
3510,3510,3510
5910,5910,5910
7430,7430,7430
1000,9310,9310
4210,4210,4210
7440,7440,7440
7560,7560,7560
7780,7780,7780
7420,7420,7420
4110,7565,7565
7110,7110,7110
4240,4240,4240
3500,3500,3500
7450,9510,9510
5921,5921,5921
7740,7740,7740
5340,5340,5340
7402,7402,7402
7420,7420,7420
5921,5921,5921
7550,7550,7550
5840,6116,6116
9233,9233,9233
7565,7565,7565
7780,7780,7780
7360,7360,7360
7440,7440,7440
6112,6112,6112
7405,7405,7405
6333,6333,6333
2100,2100,2100
7360,7360,7360
9312,9312,9312
5700,5700,5700
6333,6333,6333
9600,9600,9600
4220,4220,4220
7900,7900,7900
7740,7740,7740
9235,9230,9230
7390,7390,7390
6430,6430,6430
9600,9600,9600
7430,7430,7430
4020,4020,4020
7120,7120,7120
7300,7300,7300
6550,6550,6550
7405,7405,7405
9311,6127,6530
6320,6320,6320
3500,3500,3500
7210,7210,7210
7900,7900,7900
8840,8840,8840
7200,7200,5560
3500,3500,3500
5174,5174,5174
7550,7550,7550
7110,7110,7110
4117,4117,4117
9315,9315,9315
5830,5830,5830
7210,7210,7210
7430,7430,7430
6440,6440,6440
6332,6332,6332
9400,5700,5700
5170,5600,5600
7210,7210,7210
5700,5700,5700
5560,5560,5560
7430,7430,7430
7440,7440,7440
7420,7420,7420
7321,7321,7321
7440,7440,7440
6110,5120,5120
7721,7721,7721
6333,7200,6333
5521,5521,5521
3010,3010,3010
7810,7810,7810
6333,6333,6333
9320,9320,9320
5911,6333,6333
5936,5936,5936
7550,7550,7550
7200,7200,7200
7740,7740,7740
6260,6260,6260
7520,7520,7520
6116,6116,6116
7840,9220,9220
6110,6110,6110
7360,7360,7360
9310,9510,9510
8400,8400,8400
7340,7340,7340
4130,4130,4130
7402,7440,7440
5911,5911,5911
7402,7402,7402
7440,7440,7440
7200,7010,6440
6430,6420,6420
5932,5932,5932
7450,7450,7450
5910,5910,5910
6530,9400,9400
7520,7520,7520
6114,6114,6114
7740,7740,7740
7700,7300,7300
6126,6126,6126
5510,5940,5940
8310,8310,8310
3100,3100,3100
7810,7810,7810
7440,7440,7440
4020,4020,4020
9720,1120,9700
7740,7740,7740
5200,5200,5200
9600,9600,9600
7110,7110,7110
4200,4210,4210
7450,7450,7450
5120,5120,5120
1230,1230,1230
2700,9314,9314
9313,9600,9600
7520,7520,7520
7450,7450,7450
6270,6270,6270
7403,7403,7403
5420,5420,5420
7321,7321,7321
6333,5600,5600
5350,5350,5350
7721,7721,7721
7360,7360,7360
7720,7720,7720
7405,7405,7405
9230,9230,9230
7010,6430,6430
5200,5200,5200
9600,9600,9600
9600,9600,9600
9220,9220,9220
6421,9315,6421
6200,7020,7020
5600,5600,5600
1220,1220,1220
4700,4700,4700
7790,7790,7790
8300,8300,8300
7550,9350,9350
5533,5533,5533
5911,5911,5911
7350,7350,7350
7310,7330,7330
7405,7405,7405
8830,8830,8830
5127,5127,5127
5940,5940,5940
8300,8300,8300
2200,2200,2200
8730,8730,8730
5940,5940,5940
6310,6310,6310
7500,7500,7500
9600,9600,9600
6210,6210,6210
7736,7736,7736
6110,6110,6110
5210,5210,5210
4020,4020,4020
2200,2200,2200
1140,9600,9600
7120,7120,7120
7736,7736,7736
7120,7120,7120
7402,7402,7402
7565,7565,7565
6332,6333,6332
4200,4200,4200
6405,6405,6405
9510,9210,9210
5110,5110,5110
7440,7430,7430
6332,6332,6332
1120,5550,9400
4111,4111,4111
4130,4130,4130
9500,9310,9310
7403,7403,7403
5940,5940,5940
7403,7403,7403
6320,6320,6320
7740,7740,7740
5911,5910,9230
7420,7420,7420
4240,4240,4240
6111,6111,6111
8210,8210,8210
6116,6116,6116
4114,4114,4114
3110,3110,3110
5120,5120,5120
7455,7455,7455
8730,8730,8730
7780,7780,7780
9400,9400,9400
9312,9312,6332
7410,7410,7410
4010,4010,4010
6134,6134,6134
7440,7440,7440
7310,7300,7300
5230,5230,5230
7720,7720,7720
5210,5210,5210
7500,7500,7500
6118,6118,6118
6260,6460,6460
2200,2200,2200
2400,2400,2400
7800,7800,7800
8221,8221,8221
7820,7820,7820
6280,6280,6280
5700,5700,5700
7800,7800,7800
7550,7550,7550
6112,6112,6112
6333,6333,6333
2700,2700,2700
5200,5200,5200
5532,5532,5532
7210,7210,7210
4115,4115,4115
6111,6111,6111
3340,3340,3340
7010,7010,7010
5911,5911,5911
7010,7010,7010
7750,7750,7750
7400,7400,7400
7721,7721,7721
5145,5145,5145
4210,4210,4210
4114,4114,4114
7740,7740,7740
7545,7545,7545
4117,4117,4117
9320,9320,9320
5911,5911,5911
9220,5911,9220
7311,7311,7311
6333,6560,6560
2700,2700,2700
7440,7440,7440
5840,5840,5840
5911,5911,5911
5830,5830,5830
5160,5160,5160
5200,5200,5200
4120,4240,4240
6136,6136,6136
7405,7405,7405
6114,6114,6114
7510,7510,7510
6110,7030,7030
0,0,0
4240,4240,4240
9230,5340,9400
9311,9311,9311
9130,7550,7550
9600,9600,9600
7455,7455,7455
9800,7450,7450
5910,5910,5910
9800,9800,9800
9600,9600,9600
5911,5911,5911
5911,5911,5911
5142,5142,5142
7780,7780,7780
5531,5531,5531
7740,7740,7740
5911,5911,5911
9400,9210,9210
6110,6110,6110
7440,6332,5210
4130,2100,2100
6110,6110,6110
6300,6300,6300
9320,9600,9600
7110,7110,7110
5350,5350,5350
9400,9400,9400
5700,5700,5700
5532,5532,5532
8400,8400,8400
7520,7520,7520
7740,7740,7740
7565,7565,7565
2910,2910,2910
4117,4117,4117
7550,7550,7550
6430,9240,9240
7740,7740,7740
5350,5350,5350
9315,9315,9315
7440,7440,7440
7110,7110,7110
5911,5911,5911
7200,7200,7200
7550,7550,7550
4000,4000,4000
2200,2200,2200
4111,4111,4111
4115,4115,4115
5700,5700,5700
6320,6320,6320
7200,6280,6280
7402,7402,7402
4210,4210,4210
7440,7440,7440
7402,7402,7402
6126,6126,6126
6116,6116,6116
5520,5520,5520
5870,5870,5870
9210,9210,9210
7100,7100,7100
7740,7560,7740
6530,6530,6530
7720,7720,7720
5340,5340,5340
7760,5911,9230
5210,5210,5210
5420,2200,2200
6332,6332,6332
3500,3500,3500
5200,5200,5200
7820,7820,7820
4111,4111,4111
5911,5911,5911
6300,5360,5360
5911,5911,5911
7450,7450,7450
6132,6111,6111
7820,7820,7820
7401,7401,7401
5120,5120,5120
6420,7200,7200
7310,7310,7310
5200,5200,5200
6332,5200,5200
9500,9100,9100
7450,7450,7450
7740,7740,7740
5940,5940,5940
7402,7402,7402
7360,7360,7360
5210,5210,5210
9240,9130,9130
3210,3210,3210
7120,7120,7120
6430,6430,6430
5530,5530,5530
5200,5200,5200
4700,4700,5520
4010,4010,4010
5700,5700,5700
5200,5200,5200
6333,6333,6333
7405,7405,7405
7721,7721,7721
9400,5210,5210
6110,6110,6110
7360,7360,7360
6440,9240,9240
4240,4240,4240
7100,7100,7100
7550,7550,7550
5530,9312,9315
5932,5932,5932
7455,7455,7455
7323,7323,7323
7720,7720,7720
7500,7500,7500
8160,8160,8160
7900,7900,7900
3700,3700,3700
3510,3510,3510
7500,5520,5520
5930,5930,5930
6320,6320,6320
7450,7450,7450
9314,6430,9400
6333,6333,6333
5840,5840,5840
7600,7600,7600
4020,4020,4020
5920,9800,5430
5420,5420,5420
5940,5940,5940
5940,5940,5940
6116,6116,6116
9230,9230,9230
7560,7560,7560
5540,5540,5540
9240,9240,9240
7360,7360,7360
5930,5930,5930
6119,6119,6119
9240,9240,9240
6111,6111,6111
5920,5920,5920
7565,7565,7565
9800,9800,9800
3400,3400,3400
7546,7740,7740
5162,5162,5162
7402,7402,7402
5925,5925,5925
5230,5230,5230
5910,7560,7560
8150,8150,8150
7120,7120,7120
6200,6200,6200
7480,7480,7480
7110,7110,7110
7440,7600,7600
8110,8110,8110
5920,5920,5920
5910,5910,5910
9311,9311,9311
5940,5940,5940
8500,6100,8500
5933,5933,5933
8400,8400,8400
7420,7420,7420
5520,5520,5520
5145,5145,5145
9220,9220,9220
7405,7405,7405
7120,7120,7120
5560,5560,5560
6333,6333,6333
1120,9700,9700
7350,7350,7350
7120,7120,7120
9130,9130,9130
7750,7750,7750
7440,7440,7440
7780,7780,7780
5920,5920,5920
1300,6332,6332
4210,4210,4210
7020,7020,7020
5920,5920,5920
9312,9312,9312
6430,6430,6430
6110,6110,6110
3600,7430,7430
6333,6320,6320
7403,7403,7403
9130,9130,9130
6136,6136,6136
6116,6116,6116
5700,5700,5700
8700,7200,8720
3100,3100,3100
9800,9800,9800
7560,7560,7560
5540,5520,5520
6320,6320,6320
7300,7300,7300
5700,5700,5700
7310,7310,7310
4111,4111,4111
7830,7830,7830
5400,5400,5400
7402,7402,7402
7340,7340,7340
5530,5530,5530
3300,3300,3300
7120,7120,7120
5146,5146,5146
7000,7000,7000
6420,5910,5910
5420,5420,5420
2700,2700,2700
9231,5200,5200
7440,7440,7440
3210,3210,3210
7404,7404,7404
4210,4210,4210
7480,7480,7480
7440,7430,7430
5911,5911,5911
4400,4400,4400
6300,6320,6320
5550,5520,5550
7420,7420,7420
6560,6560,6560
5520,9311,9311
5350,5350,5350
7403,7403,7403
3110,3110,3110
8221,7420,7420
3110,3110,3110
5172,5172,5172
5172,5172,5172
8730,8730,8730
9240,9240,9240
6117,6117,6117
5570,1230,1230
7440,7440,7440
5940,5940,5940
5210,5210,5210
9233,9233,9233
4020,4020,4020
7020,7020,7020
7430,7430,7430
5911,5911,5911
6119,6119,6119
3110,3110,3110
6136,6136,6136
5911,5911,5911
7120,7120,7120
7403,7403,7403
5210,5210,5210
5911,5911,5911
7440,7440,7440
5210,9311,9311
9240,9130,9130
7560,7560,7560
6118,6118,6118
5532,5532,5532
5200,5200,5200
7740,7740,7740
5560,5560,5560
5172,5172,5172
6333,6333,6333
3110,3110,3110
6430,6430,6430
6114,6114,6114
5870,5870,5870
7120,7120,7120
6320,1140,6320
6405,6405,6405
7501,7600,7600
6421,5360,5360
3210,3210,3210
6111,6111,6111
9120,9120,9120
1230,1230,1230
5920,5920,5920
7340,7340,7340
7450,7450,7450
5910,5910,5910
6126,6126,6126
7200,7200,7200
4400,4400,4400
6116,6116,6116
6110,6110,6110
7210,7210,7210
7210,7210,7210
3510,3510,3510
6333,6333,6333
6320,5420,5420
7810,7810,7810
5410,7740,7740
5530,5530,5530
5911,5911,5911
6114,6114,6114
5210,5210,5210
9800,9800,9800
5940,5940,5940
4220,4220,4220
5142,5142,5142
7545,7545,7545
8100,5700,5700
7450,5910,7450
7450,7450,7450
9315,9110,9110
7550,7550,7550
5200,5200,5200
5700,5700,5700
8840,8840,8840
2200,2200,2200
7120,7120,7120
9100,9100,9100
5920,5920,5920
7450,7450,7450
5210,5210,5210
4220,4220,4220
8700,8700,8700
9314,9314,9314
5911,5911,5911
4115,4115,4115
6320,6320,6320
4210,4210,4210
7405,7405,7405
7403,7403,7403
6114,6114,6114
3500,3500,3500
6114,5600,9400
6112,6112,6112
4114,4114,4114
5550,6250,6250
6440,6440,6440
9330,9330,9330
5141,5141,5141
6332,6332,6332
7740,7740,7740
7480,7480,7480
3100,7550,9130
7403,7403,7403
5910,5910,5910
5145,5145,5145
5160,5160,5160
6320,6320,6320
7565,7565,7565
7360,7360,7360
5910,5910,5910
7800,7430,9400
7900,7900,7900
7780,7780,7780
7400,4111,4111
5921,5921,5921
6111,6111,6111
7550,7550,7550
4210,4210,4210
5911,5911,5911
3500,3500,3500
8210,8210,8210
6126,6126,6126
6110,6110,6110
7120,7120,7120
2200,2200,2200
9600,9600,9600
6126,6126,6126
7120,7120,7120
9311,9311,9311
7455,5910,5910
6116,6116,6116
7550,7550,7550
7110,7110,7110
7730,7730,7730
7440,7440,7440
7600,9330,9330
7780,7560,7560
7020,7020,7020
6430,9120,9120
7311,7311,7311
5910,5910,5910
7560,7560,7560
4112,4112,4112
9233,9233,9233
0,0,0
4113,4113,4113
7740,7740,7740
6540,6540,6540
5440,5440,5440
4210,4210,4210
7440,7440,7440
7402,7402,7402
4210,4210,4210
5210,5210,5210
5830,5830,5830
7440,7440,7440
7210,7210,7210
7760,7760,7760
5910,5910,5910
7430,7430,7430
6460,6460,6460
6280,6280,6280
5911,5911,5911
6420,6420,6420
7440,7440,7440
7560,7560,7560
4240,4240,4240
7480,7480,7480
6117,6117,6117
6333,6333,6333
5160,5160,5160
6110,6110,6110
2700,2700,2700
6117,6117,6117
6120,6120,6120
8140,8140,8140
5911,5911,5911
6126,6126,6126
7550,7550,7550
5170,5170,5170
7360,7360,7360
8160,8160,8160
3210,3210,3210
7110,7110,7110
7300,8160,8130
7403,7403,7403
5200,5200,5200
3110,3110,3110
5420,6333,6333
5911,5911,5911
9600,9600,9600
4115,4115,4115
7405,7405,7405
8400,5200,5200
7110,7110,7110
7120,7120,7120
5360,5210,5210
6110,6110,6110
7600,7600,7600
5340,5340,5340
7120,7120,7120
7620,7620,7620
7770,7770,7770
5210,5210,5210
1230,1230,1230
5830,5830,5830
8850,8850,8850
9400,9400,9400
7565,7565,7565
6121,6121,6121
6333,6333,6333
3300,3300,3300
6320,6320,6320
4020,4020,4020
7011,7011,7011
7440,7440,7440
3400,3400,3400
6230,6230,6230
6320,6320,6320
5570,5570,5570
5940,5940,5940
7820,5530,7820
7740,7740,7740
5143,5143,5143
7010,7010,7010
7430,7430,7430
8500,8500,8500
5320,5320,5320
7110,7120,7120
9312,9312,9312
7720,7720,7720
7405,7405,7405
5910,5911,5911
6333,6333,6333
5934,5934,5934
7402,7402,7402
5910,5910,5910
7900,7900,7900
5911,5911,5911
0,0,0
3400,3400,3400
7011,8130,8221
7600,7600,7600
5350,5350,5350
6130,6130,6130
5910,5910,5910
9200,8220,8220
3120,3120,3120
7120,7120,7120
5910,5910,5910
5940,5940,5940
4020,4020,4020
5350,5350,5350
8840,8840,8840
6126,6126,6126
7736,7736,7736
2300,2300,2300
6540,6540,6540
6119,6119,6119
5937,5937,5937
7780,7780,7780
6510,6117,6117
6250,6250,6250
9800,9800,9800
7550,7550,7550
3700,3700,3700
7720,7720,7720
4020,4020,4020
5910,5910,5910
6320,6320,6320
7430,7430,7430
6333,6333,6333
7200,5210,7200
5940,5940,5940
5110,5110,5110
5700,5700,5700
4100,7450,7450
7440,7440,7440
5933,5933,5933
5940,5940,5940
8100,8100,8100
9400,9400,9400
7480,7480,7480
7450,7450,7450
6210,5410,5410
6136,6136,6136
4240,4240,4240
4113,4113,4113
3800,3800,3800
5910,5910,5910
6421,6421,6421
9800,9800,9800
5520,5520,5520
7390,7390,7390
5920,5920,5920
5600,5600,5600
8730,8730,8730
7200,7200,7200
5120,5120,5120
5940,5940,5940
6111,6111,6111
9500,9500,9500
7210,7210,7210
6117,6117,6117
7450,7401,7401
6440,6440,6440
5925,5925,5925
7330,7300,7300
5932,5932,5932
7311,7311,7311
6333,6333,6333
4113,4113,4113
7321,7321,7321
8800,5932,5932
5230,5230,5230
9330,9330,9330
8230,8210,8210
9800,9800,9800
9312,7010,7010
6421,6421,6421
5936,5936,5936
5911,5911,5911
6117,6117,6117
7440,7440,7440
5920,5920,5920
9214,9214,9240
4150,7550,7550
5910,5910,5910
9320,9320,9320
5540,9315,9315
7340,7340,7340
5910,5910,5910
5410,5410,7520
5350,5350,5350
6333,6333,6333
5600,5600,5600
5935,5940,7770
6430,6430,6430
6333,6333,6333
5330,5330,5330
6110,6110,6110
4700,4700,4700
7405,7405,7405
4210,4210,4210
5933,5933,5933
5934,5934,5934
6111,6111,6111
7440,7440,7440
5200,5700,7730
7450,4113,4113
5920,5920,5920
2200,9233,5911
5910,5910,5910
5340,5340,5340
9400,9400,9400
7012,7010,7010
4114,4114,4114
5220,5410,5410
7505,7505,7505
5350,5810,5810
7720,7720,7720
7550,7550,7550
6135,7200,7200
7430,7430,7430
7530,7530,7530
4020,4020,4020
7770,7770,7770
6320,6320,6320
3900,9315,9315
7550,7550,7550
7820,7820,7820
6110,6110,6110
6126,6126,6126
5700,5700,5700
9233,9233,9233
5140,5140,5140
9600,9600,9600
7311,7311,7311
7450,7450,7450
5530,5530,5530
7735,7735,7735
7820,7820,7820
4240,4240,4240
5910,5910,5910
8200,9231,9231
6126,6126,6126
5936,5936,5936
5910,5910,5910
7440,7440,7440
6320,6320,6320
5530,5530,5530
5532,5532,5532
7440,7440,7440
5530,5530,5530
5800,5840,5840
5920,5920,5920
5830,5830,5830
9313,9120,9120
3110,3110,3110
5360,5360,5360
3340,3340,3340
5550,5550,5550
5932,9400,9400
2700,2700,2700
2100,7200,7200
6430,6430,6430
6310,6310,6310
8160,8160,8160
4114,4114,4010
3800,3500,3500
7390,7390,7390
8850,8850,8850
4240,4240,4240
7800,7800,7450
7402,7402,7402
7402,7402,7402
9400,9400,9400
4700,4700,4700
9330,9211,9211
7730,7730,7730
6430,5530,5530
6333,6333,6333
7740,7740,7740
5171,5171,5171
7120,7120,7120
4111,4111,4111
6320,6320,6320
9800,9800,9800
5911,5911,5911
7780,9311,5520
9240,5940,5940
7440,7440,7440
7390,7390,7390
4200,4200,4200
9130,9120,9400
5146,5146,5146
9200,9400,2200
7710,7710,7710
6116,6116,6116
7010,7010,7010
3110,3110,3110
5340,5420,5360
5936,5936,5936
5936,5936,5936
6280,6280,6280
5420,5420,5420
7560,5910,7560
3210,3120,3120
5910,5910,5910
9240,9240,9240
6131,6131,6131
2200,9213,2200
6332,6332,6332
9350,7580,7580
3120,3120,3120
7403,7403,7403
5937,5937,5937
4700,5210,5210
3900,3900,3900
6333,6333,6333
7720,7720,7720
9120,9120,9120
7545,7545,7545
0,0,0
7480,7480,7480
7360,7360,7360
5940,5940,5940
7420,7420,7420
6415,6415,6415
6320,6320,6320
5533,5533,5533
5921,5921,5921
6333,6333,6333
7560,7560,7560
5700,5700,5700
7360,7360,7360
5911,5911,5911
9240,9240,9240
6117,6117,6117
6250,7200,6250
7450,7450,7450
6110,6110,6110
6100,6100,6100
7450,7450,7450
8160,9500,9500
6118,6118,6118
6118,6118,6118
5911,5910,5910
7450,7450,7450
4700,4700,4700
1230,1230,1230
6440,9800,9800
7440,7440,7440
9240,9240,9240
9311,9311,9311
7402,7402,7402
2500,2500,2500
6450,9400,9400
7200,7200,7200
6114,6114,6114
7600,7600,7600
5870,5870,5870
7010,7010,7010
6135,6135,6135
7410,7410,7410
7420,7420,7420
7430,7430,7430
3340,3300,3300
5210,5210,5210
5172,5172,5172
9330,9330,9330
7440,7440,7440
8220,8220,8220
5936,5936,5936
7110,7110,7110
7900,7900,7900
7600,7600,7600
7540,7540,7540
3400,3400,3400
6112,6112,6112
6112,6112,6112
4240,4240,4240
6332,6332,6332
4120,4120,4130
5600,5600,5600
7455,7455,7455
7735,7735,7735
6126,6126,6126
5840,5840,5840
7550,7550,7550
5340,7455,7455
7410,7410,7410
7402,7402,7402
8500,3500,8720
6430,6430,6430
7560,7560,7560
7560,7560,7560
7560,7560,7560
5936,5936,5936
5200,5200,5200
7110,7110,7110
5560,5560,5560
6300,4150,4150
6333,9311,9315
4111,4111,4111
3100,3100,3100
3110,3110,3110
7403,7403,7403
5936,5936,5936
6320,6320,6320
4210,4210,4210
5350,5350,5350
7735,7735,7735
8810,8810,8810
4700,5870,5870
5830,5830,5830
5911,5911,5911
6333,6333,6333
9400,4111,4111
9800,9315,9315
7360,7360,7360
4400,4400,4400
6116,6116,6116
3500,3500,3500
9230,5700,5700
7120,7120,7120
7360,7360,7360
6430,6430,6430
7810,7810,7810
9400,9400,9400
5830,7455,7455
5940,5940,5940
5120,5120,5120
4700,4700,4700
4220,4220,4220
5530,5530,5530
3010,3010,3010
6280,6310,6310
9700,9300,9300
7110,7110,7110
1230,1230,1230
5550,9500,9500
6320,6320,6320
2600,2600,2600
8500,8500,8500
4113,4113,4113
7403,7403,7403
6415,6415,6415
8850,8830,8830
6126,6126,6126
7520,7520,7520
9800,9800,9800
5560,7200,7200
5560,5560,5560
6530,6530,6530
5172,5172,5172
9320,9320,9320
5933,5933,5933
5930,5930,5930
2700,7550,7550
5932,5932,5932
6121,6121,6121
5531,5531,5531
7110,7110,7110
6100,6100,6100
7110,7110,7110
6131,6131,6131
9210,9210,9210
5200,5200,5200
6110,6110,6110
6119,6119,6119
6332,6332,6332
5936,5936,5936
5910,5910,5910
5911,5911,5911
7450,7450,7450
9710,9310,9310
9240,9240,9240
7710,7710,7710
5932,5932,7730
6121,6121,6121
8160,8160,8160
5120,5120,5120
7405,7405,7405
9400,9240,9240
1000,6131,6131
6126,6126,6126
7402,7402,7402
6117,6117,6117
5120,5120,5120
4114,4114,4114
6280,6280,6280
6430,6430,6430
5360,5360,5360
7440,7440,7440
3300,3300,3300
4240,4240,4240
5530,5530,5530
7730,7730,7730
7490,7490,7490
5210,5210,5210
6280,6280,6280
2300,4200,4200
7440,7440,7440
4114,4114,4114
7540,7540,7540
6333,6333,6333
5932,5932,5932
1130,1130,9300
4240,4240,4240
9240,5570,5570
8500,8500,8500
7750,7750,7750
9330,9330,9330
5936,5936,5936
7505,7505,7505
8860,9600,9600
9330,9330,9330
6126,6126,6126
6136,6136,6136
6320,6320,6320
7010,7010,7010
5870,5870,5870
9320,9320,9320
5940,5940,5940
9800,9800,9800
5330,5870,5870
7110,7110,7110
5531,5531,5531
7565,7565,7565
5171,5171,5171
9312,9240,9240
6135,6135,6135
3400,3400,3400
6120,6120,6120
5210,5210,5210
3400,3400,3400
5530,5530,5530
7350,7350,7350
7500,7500,7500
2100,2100,2100
4400,4400,4400
5120,5120,5120
9400,9400,9400
2100,2100,2100
7500,7500,7500
7400,7400,7400
5172,5172,5172
5164,5164,5164
6119,6119,6119
7200,7200,7200
4210,4210,4210
5600,5600,5600
6440,6440,6440
5173,5173,5173
7110,7110,7110
6270,6270,6270
8730,8730,8730
7740,7740,7740
0,0,0
4114,4114,4114
5530,5530,5530
7520,7520,7520
7450,7450,7450
7402,5931,7770
6117,6117,6117
9220,4117,4117
7740,5911,7740
5410,5410,5410
6135,6135,6135
8300,9311,6333
6135,6135,6135
4600,4600,4600
3110,3110,3110
5142,5142,5142
4113,4113,4113
7545,7545,7545
7220,7220,7220
3110,4116,4116
5936,5936,5936
5560,5560,5560
6400,6400,6400
9800,9120,9120
8320,8320,8320
7300,7310,7310
7450,7450,7450
6333,6333,6333
6333,6333,6333
7740,7740,7740
5230,5230,5230
5000,9314,9314
6332,6332,6332
4113,4113,4113
5171,5171,5171
4700,4700,4700
6116,6116,6116
9600,9600,9600
9311,9311,9311
5530,5530,5530
7420,7420,7420
6333,6333,6333
5146,5146,5146
5700,5700,5700
5921,5921,5921
5210,5210,5210
6420,5540,5540
5200,5200,5200
4210,4210,4210
7110,7110,7110
5141,5141,5141
5937,5937,5937
7520,7520,7520
4112,4112,4112
9720,7770,7770
2700,2700,5210
6300,7410,7410
5936,5936,5936
8810,8810,8810
5936,5936,5936
6118,6118,6118
1230,1230,1230
5910,5910,5910
6510,4111,4111
6540,6450,6450
6332,6332,6332
9600,9600,9600
4111,4111,4111
9600,9600,9600
7440,7440,7440
7740,7740,7740
3500,3500,3500
5830,5830,5830
5940,5940,5940
5510,5510,5510
5935,5935,5935
4112,4112,4112
9800,9800,9800
6280,6540,6540
7500,7500,7500
7740,7740,7740
6111,6111,6111
9120,9120,9120
4210,4210,4210
7600,7600,7600
8800,6280,8820
7321,7321,7321
6111,6110,6110
7200,7220,9400
7321,9600,7321
6126,6126,6126
6530,6530,6530
7403,7800,7800
7530,7530,7530
7350,7350,7350
6110,6110,6110
3100,3100,3100
4210,4210,4210
8210,8210,8210
7322,7322,7322
7740,7740,7740
5200,5200,5200
5830,5830,5830
2910,2910,2910
6110,6110,6110
7480,3120,3120
7545,7545,7545
9400,9400,9400
7360,7360,7360
5940,5940,5940
7360,7360,7360
7420,7420,7420
7735,7735,7735
5930,5930,5930
6333,6333,6333
6112,6112,6112
7735,7455,7455
8700,8700,8700
4115,4115,4115
5911,5911,5911
7430,7430,7430
9600,6250,6250
4111,4111,4111
6119,6119,6119
7750,7750,7750
9212,9212,9212
7790,7790,7790
6116,6116,6116
5120,5120,5120
4210,4210,4210
5550,9800,9800
6430,6420,6420
6135,6135,6135
5700,9231,9231
4111,4111,4111
3400,3400,3400
5500,5500,5500
5700,5700,5700
6270,6270,6270
8500,8500,8500
9230,9315,9315
5911,5911,5911
4210,4210,4210
6540,6530,6530
2800,2800,2800
6118,8820,8820
5172,5172,5172
9800,6333,9130
8160,8160,8160
7600,7600,7600
5936,5936,5936
2700,2700,2700
6117,5210,5210
2200,2200,2200
0,0,0
7210,6430,6430
6111,6111,6111
8700,9230,9230
7120,7120,7120
7400,7450,7450
6135,6135,6135
9211,3100,3100
6111,6111,6111
7380,7380,7380
9500,7500,7500
6421,6421,6421
6333,6333,6333
5940,5940,5940
9800,9800,9800
4700,4700,4700
7450,7450,7450
2700,2700,2700
7550,7550,7550
4114,4114,4114
7530,7530,7530
9220,9311,7520
7010,7010,7010
1130,1130,1130
9233,9233,9233
7900,7900,7900
8310,8310,8310
5210,5210,5210
7550,7550,7550
8810,8840,8840
7430,7430,7430
6117,6117,6117
7120,7120,7120
9312,7500,9230
9233,9800,9800
7721,7721,7721
7401,7401,7401
3120,3120,3120
7810,7810,7810
6134,6134,6134
9200,5000,5000
6111,6111,6111
4130,4130,4130
9700,9700,9700
7780,7780,7780
7403,7403,7403
7550,7550,7550
5940,5940,5940
6333,6333,6333
5145,5145,5145
9120,9120,9120
5911,5911,5911
6136,6136,6136
7450,7450,7450
7200,7200,7200
4118,4118,4118
3110,7403,7403
9400,9400,9400
5910,6110,6110
6540,6540,6540
5510,6333,6333
8330,8330,8330
4111,4111,4111
9500,9300,9300
3110,3110,3110
5145,5145,5145
7321,7321,7321
6136,6136,6136
7545,9400,7440
5911,5911,5911
7110,7110,7110
7440,7440,7440
5160,5160,5160
6116,3020,9400
7120,7120,7120
7520,2700,7520
5360,5360,5360
7200,7200,7200
5530,9800,9800
9240,6430,6430
4115,4115,4115
5166,5166,5166
5940,5940,5940
7012,7012,7012
5700,5700,5700
5910,5910,5910
7200,7200,7200
7360,7360,7360
7450,7450,7450
5210,5940,5940
8810,8810,8810
8820,8820,8820
6110,6110,6110
9310,9500,9500
7720,7720,7720
6430,6430,6430
9130,9130,9130
5210,5210,5210
9300,9300,9300
8820,8820,8870
6540,6540,6540
7720,7720,7720
5920,5920,5920
6430,6430,6430
6110,6110,6110
7430,7430,7430
6114,6114,6114
7740,7740,7740
6116,6116,6116
7403,7403,7403
4112,4112,4112
5932,5932,5932
7480,7480,7480
7360,7360,7360
7440,7440,7440
5910,5910,5910
2300,2300,2300
6332,6332,6332
3900,3900,3900
9800,9500,9500
7740,7740,5700
5920,5920,5920
5120,5120,5120
4113,4113,4113
3400,3400,3400
4240,4240,4240
6320,6320,6320
9233,9233,9233
6114,6114,6114
7402,7402,7402
5550,5550,5550
5936,5936,5936
3500,3500,3500
5230,5230,5230
7350,7350,7350
4240,4240,4240
6131,6131,6131
9800,9800,9800
5521,5521,5521
5830,5830,5830
6550,6550,6550
5200,5200,5200
7010,7010,7010
6332,5167,5167
6110,6110,6110
7200,7200,7200
6320,6320,6320
6135,6135,6135
5530,5530,5530
5150,5150,5150
9600,9600,9600
5700,5700,5700
4111,4111,4111
6120,6126,6126
2200,2200,2200
3110,3110,3110
7403,7403,7403
4210,4210,4210
7360,7360,7360
5700,5700,5700
5171,5171,5171
3400,3500,3500
7402,7402,7402
6332,6332,6332
6121,5130,5130
6430,6430,6460
7311,7311,7311
5600,5600,5600
7450,7450,7450
6119,6119,6119
1120,1120,6420
5141,5141,5141
6117,6117,6117
6332,6332,6332
8860,7310,7310
5550,5550,5550
7321,7321,7321
1230,1230,1230
4210,4210,4210
9800,9800,9800
6540,6540,6540
7440,7440,7440
4200,4200,4200
9220,9220,9220
4110,4115,4115
7403,7403,7403
5700,5700,5700
5500,5500,5500
6260,6260,6260
5360,5360,5360
7740,7740,7740
5410,5410,5410
7220,7220,7220
6430,7000,7000
5930,5930,5930
3510,3510,3510
9400,6530,6530
5142,5142,5142
6000,6000,6000
7550,7550,7550
5925,5925,5925
4210,4210,4210
7450,7450,7450
7403,7403,7403
7330,7330,7330
6250,5520,5520
6132,6132,6132
6139,6139,6139
7500,7500,7500
9235,9235,9235
5530,5530,5530
9300,1230,1230
7420,7420,7420
6405,6405,6405
7790,7790,7790
7402,7402,7402
6280,6280,6280
6332,6332,6332
4112,4112,4112
6260,6260,6260
4210,4210,4210
7430,7430,7430
7730,7730,7730
5911,5911,5911
5440,5360,5911
1230,1230,1230
6116,6116,6116
7740,7740,7740
5210,5210,5210
7505,7505,7505
8160,8160,8160
6126,6126,6126
9210,9400,9400
9311,3020,3020
5911,5911,5911
9400,9330,9330
5930,5930,5930
4114,4114,4114
9240,9240,9240
6300,6300,6300
7450,7450,7450
6415,6415,6415
7300,7300,7300
9311,9311,9311
7402,7402,7402
4111,4111,4111
6420,6430,6430
2700,6117,6117
4114,4110,4110
6270,6270,6270
9130,9130,9130
8800,8800,8800
5300,5360,5360
7820,7820,7820
8330,8330,8330
5911,5911,5911
5920,5920,5920
4220,4220,4220
5940,5940,5940
9400,6420,9240
7430,7430,7430
9800,9800,9800
7440,7440,7440
4300,4300,4300
7780,7780,7780
7200,7200,7200
4112,4112,4112
5910,5910,5910
6333,6333,6333
7402,7402,7402
7740,7740,7740
5340,5340,5340
7440,7440,7440
3510,3510,3510
7600,7600,7600
7403,7403,7403
7740,7740,7740
6116,6116,6116
6333,6333,6333
7403,7403,7403
6117,6117,6117
5570,5570,5570
5520,9315,9800
9600,9600,9600
7010,7010,7010
5121,5121,5121
5920,5920,5920
5910,5910,5910
0,0,0
7340,7340,7340
5210,9800,9800
5143,5143,5143
7402,7402,7402
6320,6320,6320
8160,8160,8160
7360,7360,7360
2700,2700,2700
7350,7350,7350
7360,7360,7360
6333,6333,6333
5932,5932,5932
5172,5172,5172
9130,9130,9130
6332,6332,6332
7360,7360,7360
7010,7010,7010
9231,9231,9231
6124,5931,6114
5910,5910,5910
4115,4115,4115
6280,6280,6280
7420,3320,3320
7010,7010,7010
5936,6333,5932
7740,7740,7740
5925,5925,5925
7450,7450,7450
5360,5360,5360
2200,2200,2200
6333,9315,9315
5510,5510,5510
7810,7810,7810
6333,6333,6333
7550,7550,7550
7820,7820,7820
5142,5142,5142
7402,7402,7402
7404,7404,7404
5530,7820,7820
5911,5911,5911
8400,8400,8400
7360,7360,7360
5164,5164,5164
7550,7550,7550
6117,6117,6117
7403,7403,7403
5937,5937,5937
8400,0,0
2200,2200,2200
9230,5910,5910
3500,3500,3500
8500,8500,8500
5910,5910,5910
8130,8130,8130
7350,7310,7310
5521,5521,5521
5930,5930,5930
1130,1130,1130
9210,9210,9210
7550,7550,7550
5520,5520,5520
3200,3200,3200
7735,7735,7735
6320,6320,6320
9230,9230,9230
7480,7480,7480
6540,7530,9240
5200,5200,5200
6131,6131,6131
7110,7110,7110
9240,9400,9400
3010,9330,9330
6333,6333,6333
7405,7405,7405
6333,6333,6333
5521,5521,5521
7450,7450,7450
7010,7010,7010
4111,4111,4111
9220,9220,9220
5174,5174,5174
6333,6333,6333
6550,6421,6421
7360,7360,7360
3400,3400,3400
4114,4114,4114
5360,5360,5360
6430,7020,7020
6131,6131,6131
5340,5340,5340
7721,7721,7721
7110,7110,7110
9240,9240,9240
7350,7350,7350
5911,5910,5910
9300,9300,9300
5940,5940,5940
5210,5210,5210
6405,9320,9320
7402,7735,7401
5430,5430,5430
7810,7810,7810
5700,5360,5360
7430,7400,6430
6280,6430,7020
8400,8400,8400
7360,7360,7360
7010,8160,8160
5936,5936,5936
3500,5800,5800
0,0,0
7550,7550,7550
9320,9320,9320
4240,4240,4240
4010,4010,4010
9230,9210,9210
5911,5911,5911
7120,7120,7120
9220,5940,5940
9500,9500,9500
9231,9231,9231
3210,3210,3210
5142,5142,5142
9315,9311,9311
8130,8830,8820
4111,4111,4111
7720,7720,7720
6111,6111,6111
7403,7403,7403
5521,5521,5521
2200,2200,2200
6405,9240,6200
3020,3020,3020
5230,5230,5230
7011,7011,7011
7501,7501,7501
7430,7430,7430
9231,9231,9231
7520,7520,7520
7120,7120,7120
5911,5910,5911
5410,5410,5410
7455,7455,7455
4220,4220,4220
6320,6320,6320
3300,3300,3300
2200,2200,2200
9400,9400,9400
5910,5910,5910
6421,6421,6421
5940,5940,5940
7020,7020,7020
5360,5360,5360
5937,5937,5937
7200,7200,7200
7300,7311,7311
5420,5420,5420
7550,7550,7550
6111,5120,5120
6230,6230,6230
7546,7546,7546
5921,5921,5921
7340,7340,7340
6320,6320,6320
6421,6421,6421
4200,4200,4200
7400,7430,7430
9312,9312,9312
5932,5932,5932
7430,7450,7450
2700,2700,2700
6117,6260,6260
0,0,0
7420,7420,7420
6415,6415,6415
3510,3510,3510
3510,3510,3510
7340,7340,7340
9240,9240,9240
4130,4130,4130
8850,8850,8850
7710,9500,7300
5120,5120,5120
5940,5940,5940
7200,7200,7200
6320,6330,6330
5911,5911,5911
5360,5360,5360
2600,7900,7900
6415,6415,6415
7402,7402,7402
9800,9800,9800
7311,7310,7310
4115,4115,4115
5910,5910,5910
5330,5330,5330
5940,5940,5940
9130,9130,9130
5911,5911,5911
7440,7440,7440
7401,7401,7401
6139,6139,6139
9210,9240,9240
5530,5530,5530
6320,6320,6320
7565,7565,7565
7440,7440,7440
9240,9400,9400
6131,6131,6131
6121,6121,6121
6332,6332,6332
3010,9233,2700
2700,2700,2700
7740,7740,7740
5910,5910,5910
7360,7360,7360
6117,6117,6117
7780,3400,7500
9500,9520,9520
7010,7010,7010
6320,6320,6320
7403,7403,7403
6116,6116,6116
5550,5360,5360
4114,4114,4114
5430,5430,5430
7110,7110,7110
7850,7820,7820
7403,7403,7403
5210,5210,5210
7550,7550,7550
7402,7403,7403
7120,7120,7120
9330,9800,9800
8100,8100,8100
9300,9320,9320
3400,3400,3400
4115,4115,4115
6530,6530,6530
9600,9600,9600
7550,7550,7550
5120,6110,5120
7740,7740,7740
7405,7405,7405
7430,7430,7430
5360,5360,5360
7120,7120,7120
3500,3500,3500
9800,9800,9800
5920,5920,5920
5940,5940,5940
4700,4700,4700
7740,7740,7740
7405,7405,7405
7110,7110,7110
9600,9600,9600
6110,6110,6110
3300,3300,3300
5210,5210,5210
5936,5936,5936
7455,7740,7740
6116,6116,6116
7402,7402,7402
6333,6333,6333
4300,4300,4300
7720,7720,7720
5930,9600,9600
5360,5360,5360
8130,8130,8130
3340,3340,3340
6320,6300,6300
2600,2600,2600
7405,7405,7405
6230,6230,6230
6280,6280,6280
7402,7402,7402
7480,7480,7480
7110,7110,7110
7560,7560,7560
6230,6230,6230
6420,5540,5540
4210,4210,4210
7403,7403,7403
3510,3510,3510
5420,5420,5420
9800,9800,9600
7735,7735,7735
5570,5570,5570
7430,7430,7430
2700,2700,2700
2300,2300,2300
7403,7403,7403
6421,6320,6320
4111,4111,4111
5930,5930,5930
6117,6117,6117
5920,5920,5920
5120,5120,5120
5142,5142,5142
7440,7440,7440
5925,5925,5925
9240,6430,6430
8840,8860,8840
6421,7300,6421
7403,7403,7403
9230,5911,5911
9220,5210,9220
7440,7440,7440
6330,8730,6332
3130,7750,7520
7450,7450,7450
7721,7721,7721
7440,7440,7440
7730,5340,5340
7440,7440,7440
4114,4114,4114
7405,7405,7405
7402,7402,7402
5920,5920,5920
8400,8400,8400
7220,7220,7220
5933,5933,5933
2300,2300,2300
5520,7500,6430
9400,9320,9320
9400,5520,5700
7740,7740,7740
1130,9400,9400
5310,5310,5310
5520,5520,5520
5210,5210,5210
5940,5940,5940
7740,7740,7740
8220,8110,8110
7360,7360,7360
7360,7360,7360
7740,5910,5910
3210,3210,3210
7450,7450,7450
4113,4113,4113
7405,7405,7405
3510,3510,3510
5140,5140,5140
6333,6333,6333
5911,5911,5911
6111,6111,6111
5430,5430,5430
6530,6530,6530
5143,5143,5143
7740,7740,7740
9230,9230,9230
5910,5910,5910
7440,7440,7440
7560,7560,7560
6280,6280,6280
7360,7360,7360
4300,4300,4300
7120,7120,7120
7550,7550,7550
6333,6333,6333
5560,5560,5560
5870,8810,8810
6230,6230,6230
7450,7450,7450
9315,0,0
6510,6510,6510
7450,7450,7450
9500,7720,7720
5530,5530,5530
9600,9600,9600
4114,4114,4114
5921,5921,5921
5500,5500,5500
7505,7505,7505
5140,5140,5140
7402,7402,7402
5210,5940,5940
0,0,0
7360,7360,7360
6460,6460,6460
5164,5164,5164
6134,6134,6134
7620,7620,7620
7402,7402,7402
6121,6121,6121
5936,5936,5936
4112,4112,4112
8400,8400,8400
5360,5360,5360
7420,7420,7420
9500,9500,9500
7210,7210,7210
7455,7455,7455
6131,6131,6131
7450,7420,7420
4010,4010,4010
9600,9400,9400
7740,7740,7740
7770,7770,7770
7735,7735,7735
7200,7200,7200
4500,4500,4500
9320,9320,9320
5911,5911,5911
7455,7455,7455
7455,7455,7455
5936,5936,5936
7120,7120,7120
5930,5930,5930
3510,3510,3510
5870,9312,5870
5140,5140,5140
7450,7450,7450
9800,9800,9800
7010,7010,7010
6430,6430,6430
5340,5340,5340
6460,6460,6460
7403,7403,7403
6332,6332,6332
6530,6530,6530
7720,7720,7720
6116,5130,6126
7402,7402,7402
6116,7720,6126
5910,5910,5910
5925,5925,5925
7420,7420,7420
5920,5925,5920
7010,7010,7010
7010,6110,6110
7505,7740,7505
6120,6120,6120
5911,5911,5911
4020,4020,4020
6333,6333,6333
5210,5210,5210
5340,5340,5340
8330,7010,7010
5210,5210,5210
7360,7360,7360
5173,5173,5173
9330,9330,9330
0,0,0
6129,6129,6129
5154,5154,5154
7100,7100,7100
5911,5911,5911
3100,3100,3100
7200,7200,7200
5210,5210,5210
9400,9400,9400
9600,9600,9600
6135,6135,6135
1140,1140,1140
4010,4010,4010
9240,9240,9240
5141,5141,5141
6126,5560,5560
3400,3400,3400
7420,7420,7420
6110,6110,6110
6421,6421,6421
5521,5420,5420
5920,5920,5920
7120,7120,7120
4114,5700,5700
3340,3340,3340
7600,7600,7600
8800,8800,8800
9700,9700,9700
5162,5162,5162
7550,7550,7550
5550,9800,9800
7360,7360,7360
7450,3110,3110
8130,8130,8130
6332,6332,6332
6333,6333,6333
6210,6210,6210
8150,8150,8150
7550,7550,7550
5700,5700,5700
5911,5911,5911
5530,5530,5530
6405,5420,9240
9240,6430,6430
7402,7402,7402
7403,7450,7450
7011,6430,6430
6139,6139,6139
6131,6131,6131
7360,7360,7360
7545,7545,7545
2700,2700,2700
5164,5164,5164
6116,6116,6116
6550,6550,6550
4111,4010,4010
3300,3300,3300
5910,5340,5340
5700,5700,5700
9400,9130,9400
7736,7736,7736
7560,5520,5520
9220,7500,7500
9210,9210,9210
7565,7565,7565
7600,7600,7600
7120,7120,7120
5932,5932,5932
7220,7220,7220
9600,9600,9600
4113,4113,4113
6280,6280,6280
5142,5142,5142
6110,6110,6110
8730,8730,8730
5911,5911,5911
5937,5937,5937
4130,4130,4130
5430,5430,5430
6131,6131,6131
5130,5130,5130
3800,3010,6110
9315,9315,9315
5550,5550,5550
7550,7550,7550
6420,6430,6430
2400,2400,2400
7800,7800,7800
7840,7840,7840
4700,4700,4700
3210,3210,3210
1130,1130,1130
7490,7490,7470
7770,7770,7770
7120,7120,7120
5932,5932,5932
7550,7550,7550
6510,6510,6510
6114,6114,6114
7360,7360,7360
2600,6260,5700
9230,6320,9315
5570,5570,5570
4210,4210,4210
7740,7740,7740
3500,3500,3500
9130,9130,9130
5920,5920,5920
4111,4111,4111
7740,7750,7750
5420,5420,5420
5930,5930,5930
5142,5142,5142
9240,9320,9320
7430,7430,7430
6333,6333,6333
5210,5210,5210
7730,7730,7730
6460,6460,6460
7740,7740,7740
5911,5911,5911
7510,7510,7510
6530,9214,9214
7740,7740,7740
5700,5700,5700
6117,6117,6117
9315,9315,9315
5210,5210,5210
9310,9310,9310
6333,6333,6333
9370,9370,9370
7530,7530,7530
5700,5700,5700
5161,9210,9210
5911,5911,5911
7410,7410,7410
6119,6119,6119
7321,7321,7321
6117,6270,6270
5930,5930,5930
5937,7360,7360
5230,5230,5230
7550,7550,7550
3400,3400,3010
8700,8700,8700
5830,5830,5830
2300,2300,2300
6333,6333,6333
9510,9510,9510
6111,6111,6111
7440,7440,7440
7440,7440,7440
7710,7710,7710
4113,4113,4113
7820,7820,7820
8400,8400,8400
7450,7450,7450
5911,5911,5911
7500,7500,7500
7405,7405,7405
7560,7560,7560
4210,4210,4210
9400,9400,9400
1130,1130,1130
4111,4111,4111
8330,7600,7600
6121,6121,6121
5120,5120,5120
7340,7340,7340
7550,7550,7550
5532,6421,6421
7500,5920,5920
6121,6121,6121
7480,7480,7480
4020,4020,4020
9330,9330,9330
5142,5142,5142
7440,8100,8100
7010,7010,7010
5142,5142,5142
6420,6420,6420
7402,7402,7402
6530,6530,6530
5560,5560,5560
6110,6110,6110
4114,4114,4114
9233,9233,9233
8820,8820,8820
8200,7400,7400
7321,7321,7321
2200,2200,2200
6320,6320,6320
7455,7455,7455
7530,7530,7530
5410,5410,5410
5920,5920,5920
8500,4700,8500
5440,5440,5440
6320,6320,6320
9312,9312,9312
6333,6333,6333
5521,5521,5521
3400,3400,3400
9210,9210,9210
6130,6130,6130
9400,9400,9400
7600,7600,7600
5870,9400,2600
7740,7740,7740
6400,6400,6400
7710,7710,7510
6280,6280,6280
5921,5921,5921
9600,9600,9600
5930,5930,5930
4113,4113,4113
3210,3210,3210
7736,7736,7736
7403,7403,7403
5910,5910,5910
6110,6110,6110
6320,6320,6320
7565,7565,7565
7402,7402,7402
5925,5925,5925
4115,4115,4115
6450,6450,6450
2100,2100,2100
5932,5932,5932
7550,7550,7550
7011,7011,7011
6110,6110,6110
5350,5350,5350
6320,6320,6320
7550,7550,7550
7440,9400,9400
4220,4220,4220
4113,4113,4113
7810,7810,7810
2700,2700,2700
7110,7110,7110
7360,7360,7360
5142,5142,5142
7420,7420,7420
7560,7560,7560
5570,5570,5570
6333,6333,6333
7430,7430,7430
6110,6110,6110
7450,7450,7450
7520,7710,7710
6400,5570,5570
5360,5360,5360
7340,7340,7340
6410,6450,6450
2200,2200,2200
7110,7110,7110
6110,6110,6110
3110,3110,3110
7120,7120,7120
7110,7110,7110
5210,5210,5210
1130,1130,1130
4010,4010,4010
5560,5560,5560
5810,5810,5810
7430,7430,7430
7780,7780,7780
7403,7403,7403
5210,5210,5210
6135,6135,6135
6333,6333,6333
5530,5530,5530
7710,7480,7480
5142,5142,5142
4115,4115,4115
6280,6280,6280
6540,6540,6540
7740,7740,7740
6333,6333,6333
9500,9800,9800
5410,5410,5410
7780,7770,7770
9220,5911,5911
4210,4210,4210
7010,7010,7010
6320,6320,6320
6280,6280,6280
7430,6430,6430
5920,5920,5920
8840,8820,8830
6333,6333,6333
5520,5520,5520
5940,5940,5940
5911,5911,5911
7735,7735,7735
4240,4240,4240
5911,5911,5911
4700,4700,4700
5920,5920,5920
5360,5360,5360
7321,7321,7321
4020,4020,4020
6415,6415,6415
7402,7402,7402
5700,5700,5700
6110,6110,6110
2000,9100,9100
6530,6530,6530
9311,9315,5520
7120,7120,7120
7311,7311,7311
5936,5936,5936
5532,5532,5532
7420,7420,7420
7402,7402,7402
6332,6310,6310
5911,5911,5911
5936,5936,5936
5520,5520,5520
5143,5143,5143
5521,5521,5521
7720,7720,7720
4111,4111,4111
4111,4111,4111
7520,7520,7520
9700,5700,1120
7730,7730,7730
9200,6320,6320
5700,5700,5700
7200,7200,7200
6112,6112,6112
9330,9320,9320
5936,5936,5936
7600,7600,7600
5330,9300,9400
4112,4112,4112
2700,9230,9230
6250,6250,6250
9600,9600,9600
7210,7210,7210
7740,7740,7740
8220,8220,8220
8400,8400,8400
9800,9800,9800
5410,5410,5410
7440,7440,7440
5210,6320,6320
7200,7200,7200
7120,7120,7120
5340,5340,5340
6440,6440,6440
5210,5210,5210
5820,5820,5820
5920,5920,5920
5910,5910,5910
6415,6415,6415
5420,5420,5420
5911,5911,5911
7380,7380,7380
7740,7740,7740
9400,9311,9400
5925,5925,5925
5146,5146,5146
6333,6333,6333
6320,6320,6320
6114,6110,5230
2100,2100,2100
6333,6333,6333
5430,5430,5430
8130,7010,7010
5360,5360,5360
7402,7402,7402
9130,9130,9130
5920,5920,7500
2200,2200,2200
7720,7720,7720
6320,6320,6320
6210,6210,6210
5600,5600,5600
7130,7130,7130
7110,7110,7110
5140,5140,5140
5910,5910,5910
5930,5930,5930
6520,9315,9315
6330,9600,9600
3120,3120,3120
4700,4700,4700
6114,6114,6114
5166,5166,5166
6114,6114,6114
6270,6560,6560
5830,5830,5830
4112,4112,4112
9311,9311,9311
7450,7450,7450
6116,6116,6116
7420,7420,7420
5934,5934,5934
6111,6111,6111
2700,7550,7550
7310,7310,7310
2200,2200,2200
5940,6111,6111
5171,5171,5171
3130,3130,3130
6200,6260,6260
5920,5920,5920
5911,5911,5911
5160,5160,5160
2200,2200,2200
6332,6332,6332
5911,5911,5911
5210,5210,5210
5360,5360,5360
5932,5932,5932
4020,4020,4020
5911,5911,5911
6333,6333,6333
3110,3110,3110
5911,5911,5911
7030,7030,7030
4020,4020,4020
5200,5200,5200
5920,5925,5925
5120,5120,5120
5360,5360,5360
6111,6111,6111
7110,7110,7110
6135,6135,6135
6430,6430,6430
4020,4020,4020
9311,9311,9311
4200,4200,4200
7360,7360,7360
7440,7440,7440
8160,8160,8160
6136,6136,6136
7800,7800,7800
8400,8400,8400
4130,4130,4130
4111,4111,4111
6320,6330,6330
5920,5920,5920
5700,5700,5700
3500,4210,5920
5360,5340,5340
7120,7120,7120
7405,7405,7405
9600,9600,9600
5340,5340,5340
4116,4116,4116
5520,5520,5520
8150,8150,8150
6126,7210,5700
6116,6116,6116
6110,6110,6110
4200,4200,4200
4120,4120,4120
5940,5940,5940
1130,1130,1130
5500,5500,5500
9210,9400,9400
5930,5930,5930
7430,7430,7430
9211,9311,9311
7350,7350,7350
9400,9400,9400
7402,7402,7402
7420,7420,7420
7010,7010,7010
8820,8820,8820
5500,5500,5500
9300,9500,9500
7404,7404,7404
7560,7560,7560
6110,4210,6110
7770,7550,7550
9315,1230,1230
7120,7120,7120
7520,7520,7520
6415,6415,6415
6460,6460,6460
7110,7110,7110
7490,5921,5921
6410,7010,7010
3900,3900,3900
8830,9235,9130
9800,9800,9800
9500,9300,9300
8500,8500,8500
4113,4113,4113
5163,5163,5163
5172,5172,5172
7620,7600,7600
5920,5920,5920
3110,3110,3110
6136,6136,6136
4115,4115,4115
6121,6121,6121
7430,7430,7430
9312,9312,9312
6333,6333,6333
5530,5530,5530
6110,6110,6110
6280,9240,9240
6111,9240,9240
3400,3400,3400
7620,7620,7620
7600,7600,7600
6440,9240,9240
6116,6116,6116
9210,5210,5210
5530,5530,5530
3130,3130,3130
7430,7430,7430
6280,6280,6280
5936,5936,5936
5911,5911,5911
7430,7430,7430
5172,5172,5172
5162,5162,5162
5932,5932,5932
8400,8400,8400
7360,7360,7360
0,0,0
2200,5530,2200
7400,7400,7400
6430,6430,6430
7340,7340,7340
8400,8400,8400
9314,9314,9314
9600,9600,9600
7420,7420,7420
4115,4115,4115
5940,5940,5940
3120,3120,3120
6110,6110,6110
5937,5937,5937
5911,5911,5911
7405,7405,7405
6320,6320,6320
5520,5550,5550
5360,5360,5360
9311,9311,9311
7450,7450,7450
9315,9200,9200
1130,9320,9320
6111,6111,6111
6440,6440,6440
9600,9600,9600
6320,6320,6320
5360,5360,5360
7595,7595,7595
7110,7110,7110
8730,8730,8730
7120,7120,7120
6110,6110,6110
5940,5940,5940
5210,5210,5210
6330,6332,6332
4111,9230,9230
7620,7620,7620
5920,5920,5920
7790,7790,7790
4700,4700,4700
3110,3110,3110
2100,2100,2100
7402,7402,7402
9600,6420,9315
6111,6111,6111
5520,5520,5520
6117,6117,6117
7595,7595,7595
7550,7550,7550
4113,4113,4113
5933,5933,5933
5920,5920,5920
5145,5145,5145
8820,8820,8820
5560,7200,7200
6135,6135,6135
5900,6400,6400
6136,6136,6136
4700,4700,4700
7560,7560,7560
4200,4200,4200
5520,5520,5520
5530,5530,5530
5910,5910,5910
6118,6118,6118
6126,6126,6126
8500,8500,8500
6111,6111,6111
6460,6440,6440
6130,6130,6130
5162,5162,5162
6126,6126,6126
5200,5200,5200
6333,6333,6333
6420,6400,6400
7560,7560,7560
6126,6126,6126
7321,7321,7321
5410,5410,5410
7540,5937,5937
7403,7403,7403
4117,4117,4117
9240,9312,9312
5150,5150,5150
7820,7820,7820
3110,3110,3110
3130,3130,3130
6134,6134,6134
6333,6333,6333
9510,9510,9510
1130,1130,1130
7420,7420,7420
9212,9210,9210
7490,7490,7490
7810,7810,7810
4700,4700,4700
6119,6119,6119
5911,5910,9400
7480,7480,7480
7740,7740,7740
6111,6111,6111
7800,7800,7800
7740,7740,7740
6405,6405,6405
5430,5430,5430
5310,5310,5310
5120,5120,5120
2200,2200,2200
7322,7322,7322
5521,5521,5521
6200,6280,6280
5430,5430,5430
8500,8500,8500
7110,7110,7110
6320,6320,6320
7350,7350,7350
6320,6320,6320
5330,5330,5330
6460,5930,5930
9230,9231,9230
5141,5141,5141
6110,6113,6113
7200,7200,5920
1230,1230,1230
6114,6114,6114
5210,5210,5210
3120,3120,3120
5340,5340,5340
7200,7200,7200
9800,9800,9800
9800,9800,9800
5210,5530,5530
6121,6121,6121
8400,8400,8400
6250,6250,6250
6110,6100,6100
6280,6280,6280
7560,7740,7740
7440,7440,7440
5911,5911,5911
7550,7550,7550
5910,5910,5910
7580,7580,7580
9230,9230,9230
7550,2700,7550
9800,9315,6430
9600,9600,9600
7440,7440,7440
9316,5410,5410
6320,6320,6320
7403,7402,7402
5932,5932,5932
7400,7400,7400
7420,7420,7420
5210,5210,5210
3510,3510,3510
5910,5910,5910
5210,5210,5210
7550,7550,7550
6320,6320,6320
5173,5173,5173
6119,6119,6119
8140,8140,8140
7600,7600,7600
5141,5141,5141
8400,8400,8400
7403,7403,7403
5920,5920,5920
5920,5920,5920
7390,7390,7390
7010,7010,7010
9311,9800,9800
5910,5910,5910
9400,6320,6320
5911,5911,5911
5600,5600,5600
6131,6131,6131
8400,5340,7740
5600,5600,5600
7440,7440,7440
3210,3210,3210
9100,9100,9100
6400,6400,6400
7402,7402,7402
7430,7430,7430
1140,9310,9310
3110,3110,3110
0,0,0
6111,6111,6111
7010,7011,7011
6510,7200,7200
7120,7120,7120
8700,8700,8700
4210,4210,4210
7735,7735,7735
4150,4150,4150
5164,5164,5164
5510,5510,5510
7750,7750,7750
6119,6119,6119
6110,6110,6110
7420,7420,7420
6332,6332,6332
9230,7770,7770
6119,6119,6119
7110,7110,7110
3020,7440,5210
7450,7450,7450
7110,7110,7110
6116,6116,6116
7550,7550,7550
4117,4117,4117
9800,9800,9800
7505,7505,7505
5910,5911,5920
7545,7545,7545
5145,5145,5145
5440,9230,9230
3500,3500,3500
5310,5310,5310
5550,5550,5550
3210,3210,3210
6333,6300,6300
5410,5410,5410
9400,9400,9400
4113,4113,4113
4114,4114,4114
7550,7550,7550
3100,3100,3100
2200,2400,2400
6333,6333,6333
3510,3510,3510
9600,9600,9600
5126,5126,5126
6280,6280,6280
5146,5146,5146
6136,6136,6136
7400,7400,7400
7480,7710,7710
5920,5920,5920
7565,9600,9800
6126,6126,6126
7800,7800,7800
7455,7455,7455
7120,7120,7120
7110,7110,7110
2200,2200,2200
5220,5220,5220
6130,6130,6130
5940,5940,5940
5420,5420,5420
7405,7405,7405
7550,7550,7550
6125,6125,6125
9500,9500,9500
6136,6136,6136
6121,6121,6121
6420,7600,7600
5600,5600,5600
7403,7403,7403
7100,7100,7100
3210,3210,3210
7900,7900,7900
6320,5700,5700
7440,7440,7440
7500,5540,5540
5930,5930,5930
9330,9330,9330
7360,7360,7360
8320,9315,9315
9300,7735,7735
8500,8500,8500
5125,7010,5860
7322,8830,7322
4210,4210,4210
7010,7010,7010
6134,6134,6134
5934,5550,5550
4200,4200,4200
7440,7440,7440
8220,8220,8220
2400,2400,2400
5560,5560,5560
7735,7735,7735
6116,6116,6116
4120,4120,4120
5142,5142,5142
6136,6136,6136
5700,5700,5700
7520,7520,7520
6450,9400,9400
7735,7735,7735
8810,8810,8810
6114,6114,6114
6131,6131,6131
5172,5172,5172
8820,8820,8820
6110,6130,6120
7440,7440,7440
6333,6333,6333
6520,6520,6520
5140,5140,5140
5870,5870,5870
7450,7450,7450
7120,7120,7120
7402,7402,7402
6430,9240,9240
9800,9800,9800
6333,6333,6333
7800,7800,7800
7735,7735,7735
7351,7351,7351
6300,6300,6300
6111,6111,6111
0,0,0
7200,7200,7200
6415,6415,6415
7740,7740,7740
6310,6310,6310
4700,4700,4700
7402,7402,7402
2200,2200,2200
4700,4700,4700
5521,5521,5521
7550,7550,7550
8400,8400,8400
1130,1130,1130
5210,5210,5210
7405,7405,7405
7600,7600,7600
7550,3100,3100
9400,9400,9400
7800,7800,7800
7390,7390,7390
6420,6420,6420
6111,6111,6111
5938,5938,5938
2700,2700,2700
3500,3500,3500
3510,3510,3510
6300,6300,6300
2200,2200,2200
5142,5142,5142
9311,9311,9311
5160,5150,5160
5600,5600,5600
6116,6116,6116
9230,9230,9230
4200,4200,4200
4240,4240,4240
7430,7430,7430
5911,5911,5911
6320,6320,6333
6430,6430,6430
7321,7321,7321
4115,5840,5126
4240,4240,4240
4115,4115,4115
5911,5911,5911
9600,9600,9600
5911,5911,5911
6125,6125,6125
5932,5932,5932
5510,5510,5510
6133,6133,6133
7402,7402,7402
7401,7401,7401
7565,7565,7565
5530,5530,5530
5171,5171,5171
7565,7565,7565
4700,4700,4700
6126,6126,6126
6200,6200,6200
2200,2200,2200
7740,7740,7740
5940,5940,5940
5870,5870,5910
6135,6135,6135
7200,7200,7200
5210,5210,5210
5940,5940,5521
5164,5164,5164
7200,7200,7200
9800,9800,9800
7450,7450,7450
7110,7110,7110
5911,5911,5911
5925,5925,5925
6110,6110,6110
6111,6111,6111
5230,5230,5230
8110,8110,8110
5911,5911,5911
4000,4000,4000
9500,9500,9500
5521,5521,5521
5310,5310,5310
7403,7403,7403
6111,6510,6510
6121,6121,6121
3110,3110,3110
7600,7600,7600
8150,8150,8150
6135,6135,6135
4115,4115,4115
7550,7550,7550
4240,4240,4240
7200,7200,7200
5530,5530,5530
8320,8320,8320
7460,7460,7460
6111,6127,6127
9400,9400,9400
6320,6320,6320
7810,7810,7810
7360,7360,7360
7440,7440,7440
8730,8730,8730
2700,2700,2700
5932,5932,5932
6139,6139,6139
6112,6112,6112
4113,4113,4113
6134,6134,6134
7735,7735,7735
7520,7520,7520
6450,6240,6240
4114,4114,4114
9510,9400,9500
7402,7402,7402
7403,7403,7403
4240,4240,4240
6300,6300,6300
2700,2700,2700
8800,8800,8800
6540,6260,6280
5910,5910,5910
7770,7770,7770
6530,6530,6530
4240,4240,4240
5911,5911,5911
9230,9230,9230
9312,6430,6430
6116,6116,6116
5142,5142,5142
7560,7560,7560
7850,7850,7850
7340,7340,7340
7740,7740,7740
5925,5925,5925
5910,5910,5910
5911,5911,5911
7450,7450,7450
5340,5340,5340
7420,7420,7420
7455,7455,7455
6530,6530,6530
4111,4111,4111
9233,9230,9230
7350,7350,7350
5911,5911,5911
7120,7120,7120
6112,6112,6112
7110,7110,7110
4111,4111,4111
7820,7820,7820
3300,3300,3300
9320,9300,9240
5932,7545,7545
5420,5420,5420
6300,6300,6300
5150,6111,6137
7360,7360,7360
9400,9400,9400
9315,9315,9315
7450,7450,7450
5700,5210,5210
5550,5550,5550
5330,5330,5330
6260,6260,6260
5340,5340,5340
3110,3110,3110
5350,5810,5350
5935,5935,5935
6121,6121,6121
5600,5600,5600
3110,3110,3110
7780,7780,7780
0,0,0
6114,6114,6114
5520,5520,5520
6332,6332,6332
5360,5360,5360
5600,5600,5600
5937,5937,5937
6126,6126,6126
5920,5920,5920
7401,7401,7401
4113,4113,4113
6117,6117,6117
5430,5430,5430
4114,4114,4114
7810,7810,7810
4111,4111,4111
5210,5210,5210
5532,7020,7020
7440,7440,7440
9520,9500,9500
7480,7480,7480
4113,4113,4113
8330,9100,9100
9800,9800,9800
7210,7210,7210
6333,6333,6333
6120,6120,6120
4114,4114,4114
9800,5530,5530
6111,6111,6111
7410,7410,7410
7450,7450,7450
8220,8220,8220
6250,7595,7595
9330,9330,9330
9315,5210,9130
7800,7800,7800
7200,9311,5910
6405,6405,6405
7200,7200,7200
7322,7322,7322
3500,3500,3500
5210,5210,5210
6440,6110,6110
7440,7440,7440
9330,9400,9400
3210,3210,3210
7210,7210,7210
9230,9230,9230
5910,5910,5910
7550,7550,7550
7820,7820,7820
8840,7323,8840
6135,6135,6135
6430,9350,5920
5600,5600,5600
7740,7740,7740
2400,2400,2400
5140,5140,5140
6430,6430,6430
8810,9240,6540
2700,2700,2700
9230,9230,9230
9800,9800,9800
5230,5230,5230
5521,5521,5521
4700,4700,4700
8400,8400,8400
7320,7320,7320
5700,5700,5700
4240,8850,4240
3110,3110,3110
8400,8400,8400
7210,7210,7210
5911,5911,5911
6230,6260,6230
4240,4240,4240
9240,9240,9240
9400,9400,9400
2200,2200,2200
7010,7010,7010
6114,6114,6114
7546,7546,7546
9800,9130,9130
4113,4113,4113
7011,7011,7011
6333,6333,6333
3400,3400,3400
2100,2100,2100
7340,7340,7340
9000,6110,6110
6139,6139,6139
8330,9100,9500
4220,4220,4220
5932,5932,5932
9315,9315,9315
6117,6117,6117
5930,5930,5930
5920,5920,5920
7735,7735,7735
6500,6500,6500
7560,7560,7560
7440,7440,7440
5530,5530,5530
7110,7110,7110
3500,3210,3210
4111,4111,4111
3700,3700,3700
5700,5700,5700
5700,5700,5700
5210,1230,1230
8300,8300,8300
2100,2100,2100
8400,8400,8400
7550,7550,7550
5937,5937,5937
7110,7110,7110
3400,3400,3400
5200,5200,5200
3340,3340,3340
6333,6333,6333
7440,7440,7440
5940,5940,5940
4113,4113,4113
5936,5936,5936
6121,6121,6121
7460,9240,6440
4114,4114,4114
2700,2700,2700
7450,7450,7450
7405,7405,7405
8500,8500,8500
7402,7402,7402
3210,3210,3210
6421,6421,6421
6332,6332,6332
3500,3500,3500
5420,5420,5420
7010,7010,7010
5600,5600,5600
7310,7310,7310
7740,7740,7740
9320,9320,9320
5520,5520,5520
4111,4111,4111
6540,7200,7200
6110,6135,6117
5210,5210,5210
9240,9240,9240
5146,5146,5146
5921,5921,5921
7740,7740,7740
8100,8100,8100
9500,9310,9310
7420,7420,7420
7321,5700,5910
7020,8400,8400
5140,5140,5140
8500,8500,8500
5120,5120,5120
6333,6210,6333
9400,9400,9400
6421,6421,6421
5171,5171,5171
4220,4220,4220
6135,6135,6135
5936,2900,2900
4115,4115,4115
8400,5560,5560
8300,8300,8300
4110,9315,9315
7450,7450,7450
5210,5120,5120
6280,6280,6280
7720,7720,7720
6110,5150,5150
9800,9311,9800
9311,9311,9311
7720,7720,7720
6450,6450,6450
8330,8330,8330
5910,5910,5910
8400,8400,8400
1120,1120,6420
7440,7440,7440
9400,9400,9400
6111,6111,6111
3010,3010,3010
6333,6333,6333
7350,7350,7440
7011,7011,7011
5700,5700,5700
7450,7450,7450
9800,5550,5550
7403,7403,7403
7220,7220,7220
4700,4700,4700
5530,9800,7710
5141,5141,5141
7830,7830,7830
7450,7450,7450
7600,5700,7450
2700,2700,2700
6210,5400,5400
4210,4210,4210
5520,5520,5520
5210,5210,9400
5360,6210,6210
6280,6280,6280
5410,5410,5410
9210,9400,9400
7430,7430,7430
6421,6421,6421
6440,6510,6510
9311,6421,6421
6320,6430,6430
6510,6333,6333
7560,7560,7560
5210,5210,5210
4220,4220,4220
9600,9600,9600
4700,4700,4700
3800,3800,3800
3110,3110,3110
5920,5920,5920
6333,6333,6333
5910,5910,5910
5530,5530,5530
9800,9800,9800
7600,7600,7600
7420,7420,7420
7840,7840,7840
7120,7120,7120
1000,6320,6320
7720,7720,7720
7120,7120,7120
7430,7430,7430
6110,6110,6110
4115,4115,4115
5940,5940,5940
6126,6126,6126
7550,7550,7550
5934,5934,5934
4240,4240,4240
2100,2100,2100
7560,7560,7560
7110,7110,7110
7510,7510,7510
7405,7405,7405
7404,7404,7404
7430,7430,7430
1230,1230,1230
5936,5936,5936
4111,4111,4111
7011,7011,7011
5520,5520,5520
5141,5141,5141
6110,6110,6110
5940,5940,5940
2100,2100,2100
9240,9240,9240
9800,9800,9800
5521,5521,5521
7403,7403,7403
7455,7455,7455
9210,9210,9400
7350,7350,7350
5120,5120,5120
5700,5700,5700
9312,7800,9312
5430,5430,5430
7330,7330,7330
5700,6320,6320
7600,7600,7600
5210,5210,5210
6332,6332,6332
6119,6119,6119
5210,5210,5210
7550,8400,6270
5510,5510,5510
4113,4113,4113
9400,9400,9400
5200,5200,5200
5700,9231,9231
6430,6430,6430
2200,9600,9600
2600,9220,2800
7455,4111,4111
5911,5911,5911
4020,4020,4020
5200,5200,5200
4113,4113,4113
7403,7403,7403
9800,9311,7430
5700,5700,5700
8400,8400,8400
6332,6332,6332
5560,6320,6320
7450,7450,7450
5910,5910,5910
4111,4111,4111
3110,3110,3110
4111,4111,4111
6114,6114,6114
6110,6110,6110
9400,9400,9400
5410,5410,5410
5210,5210,5210
6332,6332,6332
5940,5940,5940
7300,7300,7300
6333,6333,6333
4240,4240,4240
5510,5910,5910
6122,5170,5170
7220,7220,7220
5130,5140,5140
5911,5911,5911
7403,5933,5210
6200,5860,5860
6420,6420,6420
5700,5700,5700
8400,8400,5521
6320,6320,6320
4111,4111,4111
5163,5163,5163
5937,5937,5937
4210,4210,4210
5920,5920,5920
9330,9330,9330
7440,7440,7440
5921,5921,5921
5162,5162,5162
7360,7360,7360
6130,6130,6130
7545,7545,7545
6230,6230,6230
5934,5934,5934
6333,6333,6333
6230,6230,6230
2100,2100,2100
7440,7440,7440
5910,5910,5910
7520,7520,7520
2800,2800,2800
7540,7540,7540
6250,6250,6250
9235,9235,9235
7430,7450,7450
4111,4111,4111
7360,7360,7360
6139,6139,6139
5910,5910,5910
5410,5410,5410
7455,7455,7455
4210,4210,4210
5910,5910,5910
5550,5550,5550
5870,5870,5870
3120,3120,3120
4700,4700,4700
2100,2100,2100
5600,5600,5600
6280,6270,6270
9240,9400,9240
7110,7110,7110
7430,7430,7430
7480,7450,7450
6430,6430,6430
6405,9240,9240
5932,5932,5932
5936,5936,5936
7735,7735,7735
7440,7440,7440
7200,7200,7200
7735,7735,7735
6119,6119,6119
4117,4117,4117
7480,7480,7480
9600,9600,9600
7455,7455,7455
5911,5911,5911
4010,4010,4010
5160,5160,5160
5830,9800,7010
4116,4020,4020
9220,9400,2800
7440,7440,7440
4210,4210,4210
4113,7450,7450
7595,7595,7595
5340,5340,5340
5860,5860,5860
5920,5920,5920
7520,7520,7520
4700,4700,4700
6250,6250,6250
6118,8400,6118
6560,6560,6560
8400,8400,8400
6126,6126,6126
8130,8130,8130
9500,5800,9520
5120,5120,5120
6117,6117,6117
7440,7440,7440
9210,9210,9210
8730,8730,8730
7450,7450,7450
5520,9313,7010
4113,4113,4113
6333,6333,6333
6112,6112,6112
6280,6280,6280
4115,4115,4115
6421,7210,7210
6333,6333,6333
9400,7760,9231
1230,1230,1230
7402,7402,7402
5930,5700,5930
9500,9500,9500
6121,6121,6121
7200,7200,7200
5521,5521,5521
4600,4600,4600
5910,5910,5910
7020,8330,8330
4210,4210,4210
5940,5940,5940
6280,6280,6280
7550,7550,7550
6121,6121,6121
7560,7560,7560
5830,5830,5830
5350,5350,5350
7740,7740,7740
5911,5911,5911
5160,5160,5160
6200,6210,9700
2200,2200,2200
6333,6333,6333
6320,7020,7020
5930,5930,5930
6333,6333,6333
4112,4112,4112
7110,7110,7110
9800,5911,9800
6450,7010,7210
5530,5530,5530
6320,6320,6320
7750,7750,7750
7900,9800,9800
7410,7410,7410
6333,6333,6333
7736,7736,7736
7440,7402,7402
7311,7311,7311
6125,6125,6125
5940,5940,5940
5230,5230,5230
8140,8140,8140
7710,7710,7710
6136,6136,6136
5700,5700,5700
5130,5130,5130
8330,8330,8330
4115,4115,4115
5310,5310,5310
2200,2200,2200
7490,7490,7490
8410,3500,8500
7430,7430,7430
7770,7770,7770
6320,6320,6320
9500,9500,9500
8820,8820,8820
7011,7011,7011
6420,6520,6520
3010,5521,5521
3500,7450,3500
5600,5600,5600
7110,6210,6210
5930,5930,5930
9500,1230,9500
5520,6420,6420
5935,5935,5935
7403,7403,7403
7820,7820,7820
6530,6530,6530
8150,8150,8150
3510,3510,3510
4117,4117,4117
4113,4113,4113
7410,7410,7410
4100,4200,4200
7450,7450,7450
4110,4110,4110
5600,5600,5600
6550,6540,7600
9800,9800,9800
2500,2500,2500
6420,6420,6420
9600,9600,9600
5440,5440,5440
4020,4020,4020
6320,6320,6320
5142,5142,5142
5160,5210,6130
8300,8300,8300
3120,3120,3120
5700,5700,5700
6116,6116,6116
8400,7600,8400
6280,5350,5350
7403,7403,7403
8130,8100,8100
3500,3500,3500
5200,5200,5200
4120,4120,4120
5420,7200,5420
6135,6135,6135
7460,7460,7460
3500,3500,3500
5700,5700,5700
7120,7120,7120
5570,5570,5570
4118,8160,8160
6280,6111,6111
5230,5230,5230
7020,7020,7020
9800,5550,9800
7404,7404,7404
3500,3500,3500
7430,7430,7430
6110,6110,6110
5520,5520,5520
9240,6122,9240
6136,6136,6136
6131,6131,6131
7403,7403,7403
5532,5532,5532
9130,9130,9130
6110,6110,6110
6280,5930,5930
7405,7405,7405
6333,6333,6333
6280,6280,6280
7440,7440,7440
7510,7510,7510
6332,6332,6332
7402,7402,7402
6332,6332,6332
7110,7110,7110
3900,3900,3900
8221,2700,2700
5170,5170,5170
6114,6114,6114
6110,6110,6110
5910,5910,5910
7735,7735,7735
7735,7735,7735
5820,6430,6430
8160,8160,8160
7520,7790,7790
7570,7570,7570
5934,5934,5934
5600,5600,5600
5937,5937,5937
7750,7750,7750
7740,7735,7403
7405,7405,7405
3210,3210,3210
6421,9400,9400
6270,6270,6270
5933,5933,5933
7550,7550,7550
4116,4116,4116
9320,9320,9320
3400,3400,3400
6117,6117,6117
5921,5921,5921
7321,7321,7321
5700,5700,5700
7735,7735,7735
5410,5410,5410
7321,7321,7321
7120,7120,7120
1130,1130,1130
7500,7500,7500
7321,7321,7321
9600,9600,9600
5240,5200,5200
5932,5933,5932
6332,6332,6332
2200,2200,2200
8700,8700,8700
6121,6121,6121
7403,7403,7403
4114,4114,4114
4114,4114,4114
7450,7720,7720
5937,5937,5937
5920,5920,5920
7450,7450,7450
7520,7520,7520
4117,4117,4117
3500,3500,3500
6121,6121,6121
5940,5200,5200
8730,8730,8730
6320,6320,6320
7480,9230,7480
7360,7360,7360
4118,4118,4118
7321,7321,7321
6119,6119,6119
8400,8400,8400
6333,6333,6333
5130,5130,5130
3400,3400,3400
7550,7550,7550
6420,6450,6420
8320,8320,8320
6333,6333,6333
7730,7730,7730
5910,7565,7565
7200,7200,7200
5521,5520,5520
8160,8160,8160
5911,5911,5911
5120,5120,5120
9400,9400,9400
7430,7430,7430
6320,6320,6320
6250,6250,6250
8140,8140,8140
5530,5530,5530
7550,7550,7550
7110,7110,7110
7420,7420,7420
8400,8400,8400
5911,5911,5911
5910,5440,5440
9370,9370,9370
2400,2400,2400
5210,5700,5700
7790,7790,7790
6320,6320,6320
7311,7311,7311
4115,4115,4115
9400,9400,9400
5940,5940,5940
9500,9500,9500
6320,6320,6320
6421,6421,6421
9500,9500,9500
5150,5150,5150
5930,5930,5930
5210,5210,5210
7560,7560,7560
3110,3110,3110
7430,7430,7430
7440,7440,7440
6333,6333,6333
8500,8500,8500
7200,7200,7200
8140,8140,8140
7321,7200,7200
7480,7480,7480
9600,9600,9600
9310,4010,5700
4020,4020,4020
6110,6110,6110
5530,9800,9800
9310,9300,9400
6333,6333,6333
5911,7455,7455
7430,7430,7430
4700,4700,4700
7840,7840,7840
9500,9500,9500
7560,7560,7560
7405,7405,7405
8330,8330,8330
7360,7360,7360
6111,6111,6111
5310,5310,5310
6290,5420,6280
7735,7735,7735
4115,4115,4115
5350,5350,5350
9600,9600,9600
6333,6333,6333
5230,5230,5230
7565,7565,7565
3110,3110,3110
7450,7450,7450
7600,7600,9330
7020,7020,7020
9330,9240,9240
6121,6121,6121
7430,7430,7430
6530,6530,6530
7440,7430,7430
5340,5340,5340
7550,7550,7550
4210,4210,4210
7735,7735,7735
9510,9510,9510
7403,7403,7403
7721,7721,7721
5932,5932,5932
8500,6420,6420
7430,7430,7430
5911,5911,5911
3400,3400,3400
6111,6111,6111
6139,6139,6139
7440,7440,7440
7405,7405,7405
7850,7850,7850
7360,7360,7360
7740,7740,7740
8220,8220,8220
5910,5910,5910
9600,9600,9600
6135,6135,6135
5120,5120,5120
6200,6200,6200
5210,5210,5210
7322,7322,7322
9600,9600,9600
5340,5340,5340
7736,7736,7736
3100,3100,3100
5570,5570,5230
9400,1140,9400
5840,5840,5840
9310,9500,9500
5925,5925,5925
9700,9120,9120
4111,4111,4111
6333,7010,7010
7780,7780,7780
5937,6420,9330
9240,9240,9240
5521,5521,5521
7440,7420,7420
8400,8400,8400
9800,9312,9312
6110,6540,6540
7830,7830,7830
9240,9240,9240
7420,7420,7420
7030,7030,7030
7430,7430,7430
7710,7710,7710
9200,7403,5700
9320,9320,9320
1100,9200,9200
7100,7100,7100
6430,9120,6430
6126,6126,6126
4117,4117,4117
6126,6126,6126
7810,7810,7810
4113,4113,4113
4700,4700,4700
7780,9230,9230
9230,9230,9230
7360,7360,7360
6421,6270,6270
6111,6111,6111
5200,5200,5200
9520,9520,9520
7420,7420,7420
7405,7405,7405
4220,4220,4220
5533,6110,5533
7570,7570,7570
7390,7390,7390
7405,7405,7405
5830,5830,5830
6136,6136,6136
9311,9311,9311
7840,7840,7840
3210,3210,3210
9330,5210,5210
5910,5910,5910
8730,8730,8730
7560,7560,7560
5932,5932,5932
7360,7360,7360
6126,6120,6126
9230,7810,7810
5910,5910,5910
4300,4300,4300
5200,5200,5200
4200,4200,4200
7110,7110,7110
5911,5911,5911
7430,7430,7430
7720,7720,7720
7740,7740,7740
7600,7600,7600
7020,7020,7020
6330,6330,6330
7403,7403,7403
6430,6270,6270
6280,6280,6280
2700,7710,7710
5911,5911,5911
4210,3800,4700
6320,6320,6320
5600,5600,5600
7440,7440,7440
5210,5210,5210
7402,7402,7402
7210,5500,7200
6280,6280,6280
3510,3510,3510
4210,4210,4210
2200,2200,2200
7200,7200,7200
7500,9600,9600
6440,6405,6405
7450,4113,4113
7010,9100,9100
3400,3400,3400
7440,9230,5910
7780,7780,7780
5911,5911,5911
8850,8850,8850
7500,7505,5920
3110,3110,3110
3110,3110,3110
9800,9800,9800
7030,7030,7030
5910,5910,5910
6139,6139,6139
7403,7403,7403
9800,9800,9800
4000,4000,4000
5921,5921,5921
7600,7600,7600
9330,9400,9400
4113,4113,4113
5911,5911,5911
5920,5920,5920
7310,7310,7310
9400,9400,9400
8400,8400,8400
6320,6320,6320
6540,5550,6440
7736,7736,7736
5911,5911,5911
7440,7440,7440
7410,7410,7410
8850,8850,8850
5910,5910,5910
7590,7590,9230
7540,7540,7540
7405,7405,7405
5520,5520,5520
7430,9320,9320
7403,7403,7403
5940,5940,5940
7321,7321,7321
6440,6260,6260
9240,9330,7430
6112,6112,6112
6280,6280,6280
7740,7740,7740
5700,6460,6460
6111,6111,6111
0,0,0
6280,9400,9400
5911,5911,5911
5940,5940,5940
8500,8500,8500
5310,5310,5310
9231,9231,9231
9600,9600,9600
9330,9330,9330
6126,6126,6126
6420,6420,6420
3510,3510,3510
2800,2800,2800
7455,7455,7455
5936,5936,5936
5430,5430,5430
7730,7730,7730
9600,9600,9600
4115,4115,4115
5911,5911,5911
4111,4111,4111
9800,9800,9800
6333,6333,6333
7420,7420,7420
8220,8220,8220
7110,7110,7110
6332,6332,6332
7550,7550,7550
6450,6333,1230
8400,8400,8400
9230,9230,9230
5570,5570,5570
5340,5340,5340
6450,6450,6450
6500,6280,6280
5936,5936,5936
7740,7740,7740
9240,9240,9240
5550,5520,5520
9600,9600,9600
5600,5700,5700
9230,9230,9230
7360,7360,7360
4400,5700,5700
4113,4113,4113
4700,4700,4700
9600,9600,9600
3210,3210,3210
9240,9240,9240
9240,9240,9240
6116,6116,6116
7110,7110,7110
6332,6332,6332
6332,6332,6332
6460,6460,6460
7420,7420,7420
1130,1130,1130
5140,5140,5140
5162,5162,5162
9800,9800,9800
2200,2200,2200
5210,5210,5210
7500,7500,7500
7480,7480,7480
6333,6333,6333
6440,6250,6250
6440,6440,6440
3500,3500,3500
7610,7610,7610
7760,7760,7760
7545,7545,7545
4114,4114,4114
9500,9500,9500
9800,9800,9800
6114,6114,6114
7340,7340,7340
6420,6550,6550
6530,6530,6530
4700,4700,4700
7820,9311,9311
6126,6126,6126
6200,6320,6333
5940,5940,5940
3500,3500,3500
9210,5210,5210
7530,7530,7530
6450,6450,6450
2800,2800,2800
9600,9600,2100
6320,6320,6320
5921,5921,5921
9312,9312,9312
5200,5200,5200
7360,7360,7360
4020,4020,4020
5145,5145,5145
6320,6320,6320
6332,6332,6332
7110,7110,7110
5410,5410,5410
7440,7440,7440
5911,5911,5911
5830,5830,5830
8400,8400,8400
3210,3210,3210
2200,2200,2200
4120,4120,4120
7403,7403,7403
5870,9130,5870
9300,9300,9300
8500,8500,8500
7351,7351,7351
6110,5840,5840
7450,7450,7450
2600,2600,2600
5350,5350,5350
6320,6320,6320
6320,6320,6320
6333,6333,6333
6230,6230,6230
7730,7730,7730
6210,6260,6210
7740,7740,7740
5360,5360,5360
7440,7440,7440
7110,7110,7110
8400,8400,8400
2200,2200,2200
7800,7800,7800
7550,7550,7550
4115,4115,4115
5940,5940,5940
6333,6333,6333
3010,3010,3010
4113,4113,4113
7450,7450,7450
6320,6320,6320
5210,5210,5210
7470,7470,7470
8150,8150,8150
7440,7440,7440
5570,5570,5570
4117,4117,4117
7455,7455,7455
5210,5210,5210
5932,7735,7735
8400,8400,8400
5142,5142,5142
2100,2200,2200
5920,5920,5920
5172,5172,5172
7440,7440,7440
7200,7200,5360
5925,5925,5925
7500,7500,7500
5350,5350,5350
6332,6332,6332
6111,6111,6111
5910,5910,5910
6540,6540,6540
7810,7810,7810
7440,7440,7440
5171,5171,5171
7790,7790,7790
6126,6126,6126
5410,5410,5410
5164,5164,5164
8400,8400,8400
4115,4115,4115
9220,9300,5200
9500,9500,9500
5910,5910,5910
7770,7770,7770
5145,5145,5145
2700,2200,2200
3510,3510,3510
6116,6111,6111
6460,5910,5910
5530,5530,5530
9800,9800,9800
7550,7550,7550
5350,6126,6126
4130,4130,4130
7420,7420,7420
4240,4210,4210
5560,5560,5560
3400,3400,3400
5920,5920,5920
7403,7403,7403
7120,7120,7120
7720,7720,7720
9340,9400,9400
9400,9400,9400
9220,9220,9220
9230,5210,5210
2200,2200,2200
7600,7600,7600
7440,7440,7440
7010,7010,7010
6440,6430,6430
7790,7790,7790
9510,9500,9500
6320,6320,6320
3500,3500,3500
9600,9600,9600
4210,4210,4210
7565,9235,9235
5910,5910,5910
8800,9600,6410
9400,9320,9320
5520,5520,5520
7403,7403,7403
4240,4240,4240
9600,5870,9600
6332,6332,6332
8221,7350,7350
5120,5120,5120
9230,9230,9230
5830,5830,5830
7550,7550,7550
3210,3210,3210
5200,5200,5200
5910,5910,5910
3510,3510,3510
4200,4200,4200
5142,5142,5142
5920,5920,5920
9200,9200,9200
7360,7360,7360
8740,8740,8740
7740,7740,7740
9800,9800,9800
7403,7403,7403
6119,6119,6119
7010,7010,7010
7010,7010,7010
5220,5220,5220
9240,9314,9400
5920,5920,5920
8730,8730,8730
7360,7360,7360
6126,6126,6126
6330,6330,6330
7455,5840,5840
6111,6111,6111
5360,5910,5360
7200,7200,7200
9120,7710,7710
9120,9120,9120
7550,7550,7550
9240,9312,9400
5530,5530,5530
5410,5410,5410
5830,5830,5830
7110,7110,7110
6120,6120,6120
7410,7410,7410
9311,9311,9311
5932,5932,5932
6126,6126,6126
9312,9310,9310
5911,5911,5911
6127,6111,6119
7110,7110,7110
7402,7402,7402
5164,5164,5164
5146,5146,5146
4010,4010,4010
5410,5410,5410
7403,7403,7403
8160,8160,8160
6333,6333,6333
5933,5933,5933
5920,5920,5920
2700,2700,2700
1130,1130,1130
6126,6126,6126
7550,7550,7550
6421,6421,6421
7340,7340,7340
7565,7565,7565
2200,2200,2200
4113,4113,4113
9240,9600,9600
2500,2500,2500
6320,9800,6332
6110,6110,6110
7402,7402,7402
8850,8850,8850
5200,5200,5200
6333,6333,6333
5940,5940,5940
7403,7403,7403
7010,7010,7010
4114,4114,4114
7330,7330,7330
6135,6135,6135
5320,5700,5700
6520,6510,6510
7110,7110,7110
8400,8400,8400
9220,9220,9220
8730,8730,8730
3110,3110,3110
5200,5200,5200
7735,7735,7735
9315,9315,9315
7110,7110,7110
2700,5930,5360
7720,7720,7720
5330,5330,5330
4210,5910,5910
7800,7800,7800
9400,9400,9400
5126,5120,5120
7210,7210,7210
7455,7455,7455
3130,3130,3130
5933,5933,5933
8400,9230,9230
4112,4112,4112
4110,4110,4110
6333,6333,6333
7560,7560,7560
9400,9210,9500
5210,5210,5210
6333,6333,6333
8330,6280,6280
7505,7505,7505
5560,5560,5560
7360,7360,7360
5410,5410,5410
6333,6333,6333
7740,7740,7740
6110,6110,6110
5420,5420,5420
9230,9230,9230
6420,6420,6420
7100,7100,7100
1230,1230,1230
2700,2700,2700
7402,7402,7402
6320,6320,6320
9600,9600,9600
6260,9400,9400
9312,9312,9312
5936,5936,5936
3510,3510,3510
7530,7736,7736
7440,7440,7440
7405,7405,7405
9400,9400,9400
5142,5142,5142
5200,5200,5200
7730,7730,7730
7545,7545,7545
9510,9800,9800
6280,6280,6280
7720,7720,7720
5146,5146,5146
7403,7403,7403
9120,9120,5530
9400,9400,9400
4111,4111,4111
8850,8850,8850
5937,5937,5937
7740,7740,7740
6332,6330,6330
7710,7710,7710
5173,5173,5173
5520,5520,5520
6121,6121,6121
6415,6415,6415
8400,8400,8400
5520,9310,5420
7450,7450,7450
4240,4240,4240
7450,7450,7450
6415,6410,6410
7450,7800,7800
7405,7405,7405
7820,7820,7820
7450,7450,7450
3120,3120,3120
7120,7120,7120
6405,5920,5920
4130,4130,4130
5160,5160,5160
7530,7530,7530
7480,7480,7480
5550,5550,5550
6124,6114,6114
7510,7520,7520
9240,9220,9220
7402,7402,7402
5520,5520,7210
7440,7440,7440
3510,3510,3510
7380,7380,7380
6405,6405,6405
9240,9240,9240
5600,5310,5310
7710,7710,7710
5920,5920,5920
3130,3130,3130
7120,7120,7120
6320,6320,6320
5146,5146,5146
7440,7440,7440
8130,8130,8130
9314,6430,6430
7403,7403,7403
7405,7405,7405
5200,5210,5210
6120,6120,6120
7110,7110,7110
7322,7322,7322
7321,7321,7321
9240,9240,9240
9310,7220,9310
8730,8730,8730
4240,4240,4240
5160,5160,5160
6300,6520,6520
6333,6333,6333
9330,9330,9330
7580,5911,5911
4116,5550,5550
8160,8160,8160
7780,7780,7780
7720,7720,7720
4210,4210,4210
7760,5911,7455
6332,5910,7450
8300,8300,8300
9400,9210,9210
6320,6320,6320
4114,7500,7500
6135,6135,6135
5920,5920,5920
4115,4115,4115
7440,7440,7440
7790,7790,7790
5340,5340,5340
6119,6119,6119
7110,7110,7110
9800,9800,9800
6333,6333,6333
3400,3400,3400
7450,7450,7450
5921,5921,5921
7350,7310,5911
7480,7480,7480
9400,9600,9600
7010,7010,7010
6320,6320,6320
8130,8130,8130
6510,6510,6510
5870,5870,5870
7455,7455,7455
6333,6333,6333
7402,7402,7402
7740,7740,7740
5210,5210,5210
6120,6120,6120
7403,7403,7403
9110,8330,8330
2200,2200,2200
5911,7560,7560
6131,6131,6131
7600,7600,7600
2800,2800,2800
6540,6540,6540
7420,7420,7420
7340,7340,7340
5700,5700,5700
6421,6421,6421
4200,4200,4200
9220,9220,9220
7710,7710,7710
8330,8400,8400
7402,7402,7402
5420,5420,5420
9312,9312,9312
8160,8160,8160
7405,7405,7405
5360,5360,5360
7450,7450,7450
6111,6111,6111
7405,7405,7405
6320,6270,6270
6280,6117,6117
7790,7790,7790
6530,6530,6530
7340,7340,7340
4113,7735,7735
8730,8730,8730
3110,3110,3110
6250,6250,6250
7545,5940,7545
8730,8730,8730
5210,5210,5210
3110,3110,3110
5210,5210,5210
5141,5141,5141
4111,4111,4111
5140,5140,5140
5500,5910,5910
8500,8500,8500
5940,5940,5940
5940,5340,5930
6333,6333,6333
5560,5560,5560
9210,5210,5210
5911,5911,5911
5910,5910,5910
6333,6333,6333
7850,7850,7850
4240,4240,4240
7550,7550,7550
5120,5120,5120
6114,6114,6114
6139,6139,6139
2700,2700,2700
8730,6320,7550
5171,5171,5171
5520,5520,5520
1230,1230,5560
8100,8100,8100
5310,5310,5310
7011,7011,7011
3200,3200,3200
7730,7730,7730
4113,4113,4113
7220,7220,7220
7545,7545,7545
6430,9240,9240
9240,9240,9240
7735,7735,7735
7450,7450,7450
7735,7735,7735
5700,5700,5700
7403,7403,7403
7450,7450,7450
4111,4111,4111
7100,7100,7100
6117,6117,6117
7550,7550,7550
8830,8830,8830
6136,6136,6136
5940,5940,5940
5911,5911,5911
6333,6333,6333
7550,7550,7550
3500,3500,3500
7440,7440,7440
7550,7550,7550
4700,4700,4700
5360,5360,5360
8400,8400,8400
9600,9600,9600
7740,7740,7740
7110,7110,7110
5932,5932,5932
7600,8330,8330
6114,6114,6114
9240,9240,9240
7403,7403,7403
7520,7520,7520
4115,4115,4115
7450,7450,7450
5145,5145,5145
7440,7440,7440
6333,6333,6333
5936,5936,5936
7200,7200,7200
4210,4210,4210
5210,5210,5210
7440,7440,7440
8330,7210,7010
6119,6119,6119
7100,7100,7100
7010,7010,7010
7010,7200,7100
4115,4115,4115
9240,9240,9240
7405,7405,7405
9315,9400,9240
1130,1130,1130
3010,3010,3010
4010,4010,4111
6333,6333,6333
7402,7402,7402
4600,4600,4600
5936,5936,5936
5164,5164,5164
7440,7440,7440
7510,7510,7510
7010,7010,7010
6330,6330,6330
8400,8400,8400
9400,1130,1130
6333,6333,6333
9400,9400,9400
5200,5200,5200
7750,7730,7750
6126,6126,6126
7330,7330,7330
5140,5140,5140
7360,7360,7360
5410,5410,5410
4111,4111,4111
7600,7600,7600
4111,4111,4111
7200,7200,7200
9600,9600,9600
5930,5932,5932
6333,6333,6333
7750,7750,7750
7721,7721,7721
9313,6430,6430
4113,4113,4113
6131,5700,5700
7430,7430,7430
6112,6112,6112
5230,5230,5230
7730,7730,7730
7530,7530,7530
7565,7565,7565
6280,6540,6540
7500,7500,7500
6139,6131,6131
5146,5146,5146
7410,7410,7410
6126,6126,6126
6550,6405,6405
7322,7322,7322
5700,5700,5700
8140,8140,8140
7710,7710,7710
9400,9400,9400
7600,7600,7600
5920,5920,5920
7012,7012,7012
6332,6332,6332
6110,6110,6110
5940,5940,5940
4210,4210,4210
5932,5932,5932
4220,4220,4220
6126,6126,6126
3110,3110,3110
8130,8130,8130
7790,9311,9311
6100,6100,6100
7405,7405,7405
4116,4116,4116
5120,5120,5120
6111,6111,6111
7110,7110,7110
5420,5420,5420
4020,4020,4020
7402,7550,7550
5510,5510,5510
7120,7120,7120
5910,5910,5910
6333,6460,6460
5910,5910,5910
7900,7900,7900
4210,4210,4210
7770,7770,7770
7550,7550,7550
3120,3120,3120
5910,5910,5910
5530,5530,5530
6111,6111,6111
5911,5911,5911
7010,7010,7010
9312,9312,9312
6333,6333,6333
9800,9800,9800
7736,7736,7736
4120,3900,3900
7430,7430,7430
5560,5560,5560
5210,5210,5210
7010,7010,7010
9400,9400,9400
7402,7402,7402
7560,7560,7560
7565,7565,7565
6119,6119,6119
5700,5700,5700
2700,2700,2700
9400,9400,9400
4240,4240,4240
6117,6117,6117
5200,5200,5200
8150,8150,8150
4111,4111,4111
7030,7030,7030
7500,7500,7500
6119,6119,6119
7430,7430,7430
6119,6119,6119
7405,7405,7405
7820,7820,7820
6320,6320,6320
9800,9800,9800
7120,7120,7120
5172,5172,5172
7780,7780,7780
7736,7736,7736
5210,5210,5210
2700,2700,2700
5930,5930,5930
7402,7402,7402
2800,7735,4010
9312,9312,9312
3120,3120,3120
7820,7800,7800
7440,7440,7440
7120,7120,7120
7520,7520,7520
7350,7350,7350
7740,7740,7740
9240,6280,6320
7200,7210,7210
9800,9800,9800
6112,6112,6112
9315,9315,9315
7720,7720,7720
4130,5910,4700
2700,2700,2700
7560,7560,7560
7520,7520,7520
6320,6320,6320
7900,7900,7900
7440,7440,7440
7565,7565,7565
6430,6420,6420
5200,5200,5200
7740,7740,7740
6333,6333,6333
7402,7402,7402
5170,5170,5170
6280,9320,9400
7780,7780,7780
4240,4240,4240
9400,9500,1100
5920,5920,5920
7402,7402,7402
7565,4113,4113
5163,5163,5163
7440,7440,7440
7110,7110,7110
5911,5911,5911
9315,9800,9800
7403,7403,7403
5172,5172,5172
5350,7720,7720
4111,4111,4111
6131,6131,6131
7321,7321,7321
9311,9311,9311
7360,7360,7360
6280,6280,6280
5340,5340,5340
2910,2700,2700
7720,7720,7720
5145,7010,7010
7810,7810,7810
5533,5533,5533
7720,7720,7720
4200,4200,4200
7735,7735,7735
7830,7830,7830
6110,6110,6110
1140,1140,1140
7360,7360,7360
8400,8400,8400
9800,9800,9800
5520,5520,5520
7430,7430,7430
7210,7210,7210
6333,6333,6333
7450,7450,7450
7403,7403,7403
6320,6320,6320
9220,9220,9220
5700,5700,5700
7440,7440,7440
5532,6430,6430
6333,6333,6333
7740,7740,7740
6320,6330,6330
7850,7850,7850
7750,3110,3110
6333,6333,6333
5540,5540,5540
3110,3110,3110
7340,7340,7340
3120,3120,3120
5934,5932,5932
4240,4240,4240
3110,3110,3110
7100,7100,7100
5920,5920,5920
5220,5220,5220
7540,7540,7540
9210,9312,9312
4400,4400,4400
3400,3400,3400
4240,4240,4240
7430,7430,7430
6320,6320,6320
7500,7500,7500
6333,6333,6333
5210,5210,5210
7410,7410,7410
5172,5172,5172
7735,7735,7735
6121,6121,6121
0,0,0
6320,6320,6320
9200,5210,5210
6112,6112,6112
5360,5360,5360
7200,6310,7200
7440,7440,7440
2700,9120,9120
7402,7402,7402
7735,7735,7735
7350,7350,7350
7120,7120,7120
7550,7550,7550
6280,6280,6280
3400,3400,3400
8400,8400,8400
7560,7560,7560
7110,7110,7110
5936,5936,5936
7402,7402,7402
6121,6121,6121
6110,6110,6110
6110,6110,6110
6415,6415,6415
7520,7550,7550
7200,5420,5420
9800,9800,9800
8840,8840,8840
7440,3400,3400
3120,3120,3120
5870,5870,5870
4200,4210,4210
5171,5171,5171
7010,7010,7010
5166,5166,5166
6121,6121,6121
9120,6540,6540
7820,7820,7820
5532,5532,5532
7430,7430,7430
7200,7200,7200
7840,7840,7840
7520,7520,7520
5120,5120,5120
6333,6333,6333
4210,4210,4210
9315,9311,9311
5410,5410,5410
5200,5200,5200
6333,6333,6333
9312,9230,9230
7770,7770,7770
3500,3500,3500
5332,5332,5332
6270,6270,6270
7430,7430,7430
9315,8730,8730
5230,5360,5360
7565,7565,7565
7440,7440,7440
7550,7550,7550
9311,9311,9311
4400,4400,4400
8120,7730,7730
5700,5700,5700
5141,5141,5141
6114,6114,6114
6120,7012,7012
3120,3120,3120
7520,7520,7520
6119,6119,6119
5164,5164,5164
6114,6114,6114
7450,7450,7450
6110,6110,6110
5532,5532,5532
6116,6116,6116
5142,5142,5142
9315,9315,9315
4117,4117,4117
7420,7420,7420
5210,5210,5210
2700,2700,2700
7450,2700,7730
7520,9400,9400
9600,9600,9600
9120,6430,6430
4117,4117,4117
8320,6540,6550
6430,6430,6430
5930,5930,5930
5320,5320,5320
5921,5921,5921
9600,9600,9600
7405,7405,7405
7565,7565,7565
9600,9600,9600
9315,9315,9315
6332,6332,6332
4020,4020,4020
6117,6117,6117
7360,7360,7360
5210,5210,5210
7565,7565,7565
6112,6112,6112
6260,6260,6260
6320,6320,6320
7800,7800,7800
5532,5532,5532
7410,7410,7410
5530,5530,5530
5911,5911,5911
6210,6210,6210
9400,9400,9400
7360,7360,7360
5200,5200,5200
7110,7110,7110
1140,1140,1140
7310,7310,7310
2700,9240,9240
4115,4115,4115
6405,6405,5230
5164,5164,5164
5550,9800,9800
5700,5700,5700
7420,7420,7420
7403,9315,9315
7560,7560,7560
9240,9400,9400
6134,6134,6134
5520,5520,5520
5932,5932,5932
5240,5240,5240
5142,5142,5142
7770,9312,9312
3010,3010,3010
6405,6116,6116
5350,5350,5350
5920,5920,5920
7440,7440,7440
3500,3500,3500
7735,7735,7735
5933,5933,5933
6111,6111,6111
7610,7610,7610
6320,6320,6320
6540,6510,6510
5930,5930,5930
7200,9600,7200
7321,7321,7321
4114,4114,4114
7403,7403,7403
7440,7440,7440
7321,7321,7321
7401,9400,9400
7455,7455,7455
6117,6280,5170
7420,7420,7420
8850,8850,8850
5920,5920,5920
5350,5350,5350
8160,8160,8160
8160,8150,8150
7410,7410,7410
7110,7120,7120
7520,7520,7520
5936,5936,5936
3100,9220,9220
6119,6119,6119
3200,3200,3200
7550,7550,7550
6280,6280,6280
7310,9600,9600
9600,9600,9600
7110,7110,7110
5940,5940,5940
7600,7600,7600
7760,7750,7750
7410,7410,7410
6430,6430,6430
8130,8130,8130
4113,4113,4113
5570,5570,5570
5146,5146,5146
5530,5530,5530
9600,7000,9600
7900,7900,7900
6415,6415,6415
6530,6530,6530
5220,9315,9315
1230,9200,9200
8221,8221,8221
7100,7100,7100
5171,5171,5171
4130,4130,4130
7720,7720,7720
6320,6320,6320
6135,6135,6135
4700,4700,4700
6111,6111,6111
5911,5911,5911
5430,5430,5430
7200,7200,7200
7110,7110,7110
4210,4210,4210
6110,6110,6110
7402,7402,7402
4210,4210,4210
4110,4110,4110
5430,5430,5430
5940,5940,5940
3510,3510,3510
5910,5910,5910
5933,5933,5933
7450,7450,7450
4240,4240,4240
7404,7404,7404
5142,5142,5142
7403,7403,7403
4020,4020,4020
9330,9400,7740
7402,7402,7402
6333,6333,6333
7110,7110,7110
5530,5530,5530
5340,5340,5340
5120,5120,5120
7405,7405,7405
5930,5930,5930
8400,8400,8400
5940,5940,5940
9400,9400,9400
6420,6420,6420
5240,5240,5240
5700,5700,5700
6116,6116,6116
9315,9315,9315
5910,5910,5910
5174,5174,5174
4240,4240,4240
7402,7402,7402
7110,7110,7110
5530,5530,5530
7430,7430,7430
5160,5160,5160
2200,2200,2200
5800,5800,5800
2200,2200,2200
2200,2200,2200
5931,5930,5930
5162,5162,5162
6280,6280,6280
7600,7600,7600
7020,7020,7020
7770,7770,7770
4020,4020,4020
2200,2200,2200
9400,9240,1140
6126,6126,6126
7440,7440,7440
9600,9600,9600
6260,6260,6260
9600,7330,9600
6333,6333,6333
6138,5350,5350
6260,6260,6260
7220,7220,7220
4130,4130,4130
5533,5533,5533
8820,8820,8820
7820,7820,7820
6280,6280,6280
5420,5420,5420
5340,5340,5340
5230,5230,5230
9230,5920,9230
5210,5700,5550
5440,5440,5440
6440,6440,6440
5911,5911,5911
7720,7720,7720
5840,5840,5840
7321,7321,7321
5530,5530,5530
4111,4111,4111
4200,4200,4200
5210,5210,5210
7130,8300,8300
5340,5340,5340
2100,2100,2100
7550,7420,7440
7840,7840,7840
5530,5530,5530
7600,7600,7600
8850,8850,8850
6415,6415,6415
4700,4700,4700
4150,4150,6111
5870,5870,5870
5910,5910,5910
5210,5210,5210
4112,4112,4112
6333,6333,6333
6332,6332,6332
5700,5700,5700
6131,6131,6131
5940,5940,5940
7330,7330,7330
4240,4240,4240
9311,9800,9800
7730,7730,7730
7403,7403,7403
6421,6250,6250
5830,5830,5830
9600,9600,9600
9320,9320,9320
7420,7420,7420
6333,6333,6333
5560,5560,5560
3120,3120,3120
5934,5934,5934
5930,5930,5930
4115,4115,4115
5830,5830,5830
6120,6120,6120
7740,7740,7740
7550,7550,7550
7323,7323,7323
5830,5830,5830
7440,7440,7440
7402,7402,7402
8150,8150,8150
4113,4113,4113
6119,6280,6280
6117,6117,6117
5521,5521,5521
6250,6430,6430
5920,5920,5920
5936,5936,5936
5142,5142,5142
5210,5210,5210
6111,6260,6111
6110,6110,6110
6333,6333,6333
7730,7730,7730
9800,9231,9231
9400,9400,9400
7110,7110,7110
3300,5910,5910
8150,8150,8150
6121,6121,6121
5143,5143,5143
6111,6111,6111
9200,6405,2700
5830,5830,5830
2200,2200,2200
6410,6410,6410
4210,4210,4210
7030,7030,7030
5130,5130,5130
5230,5230,5230
7900,7900,7900
7780,7780,7780
5911,5911,5911
7351,7351,7351
5210,9220,5210
6116,6270,6270
1100,1120,1120
7440,7440,7440
6540,6540,6540
3400,3400,3400
7550,7550,7550
2200,2200,2200
5921,7360,5921
7800,7800,7800
8730,8730,8730
5200,5200,5200
6116,6116,6116
8810,8810,8810
5210,5210,5210
4200,4200,4200
5143,5143,5143
3400,3400,3400
6332,6332,6332
3900,6320,3900
5911,5911,5911
5560,5560,5560
5910,5910,5910
5171,5171,5171
5938,5700,5938
7736,7736,7736
7500,7595,7595
7110,7110,7110
9800,9800,9800
5930,5930,5930
9240,9240,9240
9400,9400,9400
7110,7110,7110
3010,3010,3010
6332,9240,9240
9210,9210,9210
5870,5870,5870
5120,5120,5120
5910,5911,5911
5220,5200,5200
5830,5830,5830
7200,7200,7200
5146,5146,5146
5911,5911,5911
8140,8140,8140
7380,7380,7380
4020,4117,4117
6200,6200,6200
6114,6114,6114
7210,7210,7210
5830,5830,5830
4210,4210,4210
7403,7403,7403
3700,5910,3700
7450,3020,7430
1230,1230,1230
6117,6117,6117
7440,7430,7430
2800,7450,7450
4116,4116,4116
9700,9700,9700
6530,6530,6530
9231,9231,9231
9360,9360,9360
6139,6139,6139
7730,7730,7730
7321,7321,7321
5600,5600,5600
8400,9320,9320
7740,7740,7740
6530,6117,6117
4111,4111,4111
4113,4113,4113
7403,7403,7403
7720,7720,7720
7740,7740,7740
5911,5911,5911
5145,5145,5145
7430,7430,7430
7340,7340,7340
9510,9510,9510
7402,7402,7402
7430,7430,7430
9800,9800,9800
5130,5130,5130
6130,7410,7410
6280,6280,6280
5700,5700,5700
4700,4700,4700
7430,7430,7430
7350,7350,7350
6333,6333,6333
6111,6111,6111
5932,5932,5932
5200,5200,5200
7455,7455,7455
6110,6110,6110
9600,2100,2100
6320,6320,6320
5911,5911,5911
7740,7740,7740
7550,7550,7550
7403,7403,7403
5600,5600,5600
6117,6117,6117
6112,6112,6112
6112,6112,6112
2700,2600,2600
5530,5530,5530
7200,7200,7200
8330,8330,8330
3500,3500,3500
7800,7735,7735
8400,8400,8400
6333,6333,6333
5142,5142,5142
7120,7120,7120
6333,6280,6333
7420,7420,7420
4210,4210,4210
7405,7405,7405
7403,7403,7403
5530,5530,5530
6117,6117,6117
7010,7010,7010
6280,6320,6320
5143,5143,5143
7721,7721,7721
4210,4210,4210
5350,5350,5350
7735,7735,7735
7430,7430,7430
5933,5933,5933
9314,9314,9314
5164,5164,5164
9220,9240,9240
6280,6280,6280
7720,7720,7720
6333,6420,6420
9800,9800,9800
9400,9350,9350
7440,7440,7440
4110,4110,4110
7810,7810,7810
9311,9400,9400
6430,6430,6430
5121,5121,5121
4210,4200,4200
7900,7810,7810
7490,5921,5921
7480,7480,7480
9510,9500,9500
7550,7550,7550
5925,5925,5925
5936,5936,5936
5530,5530,5530
5570,5570,5570
4113,4113,4113
7120,7120,7120
4210,4210,4210
6320,6320,6320
7403,7403,7403
6119,6119,6119
8150,7130,7130
7010,7010,7010
7402,7402,7402
7740,7740,7740
6430,6430,6430
6332,6332,6332
5530,5530,5530
8400,8400,8400
2600,2600,2600
4118,4118,4118
7750,7750,7750
7403,7403,7403
3400,3400,3400
5360,5360,5360
9315,6415,6415
5140,5140,5140
7600,7600,7600
5126,5126,5126
7410,7720,7720
7740,7740,7740
7600,7600,7600
5310,5310,5310
6333,6333,6333
3500,2800,7420
3210,3210,3210
5410,5410,5410
5171,5171,5171
7420,7420,7420
6333,6333,6333
8400,8400,8400
3800,3800,3800
9600,9600,9600
5940,5940,5940
9800,9800,9800
6119,1130,1130
7550,7550,7550
0,0,0
7403,7403,7403
7110,7110,7110
3900,3900,3900
5937,5937,5937
2800,2800,2800
6415,6415,6415
5140,9800,9800
5450,6280,9130
6332,6332,6332
9600,9600,9600
7200,7200,7200
7402,7402,7402
4240,4240,4240
4130,4130,4130
7480,7480,7480
4115,4115,4115
7340,7340,7340
7360,7360,7360
5937,5937,5937
7560,7560,7560
8320,8320,8320
9320,9320,9320
7402,7402,7402
7455,7455,7455
5700,5160,5160
5310,5310,5310
5911,5911,5911
5174,5166,6280
5830,5830,5830
7403,7403,7403
6333,6333,6333
4020,4700,4700
7020,4150,9240
6112,6112,6112
5146,5146,5146
7550,7550,7550
5560,5560,5560
6132,6132,6132
6530,6430,6530
5360,5910,5910
6116,6116,6116
8400,8400,8400
2700,2700,2700
7360,7360,7360
6440,6440,6440
5350,5350,5350
7550,7550,7550
7405,7405,7405
6136,6136,6136
4700,4700,4700
7740,7740,7740
7600,7600,7600
3130,7550,5520
6111,6111,6111
9800,9800,9800
8310,8400,8310
5933,5933,5933
9320,9320,9320
5230,5230,5230
5940,5940,5940
7740,5910,5910
4118,4118,4118
9700,9700,9700
7300,7300,7300
6320,6320,6320
7390,7390,7390
6136,6136,6136
6119,6119,6119
6118,6118,6118
9500,9500,9500
6210,6210,6210
7403,7403,7403
5934,5934,5934
5530,5530,5530
4113,4113,4113
8220,8220,8220
5940,5530,5530
9600,2100,9600
4020,4020,4020
5210,5210,5210
4120,4120,4120
7300,7300,7300
7402,7402,7402
5920,5920,5920
4117,4117,4117
7740,7740,7740
5700,5700,5700
7110,7110,7110
7440,7440,7440
5700,5700,5700
7410,7410,7410
1230,1230,1230
6114,6114,6114
5920,5920,5920
6320,6320,6320
7730,7730,7730
5200,5200,5200
9233,9233,9233
5440,5440,5440
7010,7010,7010
9130,9130,7710
7810,7810,7810
5940,5940,5940
4020,4020,4020
8400,8400,8400
7300,7300,7300
5911,5911,5911
7735,7735,7735
9400,9400,9400
5600,5600,5600
5420,5420,5420
4240,4240,4240
5360,5200,5200
7740,7740,7740
9600,9600,9600
6320,6320,6320
6332,6332,6332
4112,4112,4112
6135,6135,6135
7600,7600,7600
2200,2200,2200
2100,2100,2100
7620,7620,7620
6130,6130,6130
9230,6310,5921
6320,6320,6320
5521,5521,5521
8400,7595,7500
2500,2500,2500
5937,5937,5937
5360,5360,5360
5410,5410,5410
7565,7565,7565
6250,6440,6260
7450,7450,7450
7740,7740,7740
6530,6530,6530
4111,4111,4111
7450,7450,7450
5530,5530,5530
7480,7480,7480
8220,8220,8220
4220,4220,4220
6333,6333,6333
4110,4110,4110
7740,9130,9130
6114,6114,6114
6118,6118,6118
9311,9315,9311
5911,5911,5911
6560,6560,6560
7100,7100,7100
6210,6210,6210
9230,9200,9200
9330,9330,9330
4111,4111,4111
5560,5560,5560
7440,7440,7440
6111,6111,6111
6460,6460,7600
5173,5173,5173
6332,6332,6332
4210,4210,4210
8240,5700,5700
5911,5911,5911
5600,5600,5600
4700,4700,4700
7450,4113,4113
8100,8100,8100
7450,7450,7450
6131,6131,6131
4020,4020,4020
7220,7220,7220
9312,9312,9312
2200,9233,9233
2200,2200,2200
7402,7402,7402
5911,5911,5911
7403,7403,7403
5520,5520,5520
7740,7740,7740
7220,7220,7220
5911,5911,5911
4112,4112,4112
7402,7402,7402
6111,6111,6111
7440,7440,7440
7402,7402,7402
5938,5938,5938
7440,7440,7440
4700,4700,4700
7360,7360,7360
5530,5530,5530
6130,6130,6130
5210,5210,5210
6440,6440,6440
6129,7010,5940
7740,6111,6111
7480,5930,7480
9400,9240,9240
7610,7610,7610
7740,7740,7740
5120,5410,5410
7360,7360,7360
5530,5530,5530
5932,5932,5932
7430,7430,7430
7011,7011,7011
6136,6136,6136
7210,7210,7210
5911,5911,5911
5570,5570,5570
7403,7403,7403
9311,9130,9130
5171,5171,5171
6131,6131,6131
7565,7565,7565
7736,7736,7736
7440,7440,7440
4120,4120,4120
6333,6333,6333
5570,5570,5570
7750,7750,7750
6540,6540,6540
7740,7740,7740
5310,5310,5310
7740,7740,7740
9800,9800,9800
6110,7011,6110
6540,6540,6540
5530,5530,5530
5340,5340,5340
9700,9300,9300
4030,4030,4030
7740,7740,7740
7735,7735,7735
2100,2100,2100
5510,5510,5510
7321,7321,7321
6320,6320,6320
5530,5530,5530
5560,5560,5560
4210,4210,4210
4111,4111,4111
7110,7110,7110
7560,7560,7560
6560,6560,6560
6450,6450,6450
6139,6139,6139
6135,6135,6135
6332,6332,6332
7736,7736,7736
4210,4210,4210
4115,4115,4115
8160,8160,8160
7100,7100,7100
4700,4700,4700
6117,6117,6117
6430,6430,6430
6121,6121,6121
2700,2700,2700
7430,7430,7430
3510,3510,3510
5911,5911,5911
5940,5940,5940
8221,8221,8221
6320,6320,6320
0,0,0
5350,6400,6400
7110,7110,7110
7410,7410,7410
3010,3010,3010
7120,7120,7120
5420,5420,5420
4700,4700,4700
5940,5940,5940
8730,8730,8730
7410,7410,7410
6280,6280,6280
2200,2200,2200
1130,7000,9320
7740,7740,7740
1120,1120,1120
9315,9400,9400
8500,9240,8500
5330,5330,5330
5360,5360,5360
9220,9130,9130
5440,5440,5440
7430,7430,7430
4115,4115,4115
5142,5142,5142
3400,3400,3400
8300,8300,8300
2600,9220,2600
7210,7210,7210
8200,8200,8200
2600,2600,2600
6332,6332,6332
8300,8300,8300
4112,4112,4112
3120,3120,3120
4020,4020,4020
5521,5521,5521
7360,7360,7360
4210,4210,4210
7545,7545,7545
7740,7740,7740
5700,5700,5700
6333,6333,6333
9130,3020,3020
7110,7110,7110
5932,5932,5932
2400,2400,9230
5921,7490,5920
8830,6530,8830
5143,5143,5143
5910,5910,5910
9312,9312,9312
7430,7430,7430
6136,6136,6136
7010,5911,5911
9210,9230,9230
5910,5910,5910
5940,5940,5940
1230,1230,1230
7420,7420,7420
6135,6135,6135
5140,5140,5140
7310,7310,7310
5330,5330,5330
7110,7110,7110
2200,2200,2200
7440,7440,7440
5163,5163,5163
9230,9230,9230
4010,5200,5200
5911,5911,5911
5800,5800,5800
7120,7120,7120
6421,9800,9800
7550,7520,7520
7120,7120,7120
6126,6126,6126
5911,5911,5911
9330,9400,9400
7402,7402,7402
6126,6126,6126
5910,5910,5910
7735,7735,7735
7450,7450,7450
2200,2200,2200
5911,5911,5911
9240,9240,9240
5340,5340,5340
5340,5340,5340
7720,7720,7720
7010,7400,7400
4111,4111,4111
5910,5910,5910
5530,5530,5530
9240,9240,9240
7770,7770,7770
4115,4115,4115
5940,5940,5940
5210,5210,5210
6320,6320,6320
6333,6333,6333
6110,7500,7500
7350,7350,7350
5936,5936,5936
7760,7760,7760
5940,5940,5940
6117,6117,6117
4111,4111,4111
6530,6530,6530
7740,7740,7740
5200,5200,5200
3110,3010,3010
5160,5160,5160
5830,5830,5830
7403,7403,7403
4240,4240,4240
6430,9800,9800
6110,6415,6415
8500,8500,8500
6117,6117,6117
3500,7402,5911
5210,5210,5210
9311,9800,9800
6332,6332,6332
7600,7600,7600
4115,4115,4115
1120,1120,1120
5920,5920,5920
6400,8830,8830
6112,6112,6112
9220,9220,9220
5911,5911,5911
8300,8300,8300
6139,6280,6280
9350,9350,9350
6126,6126,6126
5700,5700,5700
6560,6560,6560
7322,7322,7322
7360,7360,7360
6135,6135,6135
7560,7560,7560
5921,5921,5921
7030,7030,7030
9600,9600,9600
7740,7740,7740
5930,5930,5930
9330,7820,7820
7505,7500,7500
6332,6332,6332
2200,2200,2200
7110,7110,7110
7200,7200,7200
7770,7770,7770
4240,4240,4240
8330,7600,7401
5910,5910,5910
5530,5530,5530
9800,9500,9500
8310,5521,5870
3120,3120,3120
4210,4210,4210
9800,9800,9800
6117,6117,6117
6136,6136,6136
5560,5560,5560
6333,6333,6333
5911,5911,5911
1230,1230,1230
7010,7400,6332
9220,9220,9220
9700,7030,7030
5920,5920,5920
5940,5940,5940
5940,5940,5940
6119,6119,6119
6332,6332,6332
6333,6333,6333
5531,5531,5531
7402,7402,7402
7430,7430,7430
9220,9220,9220
7420,7420,7420
5911,3400,5911
5141,5141,5141
2200,2200,2200
5910,5910,5910
6139,6139,6139
7740,7740,7740
5910,5520,5910
4020,4020,4020
7790,7790,7790
6400,6400,6400
4111,4111,4111
6280,6280,6280
7402,7402,7402
5171,5171,5171
6130,6130,6320
7360,7360,7360
9320,9400,9400
5700,5700,5700
5145,5145,5145
7323,7323,7323
7010,7010,7010
9233,9233,9233
7740,7740,7740
5934,5934,5934
4118,4118,4118
5110,5110,5110
5910,5910,5910
6121,6121,6121
9800,9800,9800
5310,5310,5310
9510,1140,1140
4113,4113,4113
9240,9240,9240
5940,5940,5940
4240,4240,4240
4113,4113,4113
5230,5230,5230
6112,6112,6112
9600,9600,9600
5360,5360,5360
6210,9400,9400
5410,5410,5410
7740,9235,9235
1230,1230,1230
5162,5162,5162
7735,7735,7735
2200,2200,2200
6420,6430,7500
6132,6132,6132
6116,6116,6116
5210,5210,5210
5141,5141,5141
6117,6114,6114
4020,4020,4020
4111,4111,4111
9400,7900,7900
7402,7402,7402
4111,4111,4111
5360,5360,5360
5911,5911,5911
8320,8320,8320
9400,4111,4111
9320,9320,9320
7750,7750,7750
7820,7820,7820
5936,5936,5936
4240,4240,4240
7360,7360,7360
6320,9230,9230
7370,7370,7370
9500,9520,9520
7311,7311,7311
3510,3510,3510
5932,5932,5932
5930,5930,5930
3800,3800,3800
7440,9312,9312
8300,8300,8300
6138,6138,6138
5910,5910,5910
6333,6333,6333
5521,5521,5521
7405,7405,7405
4117,4117,4117
7350,7350,7350
3110,3110,3110
7011,7011,7011
7100,7100,7100
7440,7440,7440
5936,5936,5936
6415,6415,6415
7720,7720,7720
5600,5600,5600
7000,7000,7000
5160,5160,5160
5172,5172,5172
6332,6332,6332
5310,5310,5310
2200,9230,2200
5920,5920,5920
9220,7595,8400
6260,5210,5911
5560,5910,5910
5911,5911,5911
2700,7420,7420
7120,7120,7120
4220,4220,4220
9320,9313,9313
4200,4200,4200
2100,2100,2100
7900,7900,7900
5520,9311,9311
6136,6136,6136
7430,7430,7430
7565,7565,7565
5911,5911,5911
7440,7440,7440
6333,6333,6333
1130,1130,1130
7560,7560,7560
6430,6420,6430
7404,7404,7404
5141,5141,5141
4020,4020,4020
7740,7740,7740
6332,6332,6332
7560,7560,7560
8300,8300,8300
7405,7405,7405
5920,5920,5920
7560,7560,7560
5166,5166,5166
9600,9600,9600
5600,5600,5600
7430,7430,7430
7740,7740,7740
5360,5360,5360
5230,5230,5230
5360,5360,5360
3400,3400,3400
7420,7420,7420
7760,7760,7760
9313,7500,7500
5521,5521,5521
6130,6130,6130
5911,5911,5911
5940,5940,5940
7800,7430,7430
4111,4111,4111
7430,7430,7430
7450,5210,7450
6320,6320,6320
5920,5920,5920
9800,9800,9800
5230,5230,5230
6111,6111,6111
6310,6310,6310
6136,6136,6136
9400,9240,9240
6320,6320,6320
9600,9600,9600
5920,5920,5920
7440,7440,7440
9330,9330,9330
4240,4240,4240
5146,5146,5146
9400,9400,9400
7351,7351,7351
5910,5910,5910
9312,9312,9312
4111,4111,4111
7565,7565,7565
5410,5410,5410
6460,6460,6460
5550,5550,5550
7440,7440,7440
3020,3020,3020
2200,2200,2200
7440,7440,7440
9311,9311,9311
7210,7210,7210
8400,2200,9400
6116,6116,6116
6330,9800,6330
9130,9800,9800
7430,7430,7430
6400,6400,6400
9230,7500,7500
4113,4113,4113
4112,7770,7730
9315,6420,6420
4240,4240,4240
7520,7520,7520
7402,7402,7402
5230,5230,5230
7210,7210,7210
8800,7010,7010
7200,7200,7200
5830,5830,5830
4240,4240,4240
5410,5410,5410
7310,7310,7310
7720,7720,7720
2910,2910,2910
5936,5936,5936
6332,6332,6332
6210,6210,6210
8740,8740,8740
6110,6110,6110
7440,7430,7430
5940,5940,5940
5210,5550,5550
6421,6421,6421
7550,7550,7550
6430,6430,6430
7735,7735,7735
5360,5360,5360
5830,5830,5830
7380,7380,7380
7321,7100,7100
4114,5910,5910
9320,9320,9320
7740,7310,8500
6430,6430,6430
2910,2910,2910
5550,5550,5550
3110,3110,3110
9400,9400,9400
6114,6114,6114
5000,5000,5000
4115,4115,4115
4200,4200,4200
7403,7403,7403
3400,3400,3400
8400,8400,8400
7480,7480,7480
6405,9400,9400
7401,7410,7400
3500,3500,7500
4020,4020,4020
6117,6117,6117
3400,3400,3400
7550,7550,7550
6460,6460,6460
7530,7530,7530
5200,5200,5200
4111,4111,4111
5920,5920,5920
4210,4210,4210
6540,6540,6540
5170,5170,5170
6119,6119,6119
5911,5910,5910
7360,7360,7360
7110,7110,7110
7820,7820,7820
6332,6332,6332
7440,7440,7440
5934,5934,5934
3510,3510,3510
9240,9240,9240
7330,7310,7310
6134,6134,6134
7110,7110,7110
2200,2200,2200
7565,7565,7565
7403,7403,7403
5560,5560,5560
4010,4010,4010
9600,9600,9600
6118,6118,6118
5164,5164,5164
5911,5911,5911
3340,3340,3340
7220,7220,7220
7450,7450,7450
5210,9210,9210
5911,5911,5911
7403,7403,7403
2200,2200,2200
5921,5921,5921
3120,3120,3120
5521,5521,5521
3120,3120,3120
3130,3130,3130
5940,5940,5940
6122,6122,6122
6117,6117,6117
5920,5920,5920
6111,6111,6111
7546,7546,7546
5911,5911,5911
5932,5932,5932
9600,9600,9600
6420,9100,9100
3510,3510,3510
7530,7530,7530
7735,7735,7735
7430,7430,7430
5911,5911,5911
3500,3500,3800
6500,6520,6520
7405,7405,7405
7450,7450,7450
7820,9800,5940
5940,5940,5940
5820,9100,9100
3500,3500,3500
5440,5440,5440
6320,6320,6320
7560,7560,7560
5910,5910,9240
7800,7800,7800
7735,7735,7735
7404,7404,7404
7550,3100,3100
6230,6230,6230
8850,5870,5870
6116,6116,6116
9600,9600,9600
7403,7403,7403
3500,3500,3500
5210,5210,5210
5910,5911,5911
7550,7550,7550
5340,5340,5340
7220,9500,9500
7600,7600,7600
4700,4700,4700
5910,5910,5910
6320,6320,6320
6430,5200,5200
5940,5940,5940
4117,4117,4117
6136,6136,6136
5533,5533,5533
5130,5130,5130
7402,7402,7402
6421,6421,6421
7200,7200,7200
7600,7600,7600
4210,4210,4210
5350,5350,5350
4117,4117,4117
2700,2700,2700
5840,5840,5840
9500,9500,9500
7560,7560,7560
5910,5910,5910
5530,5530,5530
6400,6460,6460
6131,6131,6131
7735,7735,7735
9300,9300,9300
7420,7735,9400
5210,5210,5210
5830,5830,5830
7735,7730,7730
6333,6333,6333
7360,7360,7360
5560,5560,5560
7560,7560,7560
6450,6450,6450
6333,6333,6333
5210,5210,5210
5210,5210,5210
6135,6135,6135
7600,7500,7500
7740,7740,7740
7740,7740,7740
5700,5700,5700
7735,7735,7735
5530,5530,5530
5570,5570,5570
7000,9315,9315
9320,9320,9320
6117,6117,6117
7440,7440,7440
5911,5911,5911
4210,2600,4210
5830,5830,5830
5143,5143,5143
7110,7110,7110
6332,6332,6332
6135,6135,6135
7430,7430,7430
9315,9315,5520
3110,3110,3110
8160,8160,8160
9213,2800,2800
7800,7800,7800
4400,4400,4400
7402,7402,7402
4400,4400,4400
5350,5350,5350
3800,3800,3800
2200,2200,2200
9230,9230,9230
7450,4240,4240
5930,5930,5930
9312,7450,9312
6550,7500,7500
7455,7455,7455
9210,9311,9311
7405,7405,7405
9330,9330,9330
7730,7730,7730
7770,7770,7770
7770,7770,7770
6230,6230,6230
9800,9320,9320
4210,4210,4210
9230,9210,9210
7321,7321,7321
7440,7410,7410
5911,5911,5911
7720,7720,7720
5531,5531,5531
8740,8740,8740
7402,7402,7402
7740,7740,7740
5560,5560,5560
6430,6430,6430
8130,8130,8130
5142,5142,5142
5200,5200,5200
8400,8400,8400
4240,4240,4240
6280,6280,6280
5162,5162,5162
5911,2400,5911
5550,5550,5550
5840,5840,5840
4130,4130,4130
7810,7810,7810
9240,9240,9240
9130,9130,9130
7402,7402,7402
4114,4114,4114
9800,9800,9800
7455,7455,7455
5210,5210,9400
9231,9231,5200
5700,5700,5700
3500,3500,3500
5210,5210,5210
5200,5200,5200
7402,7402,7402
7360,7360,7360
7440,7440,7440
6320,6320,6320
4130,4130,4130
5830,5830,5830
5532,5532,5532
6119,6119,6119
7030,7030,7030
9230,9330,9330
5920,5920,5920
5600,5600,5600
7401,7500,7500
5210,5210,5210
8400,7595,8400
6320,6320,6320
6415,6415,6415
5700,5700,5700
6116,6116,6116
5700,5700,5700
5940,5940,5940
3200,3200,3200
5911,5911,5911
2700,2700,2700
8220,8220,8220
9600,5570,5570
7440,7440,7440
7440,7480,7480
7800,7800,7800
7210,7210,7210
7440,7440,7440
6116,6116,6116
7440,7440,7440
7720,7720,7720
9500,9800,9800
5911,7565,7565
7820,9510,7820
5932,5932,5932
5910,5910,5910
6110,5932,5932
7402,7402,7402
6260,6405,6405
7570,7570,7570
9500,9500,9500
4113,4113,4113
7740,7740,7740
8860,8820,8820
1140,5910,5910
7520,7520,7520
7810,7810,7810
5936,5936,5936
7120,7120,7120
3400,3400,3400
5921,5921,5921
6332,6332,6332
5440,5440,5440
6420,6420,6420
5162,5162,5162
9500,9500,9500
7011,7011,7011
7402,7402,7402
0,0,0
6111,6117,6117
7440,7440,7440
5163,5163,5163
5700,5700,5700
7200,7200,7200
6137,6137,6137
5921,5921,5921
7740,5911,5911
5911,5911,5911
9800,9800,9315
6116,6116,6116
6112,6117,6110
5340,5340,5340
6116,6116,6116
8700,8740,8740
9311,9400,9311
9400,9320,9320
7430,7430,7430
5921,5921,5921
6320,6320,6320
7740,7740,7740
6530,6530,6530
5120,5120,5120
6320,6320,6320
6110,6110,6110
5920,5920,5920
6111,6111,6111
7200,7200,7200
5230,5230,5230
5171,5171,5171
4114,4114,4114
6510,6540,6540
5340,5340,5340
5925,5925,5925
5932,5932,5932
7360,7360,7360
6126,6126,6126
7011,7011,7011
5940,5940,5940
7600,7600,7600
5171,5171,5171
5532,5532,5532
7030,7030,7030
6135,6135,6135
5360,5360,5360
9316,9316,6420
7011,7011,7011
5910,5910,5910
2100,2100,2100
6110,7200,6110
7440,7440,7440
7020,3500,7020
5530,5530,5530
5933,5932,5932
6540,6540,6540
6131,6131,6131
7110,7110,7110
7430,7430,7430
5142,5142,5142
8400,8400,8400
6540,6540,6540
7440,7440,7440
6129,6129,6129
7010,7500,5940
6110,6110,6110
4114,4114,4114
8160,8160,8160
5520,5520,5520
6430,6430,6430
6114,6114,6114
7210,7210,7210
6320,6320,6320
5830,5830,5830
6119,6119,6119
7020,7020,7020
7110,7110,7110
7110,7110,7110
5533,5533,5533
9314,9314,9314
5210,5200,5200
6200,6200,6200
3020,7480,7480
9520,9500,9500
7450,7450,7450
5340,9233,5340
7200,7200,7200
7900,7900,7900
7420,7430,7440
1110,9300,9300
6440,6440,6440
7505,7505,7505
5150,6131,6131
5210,5210,5210
6540,7010,7010
6333,6333,6333
5520,5520,5520
6333,6333,6333
5521,5521,5521
9600,9400,9400
7620,7620,7620
7600,7600,7600
5700,5700,5700
6320,6320,6320
5532,9800,9800
5147,5940,5940
7012,7012,7012
7440,7440,7440
5936,5936,5936
6333,6333,6333
7300,7300,7300
8500,8500,8500
5142,5142,5142
5933,5933,5933
9240,9240,9240
9600,9600,9600
5931,5930,5930
6127,6120,6120
4111,5700,4111
8220,8220,8220
5910,5910,5910
8400,8400,8400
7402,7402,7402
3500,3500,3500
5200,5200,5200
9500,6440,6440
7750,7750,7750
9231,9231,9231
6114,6114,6114
7440,7440,7440
7720,7720,7720
4240,4240,4240
7740,7740,7740
6332,6332,6332
7010,7010,7010
9600,9600,9600
6111,6111,6111
4210,4210,4210
2200,2200,2200
5925,5925,5925
5911,5911,5911
6400,6400,6400
4118,4118,4118
3130,7550,7550
5160,5160,5160
6114,6114,6114
6112,5120,5120
7402,7402,7402
7455,7455,7455
6260,6200,6200
5410,5410,5410
5533,9800,9800
6333,6320,6320
7402,7402,7402
5910,5910,5910
5920,5920,5920
7323,7323,7323
6130,6130,6130
5930,5930,5930
5911,5911,5911
9800,9800,9800
7620,7620,6450
5174,7350,7350
7440,7440,7440
3110,3110,3110
8800,8330,8820
7210,7210,7210
7560,5910,5910
7420,7420,7420
4111,4111,4111
7820,7820,7820
1230,1230,1230
7110,7110,7110
5920,5920,5920
7565,7565,7565
4111,4111,4111
6110,6110,6110
4120,4120,4120
5520,5520,5520
5940,5940,5940
6280,6280,6280
6117,6117,6117
5920,5920,5920
1230,1230,1230
5210,5210,5210
4210,4210,4210
6320,6320,6320
4020,4020,4020
5940,5940,5940
6333,6333,6333
7402,7550,7550
8400,8400,8400
4210,4210,4210
6560,6560,6560
5910,5910,5910
9240,5210,5210
5550,5550,5550
5520,5520,5520
5925,5925,5925
7430,7430,7430
6118,6118,6118
6110,6110,6110
4210,4210,4210
5210,5210,5210
5830,5830,5830
5127,5127,5127
7400,7400,7400
5920,5920,5920
9311,9314,9314
7210,7210,7210
5910,5910,5910
7360,7360,7360
4113,4113,4113
4111,4111,4111
2200,2200,2200
5920,5920,5920
4240,4240,4240
6420,6420,6420
6320,6320,6320
5200,5200,5200
5925,5925,5925
9800,9800,9800
2400,9240,9240
1130,1130,1130
5540,5911,5911
6510,9600,6510
9200,6280,6280
7110,7110,7110
2200,2200,2200
7340,7340,7340
9600,9600,9600
5920,5920,5920
9800,9800,9800
7735,7735,7735
9240,9400,9240
7321,7321,7321
6333,6333,6333
4116,4116,4116
6270,7000,7000
5830,5830,5830
2100,2100,2100
5340,5340,5340
4020,5910,5910
2700,2700,2700
6333,6333,6333
5700,5700,5700
7450,7450,7450
3020,5930,3020
9330,7600,7600
9800,7500,7500
7360,7360,7360
5925,5925,5925
5932,5930,5930
6430,6430,6430
9312,9312,9312
7405,7405,7405
9500,9510,9510
5911,5911,5911
4118,4118,4118
7600,7600,7600
7530,7530,7530
5164,5164,5164
7455,7455,7455
9400,9400,9400
7402,7402,7402
5700,5700,5700
6333,6333,6333
9800,9800,9800
7470,7470,7470
7430,7430,7430
7100,7100,7100
4100,9230,5700
7403,7403,7403
6320,6320,6320
9240,6250,6250
5330,5330,5360
4116,4116,4116
6210,6210,6210
1230,1230,1230
6320,6320,6320
4020,5360,5360
7730,8300,8300
5938,7450,7403
7020,7020,7020
5340,5340,5340
9231,9231,9231
6450,6450,6450
5420,5420,5420
7735,7735,7735
7820,7820,7820
6260,6260,6260
3120,3120,3120
7402,7402,7402
5210,5210,5210
7505,7505,7505
7010,7010,7010
7735,7735,7735
5560,5340,5340
6260,6500,6500
6135,6135,6135
9800,9800,9800
5921,5921,5921
3500,3500,3500
7440,7440,7440
9700,1100,1100
7735,7735,7735
9313,9313,9313
7120,7120,7120
6119,5935,5935
5920,5920,5920
5940,5940,5940
6110,6116,6110
7736,7736,7736
9240,9240,9240
5925,5925,5925
1100,9310,9310
7110,7110,7110
6420,5410,5410
4120,4120,4120
6332,6332,6332
7505,7505,7505
7405,7405,7405
5210,5210,5210
8400,8400,8400
7100,7100,7100
5700,5700,5700
7570,7570,7570
7405,7405,7405
7430,7430,7430
7735,7735,7735
3110,3110,3110
6421,6421,6421
5933,5933,5933
7010,6116,6116
7550,7550,7550
7030,7030,7030
7350,7310,7310
5700,5700,5700
4116,4116,4116
8500,8500,8500
6320,6320,6320
7530,7530,7530
9310,9310,9310
7735,7735,7735
6320,6320,6320
6111,6111,6111
7550,7550,7550
9312,7030,7030
5940,5940,5940
6280,6280,6280
5141,5141,5141
5700,5700,5700
7360,7360,7340
8820,8820,8820
5940,5940,5940
6450,9400,9400
5310,5310,5310
6415,6415,6415
6280,6280,6280
4020,4020,4020
9600,9600,9600
2200,2200,2200
5530,5530,5530
1230,1230,1230
5920,5920,5920
7030,7030,7030
7405,7405,7405
7340,7340,7340
2200,2200,2200
7740,7740,7740
6333,6333,6333
4111,4111,4111
7440,7440,7440
1120,9310,9310
5560,6200,6200
4700,4700,4700
4020,4400,4400
5143,5143,5143
6119,6119,6119
9233,9233,9233
7480,7470,7735
6333,6333,6333
5911,5911,5911
5921,5921,5921
7440,7440,7440
7440,7440,7440
6119,6119,6119
5210,5210,5210
5570,5570,5570
4130,9240,4150
9800,9800,9800
7730,7730,7730
6270,6270,6270
5210,5210,5210
7360,7360,7360
7820,7820,7820
8800,7310,7310
5560,5560,5560
7300,7300,7300
4210,4210,4210
5700,5700,5700
6530,6530,6530
6332,5350,5350
4111,4111,4111
9211,9211,9211
7520,7520,7520
8130,8130,8130
7420,7420,7420
3110,3110,3110
7430,7430,7430
7570,7570,7570
7340,7340,7340
7550,7550,7550
5700,5700,5700
6139,6139,6139
4130,7570,7570
4200,8400,8400
4240,4240,4240
7500,7500,7500
6112,6112,6112
7405,7405,7405
9600,9600,9600
6333,6320,6320
5934,5934,5934
5911,5911,5911
5925,5925,5925
6136,6136,6136
7600,7600,7600
8150,8150,8150
6510,6510,6510
4020,4020,4020
7440,7440,7440
7310,7310,7310
7600,7600,7600
5840,5840,5840
7530,2900,2900
7120,7120,7120
4210,4210,4210
9800,9800,9800
7730,7730,7730
7770,7770,7770
7100,5820,5820
5533,5533,5533
8330,8330,8330
9315,9315,9315
9330,9330,9330
4115,4115,4115
6111,6111,6111
4118,4118,4118
5910,5910,5910
4500,4500,4500
4240,4240,4240
6333,6333,6333
2700,2700,2700
2200,2200,2200
7420,7420,7420
5920,5920,5920
2200,2200,2200
9311,9500,9500
6131,5920,5920
5700,5700,5700
7440,7440,7440
7360,7360,7360
6131,6131,6131
6111,6111,6111
5120,5120,5120
7820,7820,7820
5120,5120,5120
9600,9600,9600
8400,8400,8400
6110,6110,6110
4310,4310,4310
7455,7455,7455
6332,6332,6332
6280,6280,6280
6116,6116,6116
7410,7410,7410
9240,9400,9400
6420,6420,6440
1140,1140,1140
6134,6134,6134
6117,6117,6117
6116,6116,6116
9315,9315,9315
3510,3510,3510
7430,7430,7430
3510,3510,3510
7120,7120,7120
7430,7430,7430
5560,5560,5360
5200,5200,5200
6460,6460,6460
7550,7550,7550
7010,7010,7010
2200,2200,2200
8400,8400,8400
7830,7830,7830
7402,7402,7402
9510,9510,9510
6540,6122,5200
5933,5933,5933
5210,5210,5520
3400,3400,3400
7600,7600,7600
7220,7220,7220
6110,6110,6110
7010,7010,7010
6134,6134,6134
5700,5164,5164
5310,5310,5310
9311,9315,5532
4115,4115,4115
7740,7740,7740
3010,3010,3010
7430,7430,7430
5171,5171,5171
4116,4116,4116
4210,4210,4210
7560,7560,7560
7740,7740,7740
7810,7810,7810
6280,6280,6280
7810,7810,7810
7735,7735,7735
6126,6126,6126
5911,5911,5911
6400,6410,6410
7450,7450,7450
4115,4115,4115
7020,7020,7020
7500,7500,7500
6530,6530,6530
4240,4240,4240
5200,5200,5200
7455,7455,7455
3510,3510,3510
5210,5210,5210
6250,9315,7200
9220,9210,9210
6280,6280,6280
7565,7565,7565
7560,7560,7560
3020,3020,3020
5911,5911,5911
2200,2200,2200
5530,5530,5530
4111,4111,4111
6530,6540,7200
7110,7110,7110
9315,7800,7800
6114,6114,6114
7430,7430,7430
8330,8330,8330
6117,6117,6117
6400,6400,6400
9315,9315,9315
7735,7735,7735
7740,7740,7740
3500,3500,3500
6440,1230,1230
5870,5870,5870
4500,4500,4500
5521,5521,5521
6110,6110,6110
7450,7450,7450
6332,1230,1230
5940,9320,9320
9510,9500,9500
6440,6440,6440
5925,5925,5925
5600,5600,5600
5210,5210,5210
5910,5910,5910
3500,3500,3500
8400,8400,8400
5911,5911,5911
7710,7710,7420
6450,6420,6450
6280,6430,6280
3120,9800,9800
9315,7820,7820
6137,6137,6137
2200,2200,2200
4115,4115,4115
6333,6320,6333
9313,9313,9313
6280,6280,6280
5533,5533,5533
7440,7440,7440
6114,6114,6114
5124,5124,5124
8400,8400,8400
7402,7402,7402
8820,8820,8820
8730,8730,8730
5530,5530,5530
8840,5910,5910
6430,6430,6430
5600,5600,5600
9200,9200,9200
3900,3900,3900
7403,7403,7403
7550,7550,7550
7311,7311,7311
7110,7110,7110
7200,9100,9100
5911,5911,5911
7200,7200,7200
6333,6333,6333
7740,7740,7740
5921,5921,5921
7404,7404,7404
6550,6114,6114
7351,7351,7351
4114,4114,4114
5910,8500,8500
6114,6114,6114
7770,7770,7770
7110,7110,7110
6111,6111,6111
6320,6320,6320
5940,5940,5940
5540,5540,5540
4115,4115,4115
5530,5530,5530
7840,7840,7840
9600,9600,9600
6117,6117,6117
8700,9312,8730
1140,9400,9400
7800,5932,5932
7735,7735,7735
6430,9400,9400
3130,3130,3130
5340,5340,5340
6332,6332,6332
6333,6333,6333
7010,9314,9314
9800,9800,9800
5910,5910,5910
7550,7550,7550
5142,5142,5142
6333,6333,6333
5911,5911,5911
7736,7736,7736
7420,7420,7420
5410,5410,5410
6134,6134,6134
5160,5160,5160
5171,5171,5171
6260,7600,7600
7300,7010,7010
7403,7403,7403
9600,9600,9600
4112,4112,4112
2490,2490,2490
7520,7520,7520
7210,7210,7210
9315,6430,6430
3020,7520,7520
5700,5940,5700
9500,9500,9500
5510,5510,5510
6111,6111,6111
5200,5200,5200
4700,4700,4700
6333,6333,6333
5600,2200,5700
5163,5163,5163
5210,5210,5210
5520,9600,9800
9200,3500,3500
5530,5530,5530
7740,7740,7740
2200,2200,2200
5930,5930,5930
7450,7450,7450
7450,4120,4120
6550,7500,7500
7440,7440,7440
5210,5210,5210
9230,5440,6130
7200,7200,7200
4240,4240,4240
4210,4210,4210
9800,9800,9800
9350,9350,9350
6131,6131,6131
7450,7450,7450
6530,6530,6530
9800,9800,5700
7820,7820,7820
5940,5940,5940
7311,7311,7311
5936,5936,5936
9400,9400,9400
6320,6320,6320
5911,5911,5911
7300,9220,9220
9400,9400,9400
7600,7600,7600
6333,6333,6333
5700,5700,5700
7360,7360,7360
7400,7400,7400
9230,7900,7900
3500,3500,3500
9240,5167,5940
7810,7810,7810
9400,5910,5910
7350,7350,7350
7403,7403,7403
7200,7200,7200
5921,5921,5921
3010,3010,3010
7595,7595,7595
4220,4220,4220
5940,5940,5940
7735,7735,7735
4240,4240,4240
7440,7440,7440
7545,7545,7545
5310,5310,5310
7730,7730,7730
6126,6126,6126
8400,9230,9230
9600,9600,9600
6119,6119,6119
9311,9311,5940
5410,5410,5410
6530,6530,6530
5920,5920,5920
5171,5171,5171
5700,5700,5700
7020,7010,7020
7440,7440,7440
7740,7740,7740
5911,5911,5911
7405,7405,7405
7560,7560,7560
7545,7545,7545
5210,5210,5210
9500,7220,9600
6110,7011,7011
4020,5521,4020
5320,5320,5320
7770,7770,7770
4111,4111,4111
5560,5560,5560
4250,4210,4210
9313,9800,9800
9400,9400,7010
7740,7740,7740
4117,4117,4117
5570,9240,9240
5911,5911,5911
3500,3500,3500
6530,6530,6530
5210,5210,5210
5533,5533,5533
7740,7740,7740
5127,5940,5940
5560,1230,1230
7200,7450,5560
5200,5200,5200
1230,1230,1230
9312,9312,9312
7720,7720,7720
5520,5520,5520
5920,5920,5920
9370,9370,9370
7500,7500,7500
5700,5700,5700
7721,7721,7721
6117,6280,6280
6118,6118,6118
4113,4113,4113
7405,7405,7405
3900,3900,3900
6121,6121,6121
9210,9210,9210
7120,7120,7120
7810,7810,7810
5142,5142,5142
2200,2200,2200
5700,1130,5700
5932,5932,5932
6320,6320,6320
6420,6430,6430
9600,9600,9600
7120,7120,7120
4010,4010,4010
5570,5570,5570
4700,4700,4700
7510,7510,7510
5410,5410,5410
7450,7450,7450
9400,9400,9400
4020,4020,4020
7120,7120,7120
6131,6131,6131
5200,5200,5200
7820,7820,7820
7600,7600,7600
6333,6333,6333
7545,9800,7545
9600,9600,9600
7550,7550,7550
5420,5420,5420
5930,5932,5932
7735,7735,7735
6560,6560,6560
7210,6135,6110
9230,9230,9230
6112,6112,6112
3500,3500,3500
5936,5936,5936
5920,5920,5920
5200,5200,5200
5200,5200,5200
6118,6118,6118
5126,5126,5126
7403,7403,7403
6320,6320,6320
7120,7120,7120
7565,7565,7565
4210,4210,4210
6540,6540,6540
7810,7810,7810
7322,7322,7322
9240,9240,9240
7720,7710,7710
2700,2700,2700
7430,7430,7430
5140,5140,5140
6320,6320,6320
5911,5911,5911
7530,1140,1140
6120,6120,6120
8400,8400,8400
5430,5430,5430
7600,7600,7600
7820,9311,9311
5142,5142,5142
5911,5911,5911
5530,7340,7340
6440,7020,7020
5220,5220,5220
2200,9230,9230
2200,2200,2200
8160,8160,8160
7450,7450,7450
5940,5940,5940
7740,7740,7740
6460,6460,6460
6430,6430,6430
4240,4210,4210
6117,6111,6111
6117,6117,6117
7520,3130,7520
6320,6320,6320
6135,6135,6135
6420,5540,5540
8160,8160,8160
5910,5910,5910
7600,7600,7600
5936,5936,5936
9800,8330,6430
6130,6111,6111
6121,6121,6121
7402,7402,7402
5910,4210,7735
3210,3210,3210
7110,7110,7110
6440,6440,6440
7600,7600,7600
6333,6333,6333
6332,6332,6332
7550,7550,7550
7110,7110,7110
5830,5830,5830
9240,9240,9240
6250,6560,6560
7400,7400,7400
9600,9600,9600
0,9800,9800
7402,7402,7402
7600,7600,7600
9300,9300,9300
7311,7311,7311
7565,7565,7565
7730,7730,7730
9400,9400,9400
5142,5142,5142
7420,7420,7420
6135,6540,6540
7560,7560,7560
6116,6116,6116
7403,7403,7403
7740,7740,7740
7405,7405,7405
7130,8150,8150
6250,6250,6250
7300,7300,7300
9600,9600,9600
6270,6270,6270
9720,9700,9700
7440,7440,7440
2200,2200,2200
6530,6530,6530
7403,7403,7403
7403,7403,7403
7350,7350,7350
7740,7740,7740
7030,7030,7030
9600,9600,9600
5340,9233,5340
7800,7800,7800
6415,6415,6415
7011,7011,7011
9240,9500,2800
6114,6114,6114
5200,5200,5200
8140,8140,8140
7800,9800,9800
8210,8330,8330
4117,4117,4117
6280,5200,5200
6333,6333,6333
7402,7402,7402
7830,7830,7830
4210,4210,4210
1130,9400,9400
5911,5911,5911
7420,7440,7440
5911,5911,5911
5937,5937,5937
6110,6110,6110
6131,6131,6131
4210,4210,4210
4210,4210,4210
6333,6333,6333
6330,6332,6332
7820,7820,7820
5560,5560,5560
5350,5350,5350
5932,5932,5932
6320,6320,6320
5350,5350,5350
6430,6430,6430
6280,6280,6280
7520,7750,7750
5930,5930,5930
7530,7530,7530
9230,9230,9230
4113,4113,4113
7340,7340,7340
7565,7565,7565
6430,6250,6250
5870,5870,5870
5510,5510,5510
9312,9800,9315
6114,6114,6114
9800,9800,9800
5700,5700,5700
3100,3100,3100
7565,7565,7565
7010,7010,7010
3700,3700,3700
6137,6137,6137
6333,6333,6333
8310,6110,6110
8600,8600,8600
9700,1230,1230
6114,6114,6114
5360,5360,5360
5700,5700,5700
7550,7550,7550
5120,5120,5120
5940,5940,5940
6117,6117,6117
7360,7360,7360
5142,5142,5142
5911,5911,5911
2200,2200,2200
9320,4130,9320
5933,5933,5933
3340,3340,3340
4240,4240,4240
5911,5910,5911
6136,5150,6132
6420,6421,5521
7430,7430,7430
5210,5210,5210
4210,4210,4210
7600,7600,7600
6332,6332,6332
7402,7402,7402
6320,6333,6320
5120,5120,5120
7750,7750,7750
5120,5120,5120
6300,6320,6320
4111,4111,4111
7420,7420,7420
6333,6333,6333
8130,8130,8130
6280,6280,9130
3210,3210,3210
7440,7440,7440
9800,7800,7800
1230,1230,1230
9240,9600,9600
6139,6139,6139
7720,7720,7720
5920,5920,5920
8730,8730,8730
6430,6430,6430
7780,7780,7780
7120,7120,7120
6530,6530,6530
9400,9240,9240
7440,7440,7440
7710,7710,7710
5142,5142,5142
4113,7450,7450
6210,6210,6210
6300,6300,6300
5936,7311,5936
7440,7440,7440
3510,3510,3510
7440,7440,7440
2200,2200,2200
5920,5920,5920
6139,6139,6139
5936,5936,5936
7550,7550,7550
9800,9300,9310
7450,7450,7450
6280,6280,6280
9240,9400,9400
9120,9120,9120
7440,7440,7440
7440,7440,7440
7440,7440,7440
5420,5420,5420
7311,7311,7311
3400,3400,3400
3510,3510,3510
7721,7721,7721
8140,8140,8140
7550,7550,7550
4111,4111,4111
4116,4116,4116
3110,3110,3110
3120,3120,3120
4111,4111,4111
5840,5840,5840
7430,7430,7430
7403,7403,7403
6333,6333,6333
6320,6320,6320
6117,6117,6117
4600,4600,4600
6117,6117,6117
7740,7740,7740
5350,5350,5350
5910,5910,5910
5910,5910,5910
7500,9800,9800
6280,6280,6280
6270,6270,6270
6135,6135,6135
7820,7820,7820
5932,5932,5932
3010,7550,7550
7720,7720,7720
7560,7560,7560
5940,5940,5940
7430,7430,7430
3400,3400,3400
9231,9231,9231
7403,7403,7403
2100,2100,2100
4118,4118,4118
6126,6126,6126
6430,6430,6430
7545,7545,7545
7820,7820,7820
6111,6111,6111
9600,9600,9600
7011,7011,7011
4115,5840,5840
8820,8820,8870
5530,5530,5530
5910,5910,5910
7430,7430,7430
2700,2700,2700
7830,7830,7830
9800,9311,9311
7520,7700,7700
6114,6114,6114
9600,9600,9600
7403,7403,7403
1130,9400,9400
5910,5910,5910
6320,6320,6320
4210,4210,4210
4210,4210,4210
2700,2700,2700
9400,9400,9400
7900,7900,7900
6280,6280,6280
7402,7402,7402
7200,6540,6540
6132,6132,6132
5700,6333,5700
7420,7420,7420
9600,9600,9600
6430,6430,6430
6124,6124,6124
5600,5600,5600
5210,5210,5210
6333,6333,6333
4210,4210,4210
8820,6110,6110
7740,7740,7740
9400,9400,9400
7430,7430,7430
5520,5530,5520
6430,6430,6430
6116,6116,6116
5540,9800,9315
7770,7770,7770
9213,9210,9210
7736,7736,7736
9311,7010,7010
5350,5350,5350
5700,5700,5700
6500,6500,6500
7570,7570,7570
5830,5830,5830
6114,6114,6114
7440,7440,7440
7740,7740,7740
6320,6320,6320
7405,7405,7405
7403,7403,7403
8300,8300,8300
6332,6332,6332
7405,7405,7405
3130,7750,7750
5940,5940,5940
5911,5911,5911
7550,7550,7550
5911,5911,5911
7830,7830,7830
5930,5930,7750
5530,6332,6332
7110,7110,7110
5700,5700,5700
5200,5200,5200
6114,6114,6114
0,0,0
9231,9231,9231
6111,6111,6111
6135,6135,6135
9600,9600,9600
4111,4111,4111
5800,5860,5860
6320,6320,6320
5532,5532,5532
5230,5230,5230
3500,3600,3600
7110,7110,7110
7403,7403,7403
4230,9240,7550
3800,3800,3800
7500,7500,7500
5210,6110,5200
7110,7110,7110
8400,8400,8400
3120,3100,3100
6114,6114,6114
7402,7402,7402
8160,8160,8160
6117,6117,6117
8400,8400,8400
9800,5531,5531
9240,9400,9400
8810,8810,8810
7810,7810,7810
9600,8300,9600
7450,7450,7450
4120,4120,4120
7110,7110,7110
6118,6260,6260
9240,9240,9240
5911,5911,5911
9800,5520,5520
3400,5910,5910
6250,6560,5410
9240,9240,9240
7530,7530,7530
3500,3500,3500
5220,5220,5220
6332,6332,6332
8740,8740,8740
7480,9330,9330
6119,6119,6119
7740,7740,7740
5430,5430,5430
7430,7430,7430
9330,9330,9330
7120,7120,7120
5230,5230,5230
7740,7740,7740
4240,4240,4240
5933,5933,5933
5937,5937,5937
7740,7740,7740
7401,7401,7401
3110,3110,3110
8400,8400,8400
5930,5936,5936
8810,8810,8810
6117,6117,6117
7420,7420,7420
7440,7440,7440
5700,5700,5700
7402,7402,7402
8820,7300,7300
5940,5210,5210
5171,5171,5171
5145,5145,5145
9600,9600,9600
9600,9600,9600
9600,9600,9600
8300,8300,8300
7440,7440,7440
5210,9600,6330
7550,7550,7550
4600,4600,4600
7590,7590,7590
7800,7800,7800
5921,5921,5921
7402,7402,7402
7580,7580,7580
7540,4010,4010
9200,5910,5910
7440,7440,7440
5830,6332,6332
8400,8400,8400
5936,5936,5936
7480,7480,7480
5360,5360,5360
9231,9231,9231
7340,7340,7340
5911,5911,5911
7440,7440,7440
5911,7430,3400
7570,7570,7570
7440,7440,7440
6110,6110,6110
5931,5930,5930
7510,7510,7510
8400,8400,8400
8400,8400,8400
7010,7010,7010
3120,3120,3120
7600,7600,7600
7210,7200,5360
9800,9800,9800
7810,7810,7810
9520,9520,9520
5142,5142,5142
5830,5830,5830
7450,7450,7450
7402,7402,7402
9330,9330,9300
7736,7736,7736
7735,7735,7735
6530,6530,6530
5120,5120,5120
7736,7736,7736
5911,5911,5911
7210,7210,7210
5700,5700,5700
7740,7740,7740
7540,7540,7540
5200,5200,5200
5700,5700,5700
5940,5940,5940
6310,7200,7200
8860,9330,9330
5910,5910,5910
9240,7010,6114
4700,4700,4700
5520,5520,5520
7550,7550,7550
7530,5550,5550
2300,2300,2300
2200,2200,2200
6117,6117,6117
3400,3400,3400
5350,5350,5350
5870,5870,5870
2400,2400,2400
7110,7110,7110
7360,7360,7360
5530,5530,5530
3700,3700,3700
6119,6116,6116
6333,6333,6333
4112,4112,4112
6420,6405,6405
7900,7900,7900
7735,7402,7402
5931,5931,5931
5120,5120,5120
5940,7402,7402
9510,9310,9500
7110,7110,7110
8800,7330,7330
5200,5200,5200
5911,5911,5911
9330,6405,6405
5210,5210,5210
6333,6333,6333
7420,7420,7420
7550,7550,7550
5937,5937,5937
5920,5920,5920
7710,7710,7710
5210,5210,5210
7403,7403,7403
9312,9312,9230
7120,7120,7120
5440,5440,5440
5911,5911,5911
7120,7120,7120
5700,5700,5700
6450,6450,6450
5120,5120,5120
5936,5936,5936
6430,6430,6430
5530,5530,5530
2800,2800,2800
6440,6440,6440
7500,7401,7401
7110,7110,7110
6421,6421,6421
7736,7736,7736
3120,3120,3120
9110,6332,6332
5210,5210,5210
4020,4020,4020
6333,6333,6333
7300,7300,7300
7600,7600,7600
7120,7120,7120
7120,7120,7120
9240,9210,9210
4113,4113,4113
9230,9230,2200
7800,7800,7800
7200,7210,7210
5142,5142,5142
7010,4130,4130
4700,4700,4700
5532,5532,5532
7560,7560,7560
7740,7740,7740
5911,5911,5911
7600,7600,7600
7350,7350,7350
5200,5210,5210
7565,7565,7565
4200,4240,4240
7550,7550,7550
6113,6113,6113
2200,2200,2500
6137,6137,6137
5520,5520,5521
7770,7770,7770
7402,7402,7402
7790,7735,7735
8150,8150,8150
9220,9220,9220
8400,8400,8400
5510,9220,9220
7565,7565,7565
3110,3110,3110
2200,2200,2200
7430,7430,7430
5560,6320,6320
5330,5330,5330
6460,6117,6117
7740,7740,3300
9240,9240,9240
5910,5910,5910
7770,7770,7770
9510,6440,6440
5940,5940,5940
5230,9240,6260
7450,7450,7450
6112,6112,6112
5937,5937,5937
7200,7200,7200
7565,7565,7565
7780,7780,7780
6330,6330,6330
5142,5142,5142
7790,7790,7790
5530,5530,5530
5530,5530,5530
5936,5936,5936
7780,7780,7780
7360,7360,7360
5533,5530,5530
5167,5167,5167
1300,7110,7110
6332,6332,6332
5911,5911,5911
5940,5940,5940
5350,5350,5350
8150,8150,8150
8300,8300,8300
7405,7405,7405
9330,9330,9330
5920,5920,5920
7735,7600,7600
7450,7450,7450
6333,6333,6333
4240,4240,4240
6116,6116,6116
5172,5172,5172
9311,9311,9311
8810,8810,8810
5530,5530,5530
5911,5911,5910
8400,8400,8400
5360,5360,5360
5700,5700,5700
5940,5940,5940
3120,3120,3120
9330,9330,9330
5510,5510,5510
3400,3400,3400
7430,7430,7430
6332,7410,7410
4700,4700,4700
9235,9235,9235
7810,7810,7810
5870,5870,5870
6320,6320,6320
7120,7120,7120
8150,8160,2700
9600,9600,9600
5162,5162,5162
7560,7560,7560
5530,9800,9800
9200,9800,9800
9330,9240,9240
7550,7550,7550
2700,2700,2700
7450,7450,7450
5910,5910,5910
6114,6114,6114
7560,7560,7560
9520,9520,9520
7410,7410,7410
7402,7402,7402
5330,5330,5330
6136,6136,6136
8810,8810,8810
7710,7710,7710
8160,8160,8160
7740,7740,7740
6126,6126,6126
5550,7340,7340
5120,5120,5120
6134,5160,5160
6121,6121,6121
5162,5162,5162
7402,7402,7402
5830,5170,5170
7730,7730,7730
5141,5141,5141
5937,5937,5937
7350,7350,7350
7735,7735,7735
5210,5925,5925
6116,6116,6116
5200,5200,5200
7450,4111,4111
7565,7565,7565
5521,5521,5521
8160,8160,8160
5330,5330,5330
7010,7010,7010
4010,4010,4010
9100,9316,9316
5550,5550,5550
8221,8221,8221
7402,7402,7402
8140,8140,8140
9320,9320,9320
5911,5911,5911
3510,3510,3510
4240,4240,4240
2700,2700,2700
5510,5510,5510
7410,7410,7410
5210,5210,5210
8300,8300,8300
7440,7440,7440
6136,6136,6136
6421,6332,6332
3400,3400,3400
5830,5830,5830
6300,6300,6300
7110,7110,7110
6110,6110,6110
7410,7410,7410
4110,6332,6332
4600,4600,4600
5120,5120,5120
4210,4210,4210
9315,9315,9315
7210,6550,9800
8221,8221,8221
7455,7455,7455
7405,7405,7405
6118,6118,6118
4120,7300,7300
7800,7800,7800
7360,7360,7360
4117,5430,4117
6332,6332,6332
6421,6421,6421
5140,5140,5140
5921,5921,5921
6510,6510,6510
6121,6121,6121
5910,5910,5910
5550,9800,9800
5910,5910,9210
5172,5172,5172
7830,7830,7830
5936,5936,5936
5350,5350,5350
5932,5933,5930
5200,5200,5200
2100,2100,2100
5700,5700,5700
7120,7120,7120
6310,6300,6300
5360,5360,5360
2200,2200,2200
6126,6126,6126
5360,5360,5360
5560,5560,5560
3340,3340,3340
5171,5171,5171
6110,6110,6110
7450,7450,7450
4240,4240,4240
8400,8400,8400
7340,7340,7340
4240,4240,4240
2800,2800,2800
6530,6530,6530
7405,7405,7405
5145,5145,5145
7480,7480,7480
5830,5830,5830
6430,6540,6540
4113,4113,4113
7770,7770,7770
5200,5200,5200
7520,7520,7520
6117,6110,6110
7710,7710,7710
7430,7430,7430
6270,6270,6270
5210,5210,5210
9500,2700,2700
7900,7900,7900
5920,5920,5920
7110,7110,7110
4210,4210,4210
7020,7020,7020
7360,7360,7360
9311,9310,9310
7720,7720,7720
6320,6320,6320
5940,5940,5940
7350,7350,7350
5932,5932,5932
9400,9400,9400
8150,8150,8150
5200,5200,5200
5930,5930,5930
6116,6116,6116
5521,7030,7030
4114,4114,4114
9400,9400,6460
6333,6333,6333
5164,5164,5164
1230,1230,1230
6111,6111,6111
4240,4210,4210
7565,7565,7565
4115,4115,4115
7780,7780,7780
7110,7110,7110
4700,4700,4700
4113,4113,4113
7220,7220,7220
7800,7800,7800
7360,7360,7360
7340,7340,7340
4111,4111,4111
1130,1130,1130
8400,8400,8400
7610,7610,7610
7430,7430,7430
3210,3210,3210
4200,4200,4200
9500,1130,1130
5210,5200,5200
4111,5700,5700
7550,7550,7550
4115,4115,4115
9231,9231,9231
1230,1230,1230
6126,6126,6126
7450,7450,7450
5510,5510,5510
4210,4210,4210
4200,4200,4200
7340,7340,7340
6136,6136,6136
8150,8150,8150
7403,7403,7403
9600,9600,9600
5933,5933,5933
6333,6333,6333
5932,5932,5932
5911,5911,5911
6119,6119,6119
7440,7440,7440
3300,7440,7440
7402,7402,7402
6111,6111,6111
8310,7600,8310
4600,4600,4600
7550,5200,5200
6110,6110,6110
8330,7850,7850
3330,3330,3330
6135,6135,6135
5172,5172,5172
7530,7530,7530
8320,8320,8320
7200,7200,7200
5550,9312,9312
6126,6126,6126
5210,5210,5210
5600,5600,5600
5430,5430,5430
5830,5830,5830
8500,8500,8500
6330,6440,6440
4020,4020,4020
9230,7530,7530
4700,4700,4700
2100,2100,2100
6550,5410,5410
6280,5210,5210
7012,7012,7012
7220,7220,7220
6114,6114,6114
5360,5360,5360
5142,5142,5142
2200,2200,2200
5700,5700,5700
6114,6114,6114
6320,6320,6320
6333,6333,6333
7011,7011,7011
7440,7440,7440
5700,5700,5700
5700,5700,5700
2200,2200,2200
6320,6320,6320
9800,9800,9800
7750,7750,7750
6333,6333,6333
9600,9600,9600
7440,7440,7440
1230,5521,5521
5910,5932,5932
7820,7820,7820
6126,6126,6126
7351,7351,7351
7200,7200,7200
7110,7110,7110
6415,6415,6415
7210,7210,7210
5142,5142,5142
5210,5210,5210
9720,9310,9700
4220,4220,4220
5910,5910,5910
6280,6280,6280
5210,5210,5210
5935,5935,5935
9100,9330,9330
7520,7520,7520
5530,5530,5530
1240,4240,4240
6420,6270,6270
5830,5830,5830
5910,7560,7560
4000,9315,6405
6110,6110,6110
5936,5936,5936
5173,5173,5173
5170,7450,7450
8400,8400,8400
6333,6333,6333
4110,7770,3500
9400,9400,9400
7710,7720,7720
0,0,0
6320,6320,6320
5940,5940,5940
6333,6333,6333
6460,6460,6460
6320,6320,6320
5700,5910,5910
5330,5330,5330
6111,6111,6111
6111,6111,6111
5210,5700,5700
9800,9800,9800
7402,7402,7402
5533,5533,5533
7321,7321,7321
9000,6510,6510
5510,5510,5510
9400,9400,9400
7736,7736,7736
7100,7100,7100
5410,5410,5410
5560,5560,5560
5940,5940,5940
7720,7720,7720
5142,5142,5142
7740,7740,7740
5210,5210,5210
6122,6122,6122
8140,8140,8140
6540,9600,7010
4210,4210,4210
5210,5210,5210
6333,6333,6333
7200,7200,7200
2700,9330,7430
5930,5930,5930
6405,9240,9240
2200,2200,2200
5920,5920,5920
5911,5911,5911
9120,9315,9315
6120,6120,6120
6110,6110,6110
7210,7210,7210
6440,6530,6530
7390,7390,7390
8320,8320,8320
9120,9315,9330
7110,7200,7200
7560,7560,7560
3800,3800,3800
5700,5700,5700
3020,3020,3020
5920,5920,5920
9330,9330,9330
5936,5936,5936
7740,7740,7740
7400,7430,7430
7450,7450,7450
6320,6320,6320
2200,2200,2200
3500,3500,3500
5220,5220,5220
5240,5240,5240
5350,5350,5350
7350,7350,7350
5171,5171,5171
7360,5911,9210
5910,5910,5910
7430,3020,3020
7820,7820,7820
2200,2200,2200
5911,5911,5911
5210,5940,5210
6332,6332,6332
5933,5933,5933
7710,7710,7710
6114,6114,6114
8810,6132,5700
5920,5920,5920
5550,5550,5550
3100,3100,3100
6333,6333,6333
6320,6320,6320
6430,6430,6430
9315,9315,9315
8220,6421,6421
7402,7402,7402
2100,2100,2100
7430,7430,7430
4220,4220,4220
9231,9231,9231
6250,6118,6118
7730,7730,7730
7360,7360,7360
7350,7350,7350
7770,7770,7770
7545,7545,7545
7110,7110,7110
6116,6126,6126
7405,7405,7405
7210,7210,7210
6320,6320,6320
5230,5230,5230
5520,5520,5520
5910,5910,5910
5360,5360,5360
5810,5810,5810
6415,6415,6415
6139,6139,6139
3010,3010,3010
1230,1230,1230
5910,5910,5910
6320,6320,6320
5230,5230,9500
5210,5210,5210
5200,5200,5200
5540,5540,5540
5700,5700,5700
2700,2700,2700
7520,7520,7520
7600,7600,7600
9233,9233,9233
5830,5830,5830
7450,7450,7450
5340,5340,5340
4010,4010,4010
4117,4117,4117
7110,7110,7110
7010,7010,7010
3400,3400,3400
8400,8400,8400
7310,7310,7310
7550,7550,7550
5521,7030,4115
5921,5921,5921
5420,5420,5420
6136,6136,6136
4117,5700,5700
9800,9800,9800
5700,5700,5700
3120,3120,3120
2700,2700,2700
9315,9315,9315
5420,5420,5420
5120,5120,5120
6320,6320,6320
2100,2100,2100
7480,7480,7480
6560,6560,6560
7450,7450,7450
5921,5921,5921
7010,7010,7010
7720,7720,7720
7120,7120,7120
7210,7210,7210
7700,7700,7700
5172,5172,5172
4110,4110,4110
4111,4111,4111
4200,4200,4200
4118,4118,4118
7360,7360,7360
4310,4310,4310
9400,9400,1140
7120,5200,5200
6134,6134,6134
9311,9311,9311
5310,5310,5310
5360,5360,5360
7820,7820,7820
5820,9313,9313
8130,8130,8130
5167,6130,6130
3010,9500,9500
9510,9510,9510
5410,5410,5410
7810,7810,7810
7405,7405,7405
5921,5921,5921
9600,9600,9600
7110,7110,7110
9400,9400,9400
7735,7735,7735
7440,7430,7440
6139,6139,6139
3110,3110,3110
4700,4700,4700
7405,7405,7405
3510,3510,3510
9800,9800,9800
4112,4112,4112
5911,5911,5911
6415,6415,6415
5932,5932,5932
5121,5121,5121
5830,5830,5830
4020,4111,4111
7750,7750,7750
7450,7450,7450
4110,7450,7450
7500,5360,5360
5510,5510,5510
4020,5360,5360
5210,5210,5210
6110,6110,6110
9800,9800,9800
7720,7720,7720
1230,1230,1230
6333,6333,6333
9600,9600,9600
7450,7450,7450
7440,7440,7440
7200,7200,7200
8700,8700,8700
5210,9500,9500
7540,7540,7540
5920,5920,5920
7210,7210,7210
3510,3510,3510
7200,7200,7200
6136,6136,6136
5911,5911,5911
6333,6333,6333
6530,6510,6510
5940,5940,5940
5145,5145,5145
1140,9312,9312
1230,1230,1230
4210,4210,4210
8400,8400,8400
5350,5350,5350
7545,7545,7545
8400,8400,8400
7405,7405,7405
5540,5540,6420
3110,3110,3110
5210,5210,5210
5530,5530,5530
5920,5920,5920
7440,7420,7440
5600,5600,5600
7740,7740,7740
7110,7110,7110
7402,7402,7402
7340,7340,7340
7010,7010,7010
8130,8130,8130
5120,5210,5210
5520,5520,5520
7530,7530,7530
5920,5920,5920
5936,5936,5936
6114,6114,6114
7405,7405,7405
7440,7440,7440
5911,5910,5910
7405,7405,7405
6116,6116,6116
7500,9313,9313
6111,6111,6111
7440,7440,7440
4111,4111,4111
0,0,0
7740,7740,7740
7500,7500,7500
3500,3500,3500
7360,7360,7360
7570,7570,7570
9400,1130,1130
5500,5420,9800
9240,9240,9240
2200,2200,2200
6320,6320,6320
5530,5530,5530
7402,7402,7402
7100,7100,7100
4112,4112,4112
5560,5560,5560
6320,6320,6320
4010,4010,4010
3020,3020,6405
9230,9230,9230
9400,9400,9400
7820,7820,7820
9320,9320,9320
4220,4220,4220
5120,5120,5120
7311,7311,5911
9400,9400,9400
4112,7430,7430
7470,7470,7470
5210,5210,5210
6530,6530,6530
7200,7200,7200
1230,1230,1230
6112,6112,6112
7440,7440,7440
7321,7321,7321
6333,6333,6333
5520,9800,9800
7740,7740,7740
7520,7550,7700
9320,9320,7450
7402,9315,9315
5700,5700,5700
7450,7450,7450
7440,7440,7440
9233,9233,9233
7820,7820,7820
7402,7402,7402
6333,8400,8400
5911,5911,5911
7360,7360,7360
9400,9400,9400
5172,5172,5172
5142,5142,5142
6116,6116,6116
5936,5936,5936
7820,7820,7820
5172,5172,5172
8800,8800,8800
4111,4111,4111
7440,7440,7440
7736,7736,7736
5430,5340,9230
7210,7210,7210
7600,7600,7600
2200,2200,2200
4010,5940,5940
6405,9311,6200
5430,5430,5430
5700,6540,7800
2200,2100,2100
0,0,0
5200,5200,5200
9600,9211,9211
4117,4010,4117
7200,6200,7200
6333,6333,6333
7310,7310,7310
6332,6332,6332
4310,9400,9400
7820,7820,7820
6333,6333,6333
5340,5340,5340
7404,7404,7404
7560,7560,7560
9400,9400,9240
7450,7450,7450
4111,4111,4111
9500,2700,2700
7030,7030,7030
6260,6260,6260
7600,7600,7600
5911,5911,5911
7735,7735,7735
6410,6410,6410
5540,5540,5540
6119,6119,6119
9800,9210,9210
1240,1240,1240
6320,6320,6320
8400,8400,8400
4113,4113,4113
7430,7430,7430
9230,9230,9230
6333,6333,6333
5570,5570,5570
5911,5911,5911
6134,6134,6134
7820,7820,7820
7404,7404,7404
3100,3100,3100
6310,6310,6310
9400,9400,9400
5830,5830,5830
3120,3010,3010
7430,7430,7430
5700,7620,6550
8400,8400,8400
6430,5360,5360
5560,5560,5560
5921,5921,5921
3400,7450,7450
7450,7450,7450
5167,5167,5167
3500,3500,3500
7402,7402,7402
7030,7030,7030
8330,8330,8330
3500,3500,3500
7420,7420,7420
6520,7020,7020
3500,3500,3500
6110,6110,6110
7440,7440,7440
4310,7770,4310
7545,5940,5940
5550,5550,5550
6270,6270,6270
6139,6139,6139
6118,6118,6118
6430,6430,6430
5560,6320,6320
7030,7030,7030
7030,7030,7030
7770,7770,7770
4120,4120,4120
5920,5920,5920
9600,9600,9600
0,0,0
9313,9313,9313
4120,4120,4120
5936,5936,5936
7735,7735,7735
9400,9400,9400
3120,9130,9130
6130,6136,6136
5910,6520,5700
7565,7565,7565
7360,7360,7360
7403,7403,7403
5230,5230,5230
4240,4210,4210
4010,4010,4010
7440,7440,7440
4000,4000,4000
6120,6120,6120
7780,7780,7780
5920,5920,5920
5600,5600,5600
7540,5937,5937
7500,7500,7500
8330,8330,8330
7420,7420,7420
5830,5830,5830
5440,5920,5920
8700,8700,8700
4020,4020,4020
6333,6333,6333
6332,6332,6332
6110,6113,6113
7740,7740,7740
5911,5911,5911
5520,5520,5520
5410,5410,5410
8840,7322,7322
3210,3210,3210
6332,6332,6332
5920,5920,5920
5120,5120,5120
7321,7321,7321
5940,5940,5940
7600,7600,7600
3500,3500,3500
5140,5140,5140
7100,7100,7100
5230,5230,5230
3330,3330,3330
9240,9240,9240
7450,7450,7450
5230,5230,5230
7600,7600,7600
7405,7405,7405
6126,6126,6126
6320,6320,6320
4112,4112,6530
6121,6121,6121
6530,6421,6421
6111,6111,6111
7011,7011,7011
6117,6117,6117
4240,4240,4240
7820,7820,7820
7420,7420,7420
7220,7220,7220
5920,5920,5920
6111,6111,6111
5110,5110,5110
7440,7440,7440
7565,7565,7565
5146,5146,5146
7720,7720,7720
7430,7430,7430
7120,7120,7120
7520,7520,7520
7430,7430,7430
7450,7450,7450
2200,2200,2200
7550,7550,7550
4240,4240,4240
7403,7403,7403
4117,4117,4117
4116,4116,4116
0,0,0
4130,4130,4130
6126,6126,6126
6126,6126,6126
4111,4111,4111
3210,3210,3210
6117,6117,6117
6280,6280,9400
8140,8140,8140
7550,7550,7550
7430,7430,7430
6117,5170,5170
6126,6126,6126
7110,7110,7110
9600,9600,9600
6333,6333,6333
5142,5142,5142
4112,5920,5700
8140,8140,8140
6114,6114,6114
7790,7790,7790
6110,6110,6110
5910,5910,5910
7000,7000,7000
7200,7200,7200
9800,9800,9800
7321,7321,7321
9315,7900,7900
6116,6116,6116
6111,6111,6111
2200,2200,2200
4400,4400,4400
5931,9130,9130
7340,7340,7340
6200,6200,6200
7440,7440,7440
5350,5350,5350
5210,5210,5210
6131,6131,6131
8500,8500,8500
7360,7360,7360
7800,7360,7360
5172,5172,5172
9600,9600,9600
1130,1130,1130
7550,7550,7550
9500,9510,9800
4020,4020,4020
9311,6440,9311
6540,6540,6540
4240,4240,4240
6420,6420,6420
3400,3400,3400
6117,6117,6117
7100,7100,7100
6111,6111,6111
4010,4010,4010
5940,5940,5940
4020,4020,4020
5910,5910,5910
5142,5142,5142
5910,5910,5910
7405,7405,7405
5920,5920,5920
5932,5932,5932
7600,9320,9320
6332,6332,6332
7110,7110,7110
7360,7360,7360
5940,5360,5360
6136,6136,6136
5142,5142,5142
6320,6320,6320
9240,9240,9240
7780,9230,5940
7010,7010,7010
5340,5340,5340
5560,5560,5560
4220,4220,4220
9400,9400,9400
5142,5142,5142
5146,5146,5146
5925,5925,5925
3010,3300,3300
6270,6270,6270
5210,5210,5210
7321,7321,7321
7440,7440,7440
6135,6135,6135
5921,5921,5921
7770,7770,7770
7700,7700,1140
8400,8400,8400
7545,7545,7545
5200,5200,5200
6200,6200,6200
6333,6333,6333
4115,4115,4115
5200,5940,5940
7405,7405,7405
5360,5360,5360
7440,7430,7430
5911,5911,5911
9330,9311,9311
7600,8160,7600
7360,7360,7360
3400,7450,7430
7010,7010,7010
4240,4240,4240
5932,5932,5932
7360,7360,7360
5800,5860,5840
5930,5930,5930
7220,7220,7220
7735,7735,7735
6280,6280,6280
9400,9400,9400
3120,3120,3120
7430,7400,3900
5920,5920,5920
5146,5146,5146
5921,5921,5921
6134,6134,6134
6117,6117,6117
6430,6430,6430
6134,6136,5160
5921,5921,5921
7450,7450,7450
4115,4115,4115
8220,8220,8220
7600,6540,6540
7430,7430,7430
5920,5920,5920
7420,7420,7420
7505,7736,7736
7600,7600,7600
7210,7210,7210
6111,6111,6111
2200,2200,2200
5510,5510,5510
3110,3110,3110
5911,5911,5911
5210,5210,5210
6116,6116,6116
5940,5940,5940
5142,5142,5142
8500,8500,8500
7740,7740,7740
7321,7321,7321
9500,9500,9500
7402,7402,7402
4111,4111,4111
7480,7480,7480
6510,6510,6510
5936,5936,5936
6116,6116,6116
4200,4200,4200
7402,7402,7402
5142,7600,7600
6130,6120,6120
7550,7550,7550
7736,7736,7736
8820,8820,8820
0,0,7321
8730,8730,8730
7490,7490,7490
5925,5925,5925
3210,3210,3210
2200,2200,2200
4111,4111,4111
7820,7820,7820
5350,5350,5350
8730,8730,8730
5140,5940,5940
2800,2800,2800
6136,6136,6136
7560,7560,7560
8730,8730,8730
6333,6440,6440
6333,6333,6333
7340,5550,7360
7403,7403,7403
7820,7820,7820
7402,7402,7402
7402,7402,7402
4210,4210,4210
7720,7720,7720
7600,7600,7600
5910,5910,5910
9235,9235,9235
6280,6280,6280
5600,5600,5600
6410,6410,6410
3400,3400,3400
7120,7120,7120
5162,5162,5162
5700,5700,5700
6135,6135,6135
9310,9310,9310
9320,9400,9400
9230,6540,6540
5940,5127,5127
7440,7440,7440
9130,9130,9130
7600,7600,7600
5533,5533,5533
7110,7110,7110
5911,5911,5911
6460,9130,9130
5530,5530,5530
6332,6332,6332
7730,7730,7730
5937,5937,5937
5933,5933,5933
4113,4113,4113
7010,7010,7010
6111,6111,6111
5910,5910,5910
9230,9230,9230
9240,9240,9240
6421,5911,1120
4111,4111,4111
7360,9311,9311
7440,7440,7440
7440,7440,7440
9240,7200,6430
7600,7600,7600
9400,9400,9400
5830,5830,5830
7430,7430,7430
7735,7735,7735
5933,5933,5933
7120,7120,7120
5700,5700,5700
7321,7321,7321
7480,7480,7480
7760,9315,9315
6110,6110,6110
7321,7010,7010
5230,5230,5230
7450,7450,7450
4111,4111,4111
5360,5360,5360
5360,5360,5360
7120,7120,7120
6110,6110,6110
5210,5200,5200
7350,7130,7130
7450,7450,7450
9800,9800,9800
5940,7550,7550
4111,4111,4111
7405,7405,7405
5210,5210,5210
7403,7403,7403
5920,9800,9800
7311,7311,7311
9233,9233,9233
7010,7010,7010
5700,5700,7480
5940,5940,5940
6117,6117,6117
7402,7402,7402
7420,7420,7420
5340,5340,5340
8221,8221,8221
7300,7300,7300
7120,7120,7120
5145,5145,5145
2700,2700,2700
6116,6116,6116
7770,5930,5930
6540,6260,6260
6117,6117,6117
5911,5911,5911
9600,9600,9600
2200,2200,2200
6136,6136,6136
6530,6530,6530
5520,5520,5520
3400,3400,3400
4240,4240,4240
5340,5340,5340
6510,6510,6510
5142,5142,5142
6300,6300,6300
7351,7351,7351
2700,2700,2700
4000,4000,4000
7710,7710,7710
7550,7550,7550
7550,7550,7550
7735,7735,7735
5600,5600,5600
6300,6320,6320
9800,9800,9800
7440,7430,7440
6121,6121,6121
4110,4110,4110
8140,8140,8140
8221,9500,9500
4700,4700,4700
7360,7360,7360
5340,5340,5340
7390,7390,7390
7321,7321,7321
5210,5200,5200
6333,6333,6333
6540,6540,6540
6110,6110,6110
7720,7720,7720
8160,8160,8160
6119,5935,6119
9320,9320,9320
7360,7360,7360
9800,9800,9800
6136,6136,6136
7450,7450,7450
6320,6320,6320
6460,7200,7200
4240,4240,4240
5340,5340,5340
6126,6126,6126
6110,6110,6110
7440,7440,7440
5130,5130,5130
6320,6320,6320
7735,7735,7735
6420,7220,7220
5940,5940,5940
5936,5936,5936
9400,9400,9400
4020,4020,4020
7550,7550,7550
4116,4116,4116
9230,9240,9240
6333,6333,6333
6114,6114,6114
6333,6333,6333
6415,6415,6415
6110,6320,6320
7210,7210,7210
8840,5910,5910
5910,5910,5910
4114,4114,4114
5146,5146,5146
5931,5931,5931
9500,9500,9500
7430,7430,7430
6333,6333,6333
7565,7565,7565
5540,5540,5540
8810,8810,8810
5940,5940,5940
9314,8740,8740
5210,5210,5210
6420,6420,6420
7430,7430,7430
7440,7440,7440
6126,6126,6126
6118,6111,6128
5171,5171,5171
4113,4113,4113
8300,8300,8300
5120,5120,5120
5530,9800,9800
7740,7740,7740
3210,3210,3210
7200,9600,9600
5540,5540,5540
3010,3120,3020
7200,7200,7200
5440,5440,5440
7480,7480,7480
6116,5174,5174
9300,9300,9300
6120,6120,6120
7405,7405,7405
9230,9230,9230
5230,5230,5230
5700,5700,5700
7735,7735,7735
7403,7403,7403
6116,6116,6116
9210,9210,9210
7736,7736,7736
5210,5210,5210
7721,7721,7721
5700,9231,9231
4240,4240,4240
7500,7500,7500
2700,2700,2700
5171,5171,5171
6110,6110,6110
5910,5910,5910
7820,7820,7820
5310,5310,5310
5521,5521,5521
1140,9500,9500
6114,6114,6114
7120,7120,7120
7735,7735,7735
4112,4112,4112
7440,7440,7440
4113,4113,4113
6333,6333,6333
4700,4700,4700
9600,9600,9600
4112,4112,4112
6119,6119,6119
5925,5925,5925
7210,7210,7210
5700,3010,3010
5310,5310,5310
5925,5925,5925
7440,7420,7420
9210,5210,5210
7740,7740,7740
9235,9235,9235
6332,6332,6332
7501,5932,5932
5430,5430,5430
3120,3120,3120
7800,9800,9800
6332,6332,6332
9400,9800,9800
7340,7340,7340
6230,6230,6270
5140,5140,5140
9311,9315,9311
7120,7120,7120
5330,5330,5330
6320,6320,6320
7402,7402,7402
6450,9240,9240
7420,7420,7420
9800,9500,9500
5440,5440,5440
5530,5530,5530
7440,7440,7440
5140,5140,5140
5700,7570,5700
7550,7550,7550
5230,5230,5230
7430,7430,7420
8150,8150,8150
4130,4130,4130
7200,7200,7200
5160,5160,5160
9400,9300,9400
5340,5340,5340
4112,4112,4112
7100,7100,7100
5360,5210,5360
9120,9120,9120
8130,8160,8160
5700,5700,5700
5911,5911,5911
4240,4240,4240
7200,5520,5520
4240,4240,4240
6117,6110,6110
3100,3100,3100
9130,9130,9130
0,0,0
6410,6410,6410
5700,5340,5340
6118,6118,6118
5210,5210,5210
2100,2100,2100
6117,6117,6117
7310,7310,7310
2100,2100,2100
6415,6415,6415
6139,6139,6139
5920,5920,5920
7340,7340,7340
2100,2100,2100
5171,5171,5171
5521,5521,5521
4030,4030,4030
5310,5310,5310
5911,5911,5911
5700,5700,5700
5911,5911,5911
6116,6116,6116
5210,5210,5210
3510,3510,3510
7440,7440,7440
7010,7010,7010
9500,9310,9310
7110,7110,7110
6420,9800,9800
7405,7405,7405
2400,2400,2400
7600,7600,7600
6333,6333,6333
6117,6117,6117
6119,6119,6119
5925,5440,5440
7010,7010,7010
5120,5120,5120
7440,7440,7440
4110,4110,4110
6121,6121,6121
7420,7420,7420
2700,2700,2700
4210,4210,4210
7321,7321,7321
5200,5200,5200
7403,7403,7403
5911,5911,5911
7545,7545,7545
7360,7360,7360
8130,8130,8130
4400,4400,4400
4115,4115,4115
7100,6110,6110
9520,9520,9520
7402,7402,7402
6560,6560,6560
4240,4240,4240
6116,6116,6116
5360,5360,5360
3000,7470,7470
7030,6333,6333
5210,5210,5210
6320,6320,6320
6114,6114,6114
7402,7402,7402
4116,4116,4116
5940,5940,5940
5230,5230,5230
7620,7620,7620
6540,6540,6540
5920,5920,5920
7410,7410,7410
7750,7750,7750
7020,7020,7020
6114,6114,6114
6320,6320,6320
7110,7110,7110
6320,6320,6320
5166,5166,5166
6405,9320,9320
7820,7820,7820
9400,9400,9400
6430,6430,6430
5940,5940,5940
3120,3120,3120
5142,5142,5142
7010,7010,7010
7595,7595,7595
5400,5400,5400
7500,7500,7500
6136,6136,6136
5140,5140,5140
5830,5830,5830
6332,6332,6332
7010,7010,7010
5910,9230,9230
5560,5560,5560
4700,4700,4700
2900,5937,5937
4020,4020,4020
7402,7402,7402
5360,5360,5360
5910,5910,5910
8840,8840,8840
5911,5911,5911
7750,7750,7750
5340,5340,5340
7590,9220,9231
6116,6116,6116
7403,7403,7403
9120,9120,9120
6430,7020,7020
6320,6320,6320
4700,4700,4700
5210,5210,5210
7530,7530,7530
3120,3120,3120
7450,5340,5340
5932,5932,5932
4240,4240,4240
9700,6332,6450
9231,9231,9231
4010,4010,4010
7430,7430,7430
6333,6333,6333
9315,9315,9315
7730,7730,7730
4117,4117,4117
5162,5162,5162
9120,7500,7500
7450,7450,7450
5142,5142,5142
6121,6121,6121
5911,5911,5911
6333,5200,5200
5162,5162,5162
7550,7550,7550
4020,4020,4020
0,0,0
7735,7735,7735
6119,6119,6119
6119,6119,6119
5925,5920,5920
8160,8160,8160
5360,5360,5360
2600,3130,3130
5925,5925,5925
5911,5911,5911
5700,6510,6510
1120,6420,6420
5911,5911,5911
4210,4210,4210
6320,6320,6320
7550,7550,7550
6333,6333,6333
7120,7120,7120
7405,7405,7405
7402,7402,7402
5940,5210,5210
7740,7740,7740
5142,5142,5142
9500,5910,9520
7560,7560,7560
7450,7450,7450
7120,7120,7120
5700,5700,5700
8320,8320,8320
3400,3400,3400
9500,6420,6420
7350,7350,7350
7430,7430,7430
2400,2400,2400
7440,7440,7440
5930,5930,5930
5925,5920,5920
9310,9510,9510
7740,7740,7740
9311,9311,9311
0,6430,6430
6310,9800,9800
3500,3500,3500
6540,6540,6540
6333,6333,6333
9315,9315,9315
7404,7404,7404
7735,7735,7735
7402,7402,7402
7600,7600,7600
2600,2600,2600
5700,5210,5210
6333,6333,6333
6114,6114,6114
5940,5940,5940
7800,7800,7800
5830,5830,5830
7120,7120,7120
6111,6111,6111
5940,5940,5940
5933,5932,6270
5142,5142,5142
7403,7403,7403
7402,7402,7402
9312,7800,7800
4020,4020,4020
6460,6460,6460
4010,4010,4010
6560,6560,6560
7402,7403,7403
7450,7450,7450
6270,6270,6270
3120,3120,3120
6121,6121,6121
4210,4210,4210
6332,6332,6332
4117,4117,4117
7510,7510,7510
6114,6114,6114
5200,6110,5200
8500,8500,8500
5911,5911,5911
7120,7120,7120
9300,9300,9300
7120,7120,7120
5142,5142,5142
7403,7403,7403
9510,9510,9510
6117,6117,6117
5430,5430,5430
3500,3500,3500
6117,6117,6117
5310,5310,5310
6333,6421,6333
7330,7330,7330
9231,9231,9231
6117,6117,6117
7550,7550,7550
8330,8330,8330
6332,6332,6332
6333,5360,5360
8160,8160,8160
4111,4111,4111
8300,6110,6110
7440,7440,7440
6110,6110,6110
5126,5126,5126
7440,7440,7440
7800,7800,7800
5938,5930,5930
7770,7770,7770
7360,7360,7360
6333,6333,6333
9240,9240,6320
3510,3510,3510
4220,4220,4220
9240,5540,5540
9320,7600,7600
7480,7480,7480
6114,6114,6114
5320,5320,5320
7110,7110,7110
5910,5910,5910
5910,5910,5910
6320,6320,6320
9100,9500,9500
3130,3130,3130
5540,5540,5540
5550,6320,6450
5911,5911,5911
5920,5920,5920
4020,5700,4020
9120,9600,9600
9213,9213,9213
6117,6117,6117
3110,3110,3110
2200,2200,2200
4220,4220,4220
1130,1130,1130
9510,9510,9510
4020,4020,4020
7440,7440,7440
7405,7405,7405
5530,5530,5530
7750,7750,7750
6333,6560,6560
7010,6330,6330
7340,7340,7340
7740,7740,7740
6440,9311,9311
5933,5933,5933
5940,5940,5940
3010,3010,3010
5330,5330,5330
5910,5910,5910
4111,4111,4111
6130,6130,6130
7404,7404,7404
9314,7410,7410
7480,7480,7480
9100,9100,9100
3300,7580,7580
9240,6320,6320
9233,9233,9233
7550,7550,7550
4700,4700,4700
6200,6200,6200
5910,5910,5910
5521,5521,5521
7220,7220,7220
5911,5911,5911
4110,4110,4110
6111,6111,6111
9400,9240,9240
6332,6332,6332
8400,8400,8400
5911,3510,3510
8400,8400,8400
6332,6332,6332
7500,7500,7500
5420,5420,5420
9800,9800,9800
8320,8320,8320
5930,5930,5930
5920,5920,5920
3500,3500,3500
7402,7402,7402
7840,7840,7840
9800,9800,9800
3700,3700,3700
5700,5925,5925
7440,7440,7440
7450,7450,7450
9130,9110,9110
7810,7810,7810
7820,7820,7820
7600,7600,7600
5210,5210,5210
6540,6540,6540
5532,5532,5532
5163,5163,5163
5360,5360,5360
6117,6117,6117
9312,9312,9312
6114,6114,6114
7440,7440,7440
7800,7840,7840
6112,6112,6112
7730,7730,7730
5340,5340,5340
7735,7735,7735
7420,7420,7420
8400,8400,8400
7405,7405,7405
7430,7430,7430
7440,7440,7440
7430,7430,7430
4240,4240,4240
4200,4200,4200
9311,9311,9311
5230,5230,5230
6332,6332,6332
5911,5911,5911
5560,5560,5560
7403,7403,7403
6120,6120,6120
3110,3110,3110
9210,9210,9210
7200,7200,7200
8700,9400,5930
7721,7721,7721
4114,4114,4114
3500,3500,3500
9320,9320,9320
6117,7545,7545
6114,6114,6114
7420,7420,7420
7010,7010,7010
6136,6136,6136
5940,3110,3110
5930,5930,5930
5142,5142,5142
5360,5360,5360
5142,5142,5142
8330,7600,7600
6320,6320,6320
3400,3400,3400
7800,7800,7800
6210,7505,6332
6230,6230,6230
8400,8400,8400
7550,7550,7550
5410,5410,5410
6333,5550,6440
5400,5700,5700
7400,7400,7400
9600,9400,9600
7402,7402,7402
9600,9600,9600
7730,5910,5910
2910,9233,7600
3500,3500,3500
9600,9600,9600
5120,5120,5120
7455,7455,7455
7011,7011,7011
5930,5000,5000
6135,6135,6135
7450,7450,7450
7100,7100,7100
7430,7430,7430
7210,7210,7210
6112,6112,6112
7380,9230,9240
7560,7560,7560
9600,9600,9600
7595,7595,7595
6280,5910,5910
6333,6333,6333
5450,5450,5450
5124,5210,5210
5140,5140,5140
8160,8140,8140
7740,7740,7740
7402,7402,7402
7740,7740,7740
9312,1130,1130
5932,5932,5932
5530,5530,5530
5210,5210,5210
4113,4113,4113
7450,7450,7450
7500,7500,7500
9800,9800,9800
7420,7420,7420
6110,6110,6110
6119,6119,6119
4113,4113,4113
6440,6440,6440
6450,9314,6420
7450,7450,7450
6320,6320,6320
8500,8500,8500
5521,5521,5521
3110,3110,3110
5910,5910,5910
5910,5910,5910
5911,5911,5911
7510,7500,7500
6110,6110,6110
6300,6333,9800
5600,5600,5600
9120,9120,9120
5210,5210,5210
5210,5200,5200
4210,4210,4210
5700,5930,5700
2700,2700,2700
7402,7402,7402
7480,7480,7480
7545,7545,7545
5410,9400,9400
7403,7403,7403
5910,5910,5910
6333,6333,6333
7402,7402,7402
9500,9500,9500
5521,5940,9400
7550,7550,7550
5600,5600,5600
5521,5521,5521
7220,7220,7220
4117,4117,4117
7550,3110,3110
5936,5936,5936
7360,7360,7360
3500,3500,3500
9110,2700,2700
3500,3500,3500
7590,7590,7590
6230,6230,6230
6440,6440,6440
6530,6530,6530
5911,5911,5911
9315,9315,9315
7720,7720,7720
5910,4300,4320
8130,8130,8130
6332,6332,6332
6333,6333,6333
5910,7560,5910
6560,6560,6560
7545,7545,7545
5700,5910,5700
7790,7790,7790
7770,7770,7770
4200,4200,4200
6440,6440,6440
6130,6130,6130
3120,3120,3120
5933,5933,5933
7110,7110,7110
6136,6136,6136
9500,9500,9500
5164,5164,5164
3500,3500,3500
6420,9312,9312
5911,5911,5911
4020,4020,4020
5920,5920,5920
7440,7430,7430
6333,6333,6333
7565,7565,7565
9800,9800,9800
9320,5940,5940
7403,7403,7403
2200,2200,2200
6111,6111,6111
5540,5540,5540
7403,7403,7403
9315,9315,9315
7570,7570,7570
6400,5600,6440
5360,5360,5360
8160,8160,8160
5932,5932,5932
5127,5127,5127
6421,6421,6421
9400,9400,9400
6415,6410,6415
6332,6332,6332
3110,3110,3110
7736,7736,7736
6117,6117,6117
5910,5910,5910
5310,5310,5310
5163,5163,5163
7321,7321,7321
5570,5570,5570
7550,7550,7550
6320,6320,6320
7403,7403,7403
6333,6333,6333
6126,6126,6126
5911,5911,5911
6117,6117,6117
5230,5230,5230
9400,9400,9400
3500,7420,7420
8220,8220,8220
9500,7810,1100
9600,9600,9600
3500,3500,3500
8400,8400,8400
6320,6320,6320
8700,8700,8700
5940,5940,5940
7440,7440,7440
5937,5937,5937
9315,9315,9315
6121,6121,6121
7430,7430,7430
6116,6116,6116
7450,7450,7450
5570,5570,5570
7730,7730,7730
5570,5410,5410
6110,6110,6110
5142,5142,5142
6333,6333,6333
5700,5210,5210
6111,5550,6119
4116,4116,4116
4030,4030,4030
3800,3800,3800
9400,9400,9400
7735,7735,7735
6450,9400,9400
9240,9240,9330
7402,7402,7402
2700,2700,2700
7500,7500,7500
7545,7500,7500
7210,7210,7210
6530,6530,6530
5911,5911,5911
9240,9240,9240
2400,2200,2200
7430,7430,7430
8400,8400,8400
8820,8820,8820
7510,7510,7510
5531,5531,5531
7560,7560,7560
5910,5910,5910
5910,9230,9230
7560,7560,7560
7220,7220,7220
8500,8500,8500
7402,7402,7402
3500,3500,3500
7730,7730,7730
8830,7300,7300
7402,7402,7402
9230,9230,9230
7405,7405,7405
5410,5410,5410
7440,7440,7440
6405,9320,9320
9700,9700,9700
5910,5910,5910
9315,9800,9800
7450,7450,7450
6280,6280,6280
9400,6320,7730
6333,6333,6333
5920,5920,5920
6332,6110,6110
9315,9315,9315
6110,6118,6110
5200,5200,5200
7200,7200,7200
7010,7010,7010
6270,6270,6270
7500,7500,7500
7030,7030,7030
8220,8220,8220
2800,5932,2700
5540,5540,5540
5420,5420,5420
6415,6415,6415
5510,5210,5210
7550,7550,7550
5521,5521,5521
2100,2100,2100
9311,9311,9311
5841,5174,5174
7560,7560,7560
5350,5350,5350
7410,7410,7410
7310,7330,7330
7440,7440,7440
5940,5940,5940
7120,7120,7120
5940,5940,5940
7440,7440,7440
6320,6320,6320
6130,6130,6130
5700,5700,5700
5910,7560,7560
9600,9600,9600
7403,7550,7550
6330,6333,4114
2800,5220,5220
6333,6421,6421
3110,3110,3110
9233,9233,9233
1130,1130,1130
5230,5230,5230
5932,5550,5550
7430,7430,7430
5700,5700,5700
7351,7351,7351
7550,7550,7550
5911,5911,5911
8220,8220,8220
7900,7900,7900
5410,5410,5410
3120,3120,3120
7120,7120,7120
8400,8400,8400
5141,5141,5141
7360,7360,7360
7420,7420,7420
6132,6132,6132
2100,2100,2100
5330,5330,5330
5930,5930,5930
7740,7740,7740
5510,5510,5510
5162,5162,5162
5210,5000,5000
4210,4210,4210
9600,9600,9600
7340,7340,7340
5141,5141,5141
3700,3700,3700
6310,6310,6310
6110,6110,6110
5141,5141,5141
7720,7720,7720
7403,7403,7403
6415,6415,6415
5141,5141,5141
5140,5140,5140
5146,5146,5146
5911,5911,5911
5200,5210,5210
7210,7210,7210
5210,5210,5210
7404,7404,7404
7450,4240,4240
4210,4210,4210
7403,7403,7403
6430,6430,6430
5310,5310,5310
6320,6320,6320
1140,9230,9230
5210,5210,5210
8160,8160,8160
7402,7402,7402
8810,8820,8820
7430,7430,7430
6430,8330,7620
7450,7450,7450
2200,2200,2200
6270,6270,6270
9312,6550,9210
7740,7740,7740
6333,6333,6333
7405,7405,7405
7780,7780,7780
5937,5937,5937
8700,8700,8700
5160,5160,5160
5920,5920,5920
4117,4117,4117
6240,6240,6240
7311,7311,7311
5350,5350,5350
2600,2600,2600
5146,5146,5146
4112,4112,4112
9800,6430,6430
6320,6320,6320
5520,5360,7430
7220,7220,7220
5700,5700,5700
9600,9600,9600
7010,7010,7010
7550,7550,7550
6280,7020,7020
9300,9400,9300
9315,7800,9100
5911,5911,5911
9220,9220,9220
6112,6112,6112
7735,7735,7735
7820,7820,7820
5932,5932,5932
6421,6421,6421
7402,7440,7440
6333,6333,6333
9600,9600,9600
7402,7402,7402
7730,7730,7730
5120,5120,5120
9600,9600,9600
7740,7740,7740
9233,9233,9233
9312,9312,9312
6333,6333,6333
7430,7430,7430
5130,5130,5130
6320,6320,6320
7390,7390,7390
6320,6320,6320
5910,5360,5360
6320,6320,6320
6320,6320,6320
5310,5310,5310
4116,4116,4116
6112,3400,6118
5920,5920,5920
7450,7735,7450
7440,7440,7440
7750,7750,7750
5530,6333,4111
7440,7440,7440
5940,5940,5940
7120,7120,7120
7740,7740,7740
9800,3020,9800
6114,6131,6110
8400,8400,8400
7560,5520,7560
5200,5200,5200
5360,5360,5360
6116,6116,6116
5700,6420,5700
5330,5340,5340
5600,5600,5600
7402,7402,7402
5120,5120,5120
3210,3210,3210
5932,5932,5932
7360,7360,7360
8140,8160,8160
7560,7560,7560
7405,7405,7405
8160,8160,8160
5940,5940,5940
4700,4700,4700
7402,7402,7402
5230,5230,5230
7720,7720,7720
5933,5933,5933
7430,7450,7450
9520,9520,9520
7620,7620,7620
7900,7900,7900
9130,9130,9130
9233,9233,9233
4130,4130,4130
5410,5410,5410
6332,6332,6332
5200,5200,5200
9600,9600,9600
3400,3400,3400
6111,6116,6116
5920,5920,5920
3340,7580,7580
4111,4111,4111
7820,7820,7820
5240,5200,5200
9330,9330,9330
2700,7401,9320
5521,5521,5521
9800,9800,9800
7736,7736,7736
6333,6333,6333
7110,7110,7110
5532,5532,5532
5521,5521,5521
5123,6130,6130
9800,9800,9800
9400,9400,9400
5830,5830,5830
3100,3100,3100
7440,7440,7440
5921,5921,5921
7360,7360,7360
6119,6119,6119
9233,9240,9240
0,7820,9800
9400,9400,9400
7322,7322,7322
4240,4240,4240
6332,6332,6332
6333,6333,6333
1230,1230,1230
4240,4240,4240
9315,6430,6430
6210,1130,1130
6110,6110,6110
6333,6333,6333
5530,5550,5550
7310,7310,7310
7405,7405,7405
6111,6111,6111
5910,5910,5910
5360,5360,5360
9500,9500,9500
5934,5934,5934
8810,8810,8810
7410,7410,7410
8400,8400,8400
6126,6126,6126
6119,6119,6119
6415,6415,6415
7210,7210,7210
4130,4130,4130
7810,7810,7810
6320,6320,6320
7403,7403,7403
6333,6333,6333
5910,5910,5910
7410,7410,7410
8320,8320,8320
7420,7420,7420
7402,7402,7402
9800,5550,5550
6119,6119,6119
7830,7830,7830
7440,7440,7440
7405,7405,7405
8400,8400,8400
3510,3510,3510
7550,3130,3130
5533,5533,5533
4220,4220,4220
7012,7012,7012
5360,5360,5360
2200,2200,2200
7010,7010,7010
5210,5210,5210
6128,6118,6118
7450,7450,7450
5164,5164,5164
5520,5520,5520
4200,4200,4200
6111,6111,6111
5700,9231,9231
4700,4700,4700
7350,7350,7350
7351,7351,7351
4020,4020,4020
5550,5550,5550
5830,5830,5830
3400,3400,3400
7403,7403,7403
6121,5130,6111
8150,8150,8150
5911,5910,5910
7310,7310,7310
5921,5921,5921
4310,4010,4010
4400,4400,4400
6410,6420,6420
7402,7402,7402
7565,7565,7565
7420,7420,7420
9800,9800,9800
7380,6127,6127
6332,6332,6332
7560,7560,7560
6117,6117,6117
7322,7322,7322
4700,4700,4700
7700,9800,9800
5360,5360,5360
7600,7600,8330
7740,7740,7740
5700,5700,5700
1230,1230,1230
6333,6333,6333
5560,5560,5560
5910,5910,5910
9320,9320,9320
2200,2200,2200
5230,5230,5230
5120,5120,5120
6116,6116,6116
6421,6412,6412
3300,7440,7440
5521,5521,5521
7500,7500,7500
4240,4240,4240
2200,2200,2200
7730,7220,7220
4116,4116,4116
9315,9315,9315
4600,4600,4600
5210,5210,5210
7710,7710,7710
5121,5160,5160
3700,3500,3500
5350,5350,5350
6415,6415,6415
4115,4115,4115
6420,9510,9510
5820,7440,5700
7450,7450,7450
5160,5160,5160
5910,5910,5910
6118,6118,6118
6111,6111,6111
5160,5160,5160
5172,5172,5172
6430,9120,9120
5910,5910,5910
7330,7330,7330
7620,7620,7620
6430,5700,5700
6136,6136,6136
5430,5430,5430
5700,5700,5700
5910,5910,5910
7550,7550,7550
5141,5141,5141
7900,9800,9800
7550,7550,7550
5830,5830,5830
2800,2800,2800
6333,6333,6333
7450,7450,7450
6130,6130,6130
7740,7740,7740
9600,9600,9600
5533,5533,5533
7440,7440,7440
3500,7420,7420
5520,5520,5520
5910,5910,5910
5332,5332,5332
6270,6270,6270
6405,6405,6405
9400,9400,9400
7560,7560,7560
6280,6280,6280
7403,7403,7403
7505,7505,7505
7740,7740,7740
7820,7820,7820
5310,5310,5310
5830,5830,5830
6333,6333,6333
7360,7360,7360
5160,5160,5160
7550,7550,7550
5410,2100,5410
5921,5921,5921
3010,3010,3010
6440,6440,6440
7800,7800,7800
9400,9240,9240
7520,7520,5210
6333,6333,6333
5921,5921,5921
6333,6333,6333
5700,5700,5700
6333,6333,6333
8400,8400,8400
7402,7402,7402
1230,1230,1230
7405,7405,7405
6117,6117,6117
7360,7360,7360
7403,7403,7403
7120,7120,7120
7210,7210,7210
6400,6400,6400
7500,5930,7500
3210,3210,3210
5910,5910,5910
6116,6116,6116
7440,7440,7440
6114,6114,6114
1130,1130,1130
7010,7010,7010
8230,8230,8230
5521,5521,5521
5230,5230,5230
5940,5940,5940
7010,7620,6420
4700,4700,4700
7400,7400,7400
6421,6421,6421
7600,7600,7600
6450,9800,9800
5520,5520,5520
5332,5332,5332
4200,4200,4200
5940,5940,5940
6332,6332,6332
5550,9500,9500
7440,7440,7440
5911,5910,5910
9240,9240,9240
5360,5360,5360
4400,4400,4400
5150,5150,5150
9400,9400,9400
7740,7740,7740
4111,4111,4111
9600,9800,9800
8740,8740,8740
5310,5310,5310
7720,7720,7720
6333,6333,6333
5570,5570,5570
7390,7390,7390
6430,6550,6550
7735,7735,7735
7200,7210,7210
6420,6420,6420
7402,7402,7402
4020,4020,4020
5121,5121,5121
6332,6332,6332
3210,3210,3210
6110,6110,6110
4113,4113,4113
9240,9240,9240
7405,7405,7405
6333,6333,6333
4113,4113,4113
2700,9220,9220
6119,6119,6119
5933,5933,5933
6220,6430,6250
5911,5911,5911
5920,5920,5920
2100,2100,2100
9400,9400,9400
5910,8840,8840
5820,5820,5820
9800,9800,9800
7110,7110,7110
6126,6126,6126
5330,5330,5330
7200,9230,9230
6333,6333,6333
9235,9235,9235
7450,7450,7450
7600,7600,7600
7450,7450,7450
4115,4115,4115
5160,5160,5160
5830,5830,5830
7580,5920,5920
6118,6270,6270
9240,9240,9240
6460,6460,6460
3100,3100,3100
4240,4240,3500
6310,6320,6320
7440,7440,7440
6280,6280,6280
6139,6139,6139
4400,4400,4400
5700,5700,5700
5936,5936,5936
3400,3400,3400
4220,4220,4220
7120,7120,7120
7440,7440,7440
7720,7720,7720
7450,5700,5700
6320,6320,6320
6333,6333,6333
7770,7770,7770
5700,5700,5700
9800,9800,9800
5530,5530,5530
8220,9320,9320
6333,6333,6333
9800,9800,9800
6460,5910,5910
5340,5340,5340
1240,1240,1240
5700,9130,5700
7420,7420,7420
9130,6114,5530
7403,7403,7403
3010,3010,3010
6430,6430,6430
7545,7545,7545
2200,2200,2200
2200,2200,2200
5340,5340,5340
6119,6119,6119
7740,7740,7740
5120,5120,5120
7735,7735,7735
5142,5142,5142
9800,9800,9800
5700,5700,5700
7010,7010,7010
8330,8330,8330
9240,9240,9240
5210,5210,5210
7450,7450,7450
4010,4010,4010
5910,5910,5910
4117,4117,4117
3300,3300,3300
7455,7455,7455
5920,5920,5920
9600,9600,9600
6230,6230,6230
6530,9240,9240
7010,7010,7010
5200,5510,5200
5230,5230,5230
7820,7820,7820
4240,4240,4240
7402,7402,7402
4110,4110,4110
6280,6280,6280
4220,4220,4220
5910,5910,5910
6200,6111,6111
5937,5937,5937
7402,7402,7402
7210,6420,6420
7120,7120,7120
4111,4111,4111
5911,5911,5911
7440,7440,7440
7360,7360,7360
7402,7402,7402
3800,3800,3800
5911,5911,5911
4020,4020,4020
9315,9315,9315
1240,1240,1240
6131,6131,6131
9330,9330,9330
7600,7600,7600
9300,9315,9315
7020,7020,7020
8320,8320,8320
5521,5521,5521
6126,6126,6126
6117,6117,6117
9315,9311,9311
9400,9800,3500
9500,9500,9500
9315,2100,2100
8850,8850,8850
7900,7450,7450
7501,7501,7501
1140,9400,9400
4113,4113,4113
7430,7430,7430
6280,6280,6280
9400,9400,9400
7100,7100,7100
5500,5500,5500
5700,5700,5700
5940,5940,5940
5540,6420,6420
6119,6119,6119
7455,7455,7455
5560,5560,5560
3110,3110,3110
7321,7321,7321
5560,5560,5560
5510,5510,5510
7760,7760,7760
6320,6320,6320
7830,7830,7830
4111,5350,5350
7490,5930,7500
5920,5920,5920
7402,7402,7402
7735,7735,7735
5936,5936,5936
6110,6110,6110
7850,9800,9800
5410,5410,5410
9310,9310,9310
7403,7403,7403
9400,9400,9400
6420,1230,1230
7390,7390,7390
8221,8221,8221
6200,6250,6250
5340,5340,5340
5360,5360,5360
6460,6460,6460
7550,7550,7550
7405,7405,7405
5910,5910,5910
7404,7404,7404
6112,6112,6112
6333,6333,6333
6280,6280,6280
6136,6136,6136
5700,5700,5700
9300,9300,9300
7010,7010,7010
5910,5910,5910
7210,7210,7210
6110,6110,6110
4010,4010,4010
6117,6117,6117
5830,5830,5830
7450,5360,5360
6114,6114,6114
5310,5310,5310
5146,5146,5146
4113,4113,4113
7100,7100,7100
6111,6111,6111
6333,6333,6333
7120,7120,7120
7550,7550,7550
5550,6530,6530
5925,5925,5925
6126,9600,1130
5800,5800,5800
6320,6320,6320
7450,7300,7450
3210,3210,3210
5350,5350,5350
6120,6120,6120
4115,4115,4115
5521,5521,5521
6117,6117,6117
8160,8160,8160
5420,5420,5420
6320,6320,6320
5521,5521,5521
6330,6330,6330
2910,2910,2910
3800,3800,3800
6136,6136,6136
7780,7780,7780
5600,5600,5600
5360,5360,5360
6110,6110,6110
5140,5140,5140
8140,8140,8140
5340,5340,5340
5930,5930,5930
5160,5160,5160
3110,3110,3110
6540,6540,6540
7565,7565,7565
9130,9130,9130
6333,6333,6333
5360,5360,5360
6114,6114,6114
7360,7360,7360
3100,3100,3100
9320,9320,9320
7440,7440,7440
9800,9800,9800
7430,7430,7430
6330,6320,6320
9400,9710,9710
5936,5936,5936
6333,6333,6333
7360,7360,7360
9320,9320,9320
7220,7800,7800
7120,7120,7120
7620,8200,8200
4020,4020,4020
4111,4020,4020
5166,5166,5166
5937,5937,5937
6333,6333,6333
7430,7430,7430
7530,7530,7530
3400,3400,3400
7110,7110,7110
5320,9240,9240
5940,4113,4113
5330,5330,5330
6117,6117,6117
6134,6134,6134
7440,7440,7440
2800,2800,2800
6114,6114,6114
5911,5911,5911
2100,2100,2100
7740,7740,7740
7440,7430,7430
7440,7430,7430
5700,5700,5700
2910,2910,2910
5700,5700,5700
7351,7351,7351
7210,7210,7210
7200,7200,7200
9130,9130,9130
5521,5521,5521
9330,6405,6260
4118,4118,4118
7440,7440,7440
7400,7400,7400
5920,5920,5920
9311,9311,9311
6126,6126,6126
8300,8300,8300
6333,6333,6333
0,0,0
6510,9240,2700
6333,6333,6333
3500,3500,3500
7430,7430,7430
5360,5360,5360
4113,4113,4113
5200,5200,5200
7405,7405,7405
6320,6320,6320
7402,7402,7402
9500,9500,9500
7400,7400,7400
6333,9500,6421
1230,1230,1230
5911,5911,5911
7735,7735,7735
5142,5142,5142
2200,2200,2200
5210,5210,5210
7403,7403,7403
5140,5140,5140
1000,6420,9800
5940,5940,5940
5910,7600,7300
7402,7402,7402
5120,5120,5120
5911,7560,7560
7450,7450,7450
5940,5940,5940
7310,7330,7330
9233,9233,9233
6114,6114,6114
9400,9400,9400
5530,5530,5530
5700,5700,5700
7110,7110,7110
7430,7430,7430
5940,5940,5940
6117,6117,6117
5320,5320,6300
7300,7300,7300
9314,9314,9314
5145,5145,5145
7565,7565,7565
7010,7010,7010
9600,9600,9600
8840,8840,8840
6114,6114,6114
3110,3110,3110
5340,5340,5340
5440,7620,7620
6126,6126,6126
5570,5570,5570
5920,5920,5920
7405,7405,7405
9500,9500,9500
5410,5410,5410
3500,3500,3500
6280,6280,6280
5830,5830,5830
7600,7600,7600
7011,7011,7011
6320,6320,6320
4240,4210,4210
7565,7565,7565
3400,7450,7450
9230,5920,5920
5360,5360,5360
5910,5910,5910
7403,7403,7403
6300,6300,6300
5400,5310,5310
7340,7340,7340
5911,5911,5911
3210,3210,3210
5533,6280,6540
7800,7800,7800
6130,6130,6130
8800,8800,9800
4115,4115,4115
7430,7430,7430
9233,9240,9233
7430,7430,7430
9500,7820,9500
7550,7550,7550
6116,6116,6116
5934,7340,8700
5310,5310,5310
5120,5120,5120
4111,6111,6111
5938,9240,9240
5145,5145,5145
4200,4200,4200
7200,7200,7200
8150,8150,8150
6126,6126,6126
7405,7405,7405
9500,9500,9500
9320,9320,9320
7735,7735,7735
5500,5500,5500
8700,8700,8700
7430,7430,7430
4010,4010,4010
6110,6111,6111
9230,1140,1140
6333,6333,6333
5937,5937,5937
7420,3020,3020
9315,7600,7600
7403,7403,7403
5940,5940,5940
7735,7735,7735
9314,9314,9314
6116,6116,6116
5532,9800,9800
6135,6135,6135
9240,9240,9240
7430,7430,7430
5911,5911,5911
5530,5530,5530
8400,8400,8400
7130,7130,7130
5936,5936,5936
7340,7340,7340
6119,6119,6119
8150,8150,8150
5920,5920,5920
7210,7210,7210
7011,7810,5840
5910,5910,5910
4700,4700,4700
3340,3340,3340
7470,7520,7480
7360,7360,7360
5937,5937,5550
7740,7740,7740
4114,4114,4114
9500,9500,9500
9400,9400,9400
4113,7565,7565
3510,3510,3510
5932,7770,7770
7430,7430,7430
7546,7546,7546
4700,4700,4700
9315,7600,7600
9312,9700,9700
7110,7110,7110
4130,4130,4130
5920,5920,5920
5141,5141,5141
7402,7402,7402
6139,6136,6136
5700,5700,5700
4200,4200,4200
5210,5210,5210
5910,5910,5910
5920,5920,5920
5160,5160,5160
5110,5110,5110
5911,5911,5911
5530,9800,9800
5920,5920,5920
4111,6420,6420
9240,6460,6460
5937,5937,5937
7550,7550,7550
7520,7520,7520
5921,5921,5921
7321,7321,7321
7311,7311,7311
6332,6332,6332
5911,5911,5911
2700,2700,2700
7550,7550,7550
9600,9600,9600
8220,8220,8220
4111,4111,4111
5800,9210,5210
4240,4240,4240
5420,5420,5420
7600,7600,7600
8400,8400,8400
3400,3400,3400
7710,7710,7710
6000,6000,6000
5210,5210,5210
6116,6116,6116
7730,7730,7730
4700,4700,4700
6320,7300,7300
7810,7810,7810
7480,7480,7480
9400,9400,9400
6333,6333,6333
6320,6320,6320
4130,4130,4130
3900,3900,3900
9600,9600,9600
5210,5210,5210
5350,5820,5820
4030,4030,4030
5920,5920,5920
6123,6123,6123
6530,6530,6530
5560,5560,5560
4020,4020,4020
5940,5940,5940
7550,7550,7550
6333,6333,6333
4111,4111,4111
7405,7405,7405
6135,6135,6135
9240,9240,9240
5930,5930,5932
4700,4700,4700
4210,4210,4210
8840,8840,8840
6410,6410,6410
5120,5120,5120
9130,9130,9130
6333,6333,6333
1140,9500,9500
9400,9400,9400
4114,4114,4114
5921,5921,5921
7430,7430,7430
2200,2200,2200
7403,7403,7403
5550,9130,9800
4120,4120,4120
3210,3210,3210
6333,6333,6333
5330,9315,5330
7210,7210,7210
6135,6135,6135
7110,7110,7110
8720,8730,8730
9300,9300,9300
7520,7720,7720
6270,6200,6200
5600,5600,5600
9240,6450,6450
5430,5920,5920
5934,5934,5934
5171,5171,5171
5936,5936,5936
7110,7110,7110
7360,7360,7360
6139,6139,6139
5910,5910,5910
6260,6260,6260
7735,7735,7735
7450,7450,7450
9315,9315,9315
5911,5911,5911
7710,7710,7710
9400,9210,9210
5420,5420,5420
7010,7010,7010
9600,9600,9600
9800,9800,9800
6333,6333,6333
8730,8730,8730
7400,7400,7400
5911,7560,7560
6460,6332,6332
9230,5930,9230
7440,7440,7440
9700,9700,9700
6333,6333,6333
8820,6310,7010
7740,7740,7740
9600,9600,9600
7710,7710,7710
5210,5210,5210
4210,4210,4210
6550,6550,6550
7440,7440,7440
5200,5200,5200
7300,2200,2200
6110,6110,6110
5521,5521,5521
9315,8330,8330
6333,5600,5600
7550,7550,7550
5910,5910,5910
5940,5940,5940
9235,9235,9235
5160,5160,5160
4118,4118,4118
8500,8500,8500
6120,6120,6120
5934,3800,5932
9220,9220,9220
3510,3510,3510
7321,7321,7321
7820,7820,7820
5911,5911,5911
7430,7430,7430
7455,7455,7455
5360,5360,5360
7600,7600,7600
5700,5700,5700
5930,5930,5930
7220,7220,7220
6415,6415,6415
8500,8500,8500
9520,9520,9520
6111,6111,6111
7011,7011,7011
7430,7430,7430
7020,6200,6200
6139,6139,6139
7735,5920,5920
6280,6280,6280
7720,7720,7720
7740,7740,7740
7210,7210,7210
5910,5910,5910
9400,9400,9400
7360,5520,5520
5930,5930,5930
7720,7720,7720
5932,5932,5932
6110,6110,6110
7440,7440,7440
9240,9240,9240
9311,9311,9311
5700,5210,5210
9400,9230,9230
5145,5145,5145
7600,7620,7620
7403,7403,7403
6540,6540,6540
3110,3110,3110
2700,2700,2700
7403,7403,7403
7450,7450,7450
5172,5172,5172
7110,7110,7110
6136,6136,6136
5163,5163,5163
4210,4210,4210
5560,5420,5420
7500,7500,7500
7736,3010,7402
5911,5911,5911
6117,6117,6117
7740,7740,7740
2700,2700,2700
2700,2700,2700
5936,5936,5936
7402,7402,7402
9500,1130,1130
7310,7310,7310
6560,6330,9312
5937,5937,5937
6117,6117,6117
7820,7820,7820
6400,6400,6400
7480,7480,7480
7300,7311,7311
6112,6112,6112
7410,7410,7410
4210,4210,4210
9400,9400,9400
3120,3120,3120
5570,5570,5570
5550,5550,5550
7360,7360,7360
6135,6135,6135
5141,5141,5141
9600,9600,9600
3110,3110,3110
7010,7010,7010
5910,5910,5910
6333,6333,6333
4010,5200,9220
2200,2200,2200
7430,7430,7430
5936,5936,5936
5140,5140,5140
5700,5700,5700
9210,9210,9210
5532,5532,5532
9600,9600,9600
4700,4700,4700
8500,6420,8500
7440,7440,7440
4210,4210,4210
7450,7450,7450
5911,5911,5911
8830,6440,7321
7360,7360,7360
7390,7390,7390
7450,5143,5143
7560,7560,7560
7010,7010,7010
2100,2100,2100
6333,6333,6333
8160,8130,8160
6210,7800,7800
7730,7730,7730
7480,7480,7480
7740,7740,7740
5870,9314,9314
4114,4114,4114
5521,5521,5521
5910,5910,5910
6333,6333,6333
2200,2200,2200
6111,6111,6111
1140,1140,9240
4210,4200,4200
6400,6400,6400
9312,5500,5500
7720,7720,7720
5911,5911,5911
6114,7010,7010
6460,6332,6332
7405,7405,7405
7403,7403,7403
7011,7011,7011
5911,5911,5911
7730,7730,7730
7360,7360,7360
3500,3500,3500
6110,6110,6110
9600,9300,9600
7600,7600,7600
7420,7420,7420
7736,7736,7736
3500,3500,3500
9800,9800,9800
9240,6510,6510
4240,4240,4240
4115,4115,4115
7405,7405,7405
7810,7440,7810
7321,7321,7321
7010,7010,7010
7402,7402,7402
9500,9500,9500
7735,7735,7735
6250,6250,6250
7735,7735,7735
4111,9600,9600
5700,5700,5700
7420,7420,7420
5910,5910,5910
5840,5700,5700
9233,9233,9233
5921,5921,5921
4700,4700,4700
4240,4240,4240
4116,4116,4116
6332,6332,6332
4115,4115,4115
7500,7500,7500
7550,7550,7550
5940,5940,5940
7565,7565,7565
5911,5911,5911
5210,5210,5210
9800,5533,5533
8400,8400,8400
6119,6119,6119
4111,4111,4111
5210,5210,5210
7500,7500,7500
2100,2100,2100
7820,7820,7820
6260,6210,6210
7820,7820,7820
3010,3010,3010
5220,5220,5220
6111,6111,6111
6122,6122,6122
7450,7450,7450
7501,7501,7501
4113,4113,4113
5162,5162,5162
7740,7740,7740
7740,7740,7740
7012,9120,9120
5310,5310,5310
6333,6333,6333
7480,7480,7480
6250,6250,6250
9600,9600,9600
4240,4240,4240
6560,7820,7600
7321,7321,7321
7110,7110,7110
7110,7110,7110
5933,5933,5933
7560,7560,7560
9400,9400,9400
7560,7560,7560
5200,6111,6111
5920,5920,5920
7900,7900,7900
5940,5940,5940
7430,7430,7430
7420,7420,7420
4116,4116,4116
5521,6510,6430
5910,5910,5910
7710,7710,7710
9600,9600,9600
7550,7550,7550
1230,1140,8600
5210,5210,5210
6117,6117,6117
1230,1230,1230
6112,6112,6112
7403,7403,7403
5700,5700,5700
5911,5911,5911
6116,6116,6116
6333,6333,6333
5140,5140,5140
3510,3510,3510
5530,5530,5530
5350,5350,5350
7340,7340,7340
6320,6320,6320
5200,5200,5200
4210,4210,4210
5700,5700,5700
7565,7565,7565
9300,9300,9300
5911,5911,5911
7505,7505,7505
5940,7590,7590
5530,5530,5530
4240,4240,4240
1130,1130,1130
5932,5932,5932
4113,4113,4113
5200,5200,5200
5830,5830,5830
4700,4700,4700
9310,9510,9510
5933,5933,5933
7012,7012,7012
8810,8810,8810
5921,5921,5921
6114,6114,6114
4020,4020,4020
7440,7440,7440
7460,7460,7460
5340,5340,5340
6460,6260,6260
7440,7440,7440
6410,6410,6410
9400,9400,9400
9320,9320,9320
6116,5910,5910
5200,5200,5200
7550,7420,7420
7790,7790,7790
5172,5172,5172
7520,7520,7520
7600,7600,7600
3400,7430,7430
7000,9311,7100
5925,5925,5925
7420,2800,8160
6118,6118,8310
4111,4111,4111
5140,5140,5140
5920,5920,5920
7430,7430,7430
5700,5700,5700
5200,5200,5200
7900,7900,7900
5933,5933,5933
7455,7455,7455
9120,9120,9120
3300,3320,3320
7430,7430,7430
6333,6333,6333
5910,5910,5910
7402,7402,7402
4114,4114,4114
9400,9400,9400
5440,5440,5440
5521,9315,5520
7440,7440,7440
5530,5530,5530
7480,7480,7480
9600,9600,9600
7020,7020,7020
7560,7560,7560
5700,5700,5700
6333,6333,6333
7020,6270,6280
6332,6330,6330
6111,6111,6111
6111,6111,6111
2300,2300,2300
7500,7401,7401
6333,6332,6332
6110,6110,6110
7440,7440,7440
7430,9500,9500
8400,8400,8400
9240,9240,9240
5560,5560,5560
7520,7520,7520
9240,9240,9240
5360,5360,5360
6280,6280,6280
4400,4400,4400
5200,5200,5200
5360,5360,5360
8700,8700,8700
2700,2700,2700
7420,7420,7420
7360,7360,7360
7440,7440,7440
7565,7565,7565
8221,8221,8221
5920,5920,5920
9600,9600,9600
7360,7360,7360
5911,5911,5911
5930,5930,5930
3020,3300,3300
7010,7010,7010
7740,7740,7740
9600,9600,9600
4030,4030,4030
4210,4210,4210
9130,9130,9130
5210,7550,7550
7800,7800,7800
6333,6333,6333
6136,6136,6136
6332,6332,6332
7455,7455,7455
2700,2700,2700
5167,5167,5167
6114,6114,6114
5920,5920,5920
9800,9800,9800
3800,3800,3800
5174,6270,6270
2200,2200,2200
7110,7110,7110
6420,6420,6430
7455,7455,7455
7770,7770,7770
5210,5210,5210
3110,3110,3110
7120,7120,7120
7440,7440,7440
7405,7405,7405
7010,7130,7130
5910,5910,5910
3110,3110,3110
4210,4210,4210
7360,2600,2600
9310,9310,9310
4210,4210,4210
9220,9220,9220
7360,7360,7360
7110,7110,7110
7130,7130,7130
6110,6110,6110
5910,5911,7560
9600,9600,9600
9500,9520,9520
5935,5910,5910
6510,6332,6332
5167,5167,5167
6440,5532,5532
6126,6136,6136
7405,7405,7405
7480,7480,7480
7360,7360,7360
2800,2800,2800
7480,7480,7480
7565,7565,7565
5160,5160,5160
9230,9230,9230
5510,5510,5510
4210,4210,4210
6421,6280,6421
6540,9312,6430
7220,9330,9330
6333,6333,6333
5930,5930,5930
6310,9240,9240
8500,8500,8500
5520,9311,9311
5940,5940,5940
9300,9230,9230
7450,7450,7450
6415,6415,6415
7430,7430,7430
7840,7840,7840
6121,6121,6121
4111,4111,4111
8500,8500,8500
5173,5173,5173
6400,6400,6400
5520,5520,5520
6421,6421,6421
5921,5921,5921
3500,3500,3500
9230,2100,7760
4210,4210,4210
9350,9350,9350
1230,5910,1230
6119,6119,6119
6111,6111,6111
7100,7100,7100
2600,2600,2600
6500,6500,6500
7405,7405,7405
7200,7200,7200
7800,7800,7800
5940,5940,5940
6270,1130,7010
7565,7565,7565
6114,6114,6114
9230,6330,6330
4020,4020,4020
7300,7730,7730
3500,3500,3500
5532,5532,5532
7740,5911,7740
2600,7570,7570
9320,9320,9320
6270,9311,6280
4111,4111,4111
7403,7403,7403
6332,6332,6332
4113,4113,4113
3800,3800,3800
6332,6332,6332
4200,4200,4200
7450,7450,7450
5910,5910,5910
6110,6110,6110
5340,5340,5340
5700,5700,5700
4210,4210,4210
8130,8130,8130
7900,7900,7900
6126,6126,6126
7403,7403,7403
5130,5130,5130
4240,4240,4240
6332,6332,6332
5360,5360,5360
5530,5530,5530
4010,4010,4010
5200,5200,5200
3600,9240,3500
7440,7440,7440
4700,4700,4700
5911,5911,5911
7403,7403,7403
5600,5600,5600
5240,5240,5240
9240,9300,9300
9130,1130,1130
1130,1130,1130
7810,7810,7810
7810,7810,7810
8400,8400,8400
5510,5510,5510
6110,6111,6111
6332,6332,6332
6405,6550,6550
6405,6405,6405
7405,7405,7405
5430,5430,5430
9231,9231,9231
3210,3210,3210
7850,7850,7850
3400,3400,3400
3110,3110,3110
4110,7600,7450
7110,7110,7110
7402,7403,7403
9240,9400,9400
3900,3900,3900
5510,5510,5510
5933,5933,5933
7403,7403,7403
5910,5910,5910
9300,9312,9312
7440,7440,7440
2700,2700,2700
7402,7402,7402
9600,9600,9600
7110,7110,7110
3500,3500,3500
6410,6420,6400
2100,2100,2100
7405,7405,7405
6210,6210,6210
7300,7220,7220
7030,7030,7030
7800,7735,7735
6333,6333,6333
3130,6420,9120
2300,2300,2300
5530,5530,5530
9800,9800,9800
5910,9230,5910
7770,7770,7770
9210,9800,5940
5410,5410,5410
7790,7790,7790
7730,7730,7730
5360,5420,5420
4020,4020,4020
5911,5911,5911
6320,6320,6320
7820,7820,7820
8320,3120,3120
6126,6126,6126
7740,7740,7740
7730,7730,7730
7730,7730,7730
5162,5210,5210
7735,7735,7735
5910,5910,5910
6333,6333,6333
7740,7740,7740
2700,2700,2700
7740,7740,7740
3120,3120,3120
6116,6116,6116
5360,5360,5360
5936,5936,5936
7405,7405,7405
4120,4120,4120
7750,7750,7750
5520,5520,5520
7740,7740,7740
5521,5521,5521
5350,5350,5350
6250,6270,6270
7440,7440,7440
6440,7600,6332
5830,5830,5830
7420,7420,7420
7810,7810,7810
7360,7360,7360
5120,5120,5120
9230,9230,9230
6110,6110,6110
0,0,0
8220,8220,8220
6332,6332,6332
9311,9311,9311
7100,7100,7100
2200,2200,2200
7440,7440,7440
7540,7540,7540
7360,7360,7360
9120,3020,3020
5171,5171,5171
7340,7340,7340
6116,6116,6116
5921,5921,5921
7403,7403,7403
7505,7505,7505
7520,3020,3020
5700,6310,6310
7380,7380,7380
5940,5940,5940
7402,7402,7402
5550,5550,5550
5700,5700,5700
5330,5330,5330
2910,2910,2910
6333,6333,6333
4700,4700,4700
7300,7300,7300
5200,5200,5200
7565,7565,7565
7311,7311,7311
6310,6310,6310
9800,9800,9800
6136,6136,6136
6320,6320,6320
6320,6320,6320
7403,7403,7403
9240,9600,9200
7736,7736,7736
4020,4020,4020
7840,7840,7840
6430,6430,6430
5360,5360,5360
5700,5700,5700
7820,7820,7820
6135,6135,6135
4111,4111,4111
7110,7110,7110
4210,4210,4210
5330,5330,5330
5532,5532,5532
5120,5120,5120
7430,7430,7430
5162,5162,5162
7440,3340,3340
4111,4111,4111
5910,5910,5910
7100,7100,7100
5920,5920,5920
6320,6320,6320
3500,3500,3500
9220,5530,5530
7430,7430,7430
5533,5533,5533
6116,6116,6116
7120,7120,7120
6111,6111,6111
7420,7420,7420
4115,4115,4115
4115,4115,4115
4113,4113,4113
7360,7360,7360
4700,4700,4700
5920,5920,5920
9130,9311,9311
6450,6450,6450
5700,5700,5700
3120,3120,3120
5930,5930,5930
7820,7820,7820
4210,4210,4210
5910,5910,5910
6100,5130,5130
6320,6420,6420
6118,6118,6118
6280,6280,6280
7440,6430,7404
6230,6230,6230
7440,7440,7440
7210,7210,7210
4220,4220,4220
5340,5340,5340
7450,4110,4110
5230,5230,5230
9240,6280,6280
6333,6333,6333
6112,6112,6112
5910,5910,5910
5340,5340,5340
5210,5210,5210
9800,9800,9800
3120,3120,3120
4111,4111,4111
5925,5925,5925
5210,5210,5210
7440,7440,7440
6320,6320,6320
7900,7900,7900
5910,9130,5910
6110,6000,6000
3510,3510,3510
5920,5920,5920
4111,4111,4111
5230,5230,5230
7430,7430,7430
5560,5560,5560
9300,9300,9300
5210,5210,5210
7200,7200,7200
5870,8840,8840
7311,7311,7311
6333,6333,6333
5200,5200,5200
7402,7402,7402
5910,5910,5910
7403,7403,7403
6135,6135,6135
9360,9360,9360
7360,7360,7360
6121,6121,6121
5911,5911,5911
7011,7011,7011
1130,1130,1130
5911,5911,5911
9130,9130,9130
6530,6530,6530
6333,6333,6333
5120,5120,5120
6333,6333,6333
7440,7440,7440
7450,7450,7450
6320,6320,6320
4010,4240,4240
2200,2200,2200
6333,6333,6333
8150,8150,8150
7600,7600,7600
5570,8130,8130
6333,6333,6333
5910,5910,5910
6332,6332,6332
7010,7010,7010
5940,5940,5940
6135,6135,6135
2300,2300,2300
7440,7440,7440
0,9315,9240
5210,5210,5210
6120,6120,6120
6134,6134,6134
6118,6118,6118
1140,1140,1140
6114,6114,6114
6420,6250,6450
7820,7820,7820
5163,5163,5163
8140,8140,8140
6135,6135,6135
5910,5910,5910
7210,7210,7210
6333,6333,6333
6111,6210,6210
9230,7760,7360
7600,7600,5940
6116,6116,6116
7020,7020,7020
7740,7740,7740
9600,9600,9600
5911,5911,5911
6420,6420,6420
4114,4114,4114
9230,9230,9230
9510,9510,9800
6333,6333,6333
7520,7520,7520
5145,5145,5145
3120,3120,3120
7430,7430,7430
7560,7560,7560
5911,5911,5911
5930,7545,5930
0,0,0
9230,9230,9230
7730,7730,7730
5400,5310,5310
7780,7780,7780
5911,5911,5911
7740,7740,7740
7210,6421,6421
7430,7430,7430
5932,5932,5932
5932,5932,5932
6405,6405,6405
7403,7403,7403
6114,6114,6114
4210,4210,4210
9210,9240,9210
6530,6530,6530
9400,9400,9400
5360,5360,5360
6134,6130,6130
4240,4240,4240
5340,5530,5530
5360,5360,5360
7565,7565,7740
6110,6110,6110
5530,5530,5530
4000,7450,7450
7403,7403,7403
5700,5700,5700
5940,5940,5940
7790,7790,7790
9100,7710,7710
9500,9510,9510
7440,7440,7440
8810,8810,8810
4220,4220,4220
7450,7450,7450
4111,4111,4111
1230,9400,9400
7300,7010,7300
5540,6420,6420
6111,6111,6111
7440,7440,7440
6131,6131,6131
7440,7440,7440
9400,9400,7430
5350,5350,5350
5410,5410,5410
8400,8400,8400
7520,7520,7520
9240,0,0
5200,5240,5200
6333,6333,6333
5340,5340,5340
8810,8810,8810
7550,7550,7550
6126,6126,6126
7440,7440,7440
5911,5911,5911
5932,5932,5932
4210,4210,4210
5521,5521,5521
2200,2200,2200
4240,4240,4240
7790,7790,7790
6110,6110,6110
6320,6320,6320
7403,6550,6550
6333,6333,6333
7600,7600,7600
7360,7360,7360
7323,7323,7323
7410,7410,7410
4020,4020,4020
5911,5911,5911
7020,6280,7020
5210,5210,5210
8220,8220,8220
7403,7403,7403
5510,5510,5510
6110,6110,6110
5530,6332,6332
7440,7440,7440
7330,7330,7330
2700,2700,2700
7736,7736,7736
6110,6110,6110
7340,7340,7340
6280,6280,6280
6333,6333,6333
6460,6430,6430
4600,4600,4600
7740,7740,7740
4116,4116,4116
3110,3110,3110
7730,7730,7730
5520,5520,5520
5530,5530,5530
5210,5210,5210
5600,5600,5600
6320,6420,6420
6121,6121,6121
5521,5521,5521
7735,2600,7740
5532,9316,9316
6300,6300,6300
9600,9600,9600
6121,5140,5140
5920,5920,5920
4113,4113,4113
7550,7550,7550
7770,7770,7770
7440,7440,7440
2400,2400,2400
6126,6126,6126
9600,9600,9600
7402,7402,7402
7500,7500,7500
9600,9600,9600
5533,5533,5533
7740,7740,7740
5340,5340,5340
6117,6117,6117
3010,5521,5521
7820,7820,7820
7440,7440,7440
5530,5530,5530
6117,6117,6117
4220,4220,4220
6280,6280,6280
8300,8300,8300
8860,7600,7600
6421,6421,6421
7402,7402,7402
4240,4240,4240
7750,7750,7750
2300,2300,2300
5350,5350,5350
7520,7520,7520
6110,6110,6110
7740,7740,7740
5420,5420,5420
5940,5940,5940
5141,5141,5141
8400,8400,8400
5170,5170,5170
6126,6126,6126
5230,5230,5230
7450,7450,7450
5160,5166,5166
4240,4240,4240
1140,6430,6430
5530,5530,5530
5163,5163,5163
5925,5925,5925
7810,7810,7810
5520,5520,5520
5830,5830,5830
7010,7010,7010
5938,5938,5210
9800,9800,9800
7736,7736,7736
7430,7430,7430
5410,5510,5410
7010,7010,7010
8720,6110,6110
1230,1230,1230
8400,8400,8400
7721,7721,7721
5830,5830,5830
9240,6510,6510
7740,7740,7740
7720,7720,7720
3500,3500,3500
6410,6410,6410
5350,5350,5350
4130,4130,4130
3500,3500,3500
5920,5920,5920
4020,4020,4020
5940,5940,5940
4113,4113,4113
9400,9400,9400
5240,9300,5700
6111,6111,6111
9231,9231,9231
7200,7200,7200
4113,4113,4113
7010,9600,7010
9600,5800,5800
7420,7420,7420
4020,5360,5360
6112,6112,6112
6332,6332,6332
8400,8400,8400
5936,5936,5936
6270,6113,5700
7490,9330,9330
5910,5910,5910
5521,5521,5521
5940,5940,5940
9400,9400,9400
6114,6114,6114
9400,9400,9400
8210,9800,9800
3100,3100,3100
7120,7120,7120
4100,7440,4000
7520,7520,7520
7200,7200,7200
7501,7501,7501
9310,1120,1120
7210,7210,7210
6430,6430,6430
7420,7420,7420
5920,5920,5920
7505,7500,7500
4210,4210,4210
5840,5840,5840
9400,9400,9400
4111,4111,4111
8740,8740,8740
8740,8740,8740
6332,6332,6332
7420,7420,7420
7565,7565,7565
7430,7430,7430
3500,5700,9120
7455,7455,7455
6320,5560,6333
5911,5911,5911
9230,6130,6130
6119,6119,6119
5350,5350,5350
5340,5340,5340
8400,8400,8400
4110,4240,7565
5210,5210,5210
7410,7410,7410
9400,9400,9400
5911,5911,5911
6560,6112,6112
4700,4700,4700
8300,1130,8300
9240,9240,9240
9300,9310,9500
7790,7790,7790
5936,5936,5936
6430,6430,6430
5162,5162,5162
6132,6132,6132
6332,6332,6332
6333,6333,6333
2200,2200,2200
9312,9312,9312
2700,2700,2700
6540,6540,6540
7420,7420,7420
7430,7430,7430
8220,8220,8220
5911,5911,5911
6135,6135,6135
9311,9311,9311
5920,6280,7740
4240,4240,4240
9600,9600,9600
6430,9240,9240
2600,2600,2600
5210,5210,5210
9230,5937,5937
5560,5420,5420
2700,2700,2700
7405,7405,7405
7430,7430,7430
6280,6280,6280
2200,2200,2200
3500,3500,3500
6421,6420,7200
5920,5920,5920
6119,6119,6119
2200,2200,2200
5870,5870,5870
5340,5330,9315
6320,6320,6320
6136,6136,6136
4117,4117,4117
8400,8400,8400
7405,7405,7405
5910,5910,5910
6333,6333,6333
3110,3110,3110
7010,7010,7010
8400,8400,8400
5940,5940,5940
5570,5570,5570
6421,6421,6421
5160,5160,5160
3900,3900,3900
7402,7402,7402
9316,9316,9316
6110,6110,6110
5143,5143,5143
5560,5560,5560
6320,6320,6320
5600,5600,5600
7440,7440,7440
4010,4010,4010
6110,6110,6110
1130,9400,9400
6135,6135,6135
6126,6126,6126
5910,3120,3120
6110,6110,6110
5521,5521,5521
7550,7550,7550
7720,7720,7720
1230,1230,1230
5932,5932,5932
7420,7420,7420
5160,5160,5160
7120,7120,7120
9400,9400,9400
7110,7110,7110
6333,6333,6333
5830,5830,5830
7500,7500,7500
4111,4111,4111
9316,9316,9316
7100,7100,7100
9500,9500,9500
7820,7820,7820
7440,7440,7440
6250,6250,6250
7740,7740,7740
6111,6111,6111
6540,6540,6540
5911,5911,5911
5940,5940,5940
6510,9240,9240
2910,2910,2910
6333,6333,6333
7735,7735,7735
4240,4240,4240
7300,7300,7300
5936,5936,5936
9240,9400,9400
6118,6118,6118
8810,8810,8810
6333,6280,6280
6332,6332,6332
7800,7800,7800
6134,6134,6134
5830,5830,5830
4115,4115,4115
5911,5911,5911
9800,6200,6200
4210,4210,4210
9320,9320,9320
3500,3500,3500
7200,7200,7200
2200,2200,2200
7721,7721,7721
8400,8400,8400
5310,5310,5310
5911,5911,5911
5210,5210,5210
7735,7735,7735
7455,7455,7455
7550,7550,7550
5142,5142,5142
6210,6110,5230
2400,2400,2400
4700,4700,4700
5560,5560,5560
7550,7550,7550
4240,4240,4240
7400,7400,7400
4112,4112,4112
4240,4240,4240
7550,7550,7550
6118,6118,6118
7440,7440,7440
7440,7440,7440
5440,5440,5440
9310,9310,9310
5911,5911,5911
6310,6332,6332
5936,5940,5936
5350,5350,5350
5560,5560,5560
5911,7560,5911
7520,7520,7520
5210,5210,5210
9311,9400,9400
3210,3210,3210
6332,9100,6332
9400,9400,9400
7340,9800,9800
7545,7130,7130
7360,3500,3500
5130,5130,5130
6320,6320,6320
6131,6131,6131
8400,8400,8400
7810,7810,7810
5600,5600,5600
6116,6116,6116
9311,7810,9311
7550,7550,7550
7403,7403,7403
7740,7740,7740
6333,9240,6333
7550,7550,7550
5167,9240,9240
7565,5910,7450
5164,5164,5164
5911,5911,5911
5700,5700,5700
9240,9240,9240
5410,5410,5410
3110,3110,3110
5500,5500,5500
5143,5143,5143
9300,9700,9700
5520,5520,5520
7450,7450,7450
5500,9315,9315
7600,7600,7600
3120,3120,3120
6440,6440,6440
7550,7550,7550
6333,6333,6333
7560,7560,7560
5210,5210,5210
6280,6270,6270
7200,7200,7200
4210,4210,4210
6320,6320,6320
8720,8720,8720
7010,7010,7010
5930,5930,5930
5700,5700,5700
3900,3900,3900
5340,5340,5420
5940,5940,5940
2700,9220,9220
6320,6320,6320
7430,7430,7430
7740,9235,9235
5937,5937,5937
8850,8820,8820
8160,8140,8140
7430,7430,7430
2200,2200,2200
3900,3900,3900
6420,9240,9240
7545,7545,7545
5510,5510,5510
7020,6280,6280
6420,6420,6420
6405,6405,6405
5830,5830,5830
5200,5200,5200
5142,5142,5142
3400,3400,3400
9800,9800,9800
6320,6320,6320
5200,5200,5200
7530,7530,7530
7450,7450,7450
6333,6333,6333
7210,7210,7210
7740,7740,7740
7550,7550,7550
7610,7610,7610
9312,7430,7430
9130,9130,9130
7440,7440,7440
3800,3800,3800
9500,9500,9500
1120,9310,9310
7455,7455,7455
8400,9130,9130
7550,7550,7550
5450,5450,5450
6139,6139,6139
7540,7540,7540
9312,6421,6421
9600,9600,9600
7010,7010,7010
5172,5172,5172
7030,7030,7030
2400,2200,2400
5700,5700,5700
4210,4210,4210
7405,7405,7405
8400,8400,8400
7730,7730,7730
5910,5910,5910
9220,9220,9220
7560,5911,5911
5911,5911,5911
6510,9311,6280
6320,6320,6320
6540,7210,6540
5146,5146,5146
7360,7360,7360
7450,4111,4111
9210,5200,5200
6117,6117,6117
2700,2700,2700
9800,9800,9800
5171,5122,5122
7360,7360,7360
7110,7110,7110
5911,5911,5911
5911,5911,5911
7550,7550,7550
7405,7405,7405
7735,7735,7735
8220,8220,8220
7440,7440,7440
6111,6111,6111
5940,5940,5940
7120,7120,7120
5560,5560,5560
7455,7455,7455
6280,6280,6280
6320,6320,6320
6110,6110,6110
7600,7600,7600
7210,7210,7210
6119,6119,6119
5911,5911,5911
7600,7600,7600
6430,6430,6430
6121,6121,6121
6333,6333,6333
7321,7321,7321
5520,9311,7545
6126,6126,6126
9240,9600,9600
7321,7321,7321
5142,5142,5142
7560,7560,7560
4210,4210,4210
5911,5911,5911
9231,5440,5440
9312,5530,5530
6320,6320,6320
5920,5920,5920
6118,6118,6118
3210,3210,3210
7440,7440,7440
5870,9230,9230
1140,1140,1140
6280,6280,6280
7340,7340,7340
7450,7450,7450
7360,7360,7360
6116,6116,6116
4113,5940,5940
7360,7360,7360
6116,6116,6116
5830,9700,9700
7780,7780,7780
3400,3400,3400
6210,6210,6210
9240,9240,9240
7740,7740,7740
5532,5532,5532
9314,9130,5521
9600,9600,9600
7550,7550,7550
7410,7410,7410
6300,6300,6300
3120,3120,3120
7350,7350,7350
5921,5921,5921
7600,7600,7600
5200,5200,5200
6332,6332,6332
5420,6210,6210
7340,7340,7340
6430,6430,6430
9240,6510,6530
6320,6320,6320
7735,7740,7735
7545,7545,7545
7450,7450,7450
9230,9230,9230
7710,7710,7710
4110,4110,4110
7735,7735,7735
1120,9400,9400
7100,7100,7100
3120,3120,3120
4114,4114,4114
3110,3110,3110
8330,8330,8330
5935,5935,5935
7200,7200,7200
5600,5600,5600
6119,6119,6119
6260,6332,6332
7120,7120,7120
7410,7410,7410
5910,5910,5910
5700,5700,5700
5530,5530,5530
7450,7450,7450
5532,5532,5532
9320,9311,9311
9400,9400,9400
7450,7010,7010
7735,7735,7735
6333,6333,6333
8400,8400,8400
7430,7430,7430
5932,5932,5932
7404,7404,7404
1130,1130,1130
7810,7810,7810
6110,6110,6110
4700,4700,4700
8160,8160,8160
4114,4114,4114
2200,2200,2200
7735,7735,7735
9130,9130,9130
5171,5171,5171
5200,5200,5200
7740,7740,7740
6333,6333,6333
6333,9311,9311
5921,9400,9400
2300,2300,2300
7735,7735,7735
7402,7402,7402
5521,5521,5521
5700,5700,5700
5210,5210,5210
5430,5430,5430
7120,7120,7120
6280,6405,6405
7440,7440,7440
5700,5700,5700
3500,3500,3500
6333,6333,6333
6135,6135,6135
5340,5340,5340
5310,5310,5310
3210,3210,3210
6134,6134,6134
5870,5870,5870
7720,7720,7720
5350,5350,5350
4114,4114,4114
5130,5130,5130
5920,5700,5700
7405,7405,7405
5521,5521,5521
5870,5870,5870
7520,7520,7520
7120,7120,7120
6270,6330,6330
9310,9310,9310
3120,3120,3120
7440,7440,7440
4020,4020,4020
7440,7440,7440
5130,5130,5130
6270,6270,6270
6550,5540,5540
7120,7120,7120
5520,5520,5520
6112,6112,6112
7520,7520,7520
5911,5911,5911
7800,7800,7800
4210,4210,4210
7120,7120,7120
6333,6333,6333
7770,7770,7770
4113,4113,4113
6333,6333,6333
5930,5930,5930
8320,8320,8320
7565,7565,7565
7440,7440,7440
7560,7560,7560
5520,7360,7360
9312,9312,9312
4020,4020,4020
9310,1130,1130
7401,6110,6110
4700,4700,4700
9230,9230,9230
9316,9316,9316
6113,6110,6110
6400,6400,6400
6121,6121,6121
7740,7740,7740
7440,7440,7440
7490,7490,7490
9240,9240,9240
3500,3500,3500
6121,6121,6121
7450,7450,7450
9130,5520,5520
4111,4111,4111
7720,7720,7720
7770,7770,7770
5911,5911,5911
2100,2100,2100
7740,7740,7740
7800,7800,7800
7600,7600,7600
5910,5910,5910
4130,4130,4130
4120,9313,5910
7550,7100,7550
7600,7600,7600
6132,6132,6132
5521,5521,5521
8160,8160,8160
8820,7360,8600
6420,6420,6420
7403,7403,7403
5521,5521,5521
0,6117,6117
9240,9240,9240
6333,6333,6333
7020,7020,7020
3500,3500,3500
9600,9600,9600
6333,6333,6333
5936,5936,5936
6330,6332,6332
5430,5430,5430
6210,6210,6210
6114,6114,6114
6110,6110,6110
3020,3020,3020
7120,7120,7120
9210,9210,9210
7565,3130,5911
5360,6333,6333
7420,7440,7440
9600,9600,9600
5521,5521,5521
6116,7820,7820
5120,5120,5120
6121,6121,6121
8330,8330,8330
7600,7600,7600
8850,8850,8850
7340,7340,7340
5830,5830,5830
7501,7501,7501
6110,6119,6119
3120,3120,3120
7210,7210,7210
6121,6121,6121
6460,5521,5521
6112,6112,6112
8100,8100,8100
3500,3500,3500
7455,9315,9315
5521,5521,5910
6116,6116,6116
6124,6114,6124
5171,5171,5171
5530,5530,5530
7110,7120,7120
8130,8130,9230
3210,3210,3210
7405,7405,7405
5840,5840,5840
8730,8730,8730
7440,7440,7440
5520,9311,9311
7420,7440,7440
6260,6260,6260
8300,8300,8300
6320,6320,6320
7505,7505,7505
5920,5920,5920
6320,6320,6320
9312,9800,9800
6540,6540,6540
5933,5933,5933
7310,7310,7310
7210,7210,7210
5520,9130,9130
5911,5910,5910
8810,5700,8820
5932,5932,5932
6333,6333,6333
5120,5120,5120
5911,5911,5911
7340,7340,7340
6117,6117,6117
6333,6333,6333
4700,4700,4700
3130,3130,3130
9330,7321,7321
9600,9600,9600
8330,8330,8330
5920,5921,5921
2700,2700,8330
6126,6126,6126
7420,7420,7420
5350,7100,7100
7440,5520,3400
6136,6136,6136
6520,7010,7010
9311,9315,9315
1230,1230,1230
6116,6116,6116
7440,7440,7440
1140,9400,9400
7440,7440,7440
5141,5141,5141
7430,7430,7430
6114,6114,6114
7420,7420,7420
5560,5560,5560
5200,5200,5200
7565,7565,7565
7360,7360,7360
5911,5911,5911
7330,7330,7330
7740,7740,7740
7200,7200,7200
7430,7430,7430
5700,7010,7010
5700,5700,5700
7440,7440,7440
5210,5210,5210
7400,7400,7400
6110,6110,6110
6116,6116,6116
7450,7450,7450
6540,6540,6540
9230,9230,9230
6260,6260,6260
8500,8500,8500
2600,2600,2600
7220,7220,7220
5440,5440,5440
7550,7550,7550
7740,7740,7402
4210,4210,4210
4240,4240,4240
9400,6530,6530
6320,6320,6320
7402,7402,7402
5933,5933,5933
5160,5160,5160
4010,4010,4010
8220,8220,8220
5920,5920,5920
6110,6110,6110
5240,5240,5240
4114,4114,4114
5145,5145,5145
7740,7740,7740
5310,5310,5310
5570,5570,5570
5937,5937,5937
4210,4210,4210
9600,9600,9600
5143,5143,5143
6113,6113,6118
7403,5930,5930
9400,9400,9400
6333,6333,6333
6111,6111,6111
9240,9312,9312
8400,8400,8400
7550,3130,3100
7480,7480,7480
7130,7600,7130
7550,7550,7550
9800,9800,9800
5940,5940,5940
7440,7440,7440
5521,5521,5521
7480,7480,7480
6333,6333,6333
6116,9400,5910
7450,4111,4111
6410,6421,6421
7735,7735,7735
2400,7210,7210
6111,6111,6111
6134,6134,6134
7321,5850,7321
5932,5932,5932
4700,4700,4700
9800,9800,9800
6333,6333,6333
5910,5910,5910
7450,7450,7450
7565,7565,7565
6110,6110,6110
6530,6530,6530
3400,3400,3400
7390,7390,7390
6320,6320,6320
9800,9600,9800
7430,7430,7430
7430,7430,7430
7360,7360,7360
7403,7403,7403
0,0,0
9330,9330,9330
6128,5130,5130
5200,5210,5210
5530,5530,5530
5920,5920,5920
4240,4240,4240
5521,5521,5521
5120,5120,5120
7721,7721,7721
9311,9311,9311
6440,6440,9312
5200,5210,5210
6421,7210,7210
7360,7360,7360
7210,7210,7210
3110,3110,3110
7110,7110,7110
7110,7110,7110
4700,4700,4700
9600,9600,9600
8160,8160,8160
5230,5230,7340
6410,6410,6410
2500,2500,2500
7455,7455,7455
6440,6440,6440
7410,7410,7410
5120,5120,5120
5910,5910,5910
7010,7010,7010
5171,5171,5171
3400,3400,3400
9235,9235,9235
7403,7403,7403
4210,4210,4210
5450,5450,5450
3510,3510,3510
3510,3510,3510
6117,6117,6117
8700,8700,8700
7450,7450,7450
7440,7440,7440
7430,7450,7450
2500,2700,2700
5911,5911,5911
7410,7720,7720
5360,5360,5360
6430,6430,6430
6270,6270,6270
7740,7740,7740
5940,5210,5210
5420,5420,5420
7735,5700,7736
6510,6320,6112
8140,8140,8140
9315,9315,9315
7600,6400,6400
4400,4400,4400
7820,7820,7820
5911,5911,5911
5143,5143,5143
7500,7500,7500
5141,5141,5141
7410,7410,7410
9000,6530,9315
4114,4114,4114
5360,5360,5360
4111,4111,4111
3110,3110,3110
7546,5911,5930
7402,7402,7402
5938,5938,5938
3110,3110,3110
7720,7720,7720
6332,6332,6332
7550,7550,7550
9230,9230,9230
6240,9315,9100
9800,9800,9800
7402,7402,7402
7402,7402,7402
7810,7810,7810
3320,3320,3320
7110,7110,7110
5700,5700,5700
7720,7720,7720
7311,7311,7311
5910,5910,5910
7430,7430,7430
7735,7735,7735
5570,5570,5570
7770,9500,9500
7565,7565,7565
6117,6117,6117
7402,7402,7402
3110,3110,3110
5145,5145,5145
7405,7405,7405
4200,9800,9800
3110,3110,3110
7405,7405,7405
6110,6110,6110
7800,7800,7800
7402,7402,7402
1130,9400,9400
7120,7120,7120
7220,7220,7220
7450,7450,7450
6320,6320,6320
5940,5940,5940
6332,6332,6332
7740,7740,7740
9400,9400,9400
3210,3210,3210
7402,7402,7402
6120,6120,6120
7440,7404,7800
6332,6332,6332
6121,6121,6121
5937,5937,5937
7770,7550,7550
9240,6510,6510
6114,6114,6114
4240,4240,4240
3010,3010,3010
7402,7402,7402
7420,7420,7420
6114,6114,6114
2400,7210,7210
5911,5911,5911
5340,5340,5340
7500,7500,7500
8400,8400,8400
7800,7800,7800
9233,9233,9233
7402,9315,9315
7110,7110,7110
5700,5700,5700
2200,2200,2200
5230,5230,5230
2100,2100,2100
4240,4240,4240
7610,7610,7610
9230,9230,9230
5570,5570,5570
6332,6332,6332
7405,7405,7405
6135,6135,6135
0,0,0
7735,7735,7735
7545,7545,7545
5521,5521,5521
9313,9313,9313
5920,5920,5920
4020,4020,4020
4210,4210,4210
8800,7545,5360
3400,3400,3400
6110,6110,6110
4111,4111,4111
7770,7770,7770
6332,6332,6332
7450,7450,7450
5910,7560,7560
7600,7600,7600
6440,6440,6440
6560,6333,6420
6119,6119,6119
5700,5700,5700
5910,5910,5910
7560,7560,7560
4400,4400,4400
5430,5430,5430
5911,5911,5911
7730,7730,7730
7401,7401,7401
5932,7545,7545
7480,7480,7480
9130,9130,9130
7440,7440,7440
7565,7565,7565
5521,5521,5521
6550,6430,6430
9400,9400,9400
7120,7120,7120
4111,4111,4111
5140,5140,5140
4111,4111,4111
7120,7120,7120
6136,6136,6136
8500,8500,8500
6333,6333,6333
5550,5550,5550
5933,5933,5937
5142,5142,5142
7011,7011,7011
5920,5920,7730
3900,3900,3900
5911,5911,5911
7565,7565,7565
9400,9400,9400
5830,5830,5830
5210,5210,5210
7402,7402,7402
7440,7440,7440
7530,7530,7530
9330,9330,9330
5500,9312,9312
5530,5530,5530
7300,7300,7300
7500,7500,7500
5936,5936,5936
3110,7545,5910
5920,5920,5920
6111,6111,6111
6320,6320,6320
7735,7735,7735
6333,6333,6333
8400,9310,9310
5340,5340,5340
7440,7440,7440
9316,4111,6420
7404,7402,7402
7440,7440,7440
9210,9210,9210
7321,7321,7321
5932,5932,5932
8400,8400,8400
7410,7410,7410
5141,5141,5141
7735,7735,7735
7550,7550,7550
3400,3400,3400
6333,6333,6333
5910,5910,5910
5940,5940,5940
6110,6110,6110
5172,5172,5172
5911,5911,5911
7505,7505,7505
6119,6119,6119
5936,5936,5936
8400,8400,8400
7740,7740,7740
7740,7740,7740
7450,9600,9600
6126,6127,6126
6333,6333,6333
5310,5310,5600
6114,6114,6114
7480,7480,7480
6420,6420,6420
5911,5911,5911
7550,7550,7550
5210,5210,5210
9240,9230,5700
6280,6280,6280
9130,9130,9130
5350,5350,5350
7110,7110,7110
7010,5150,5150
5936,5936,5936
5145,5145,5145
9500,9500,9500
8320,8320,8320
6440,6440,6440
8400,8400,8400
5910,5910,5910
7402,7402,7402
5140,5140,5140
7360,7360,7360
5440,5440,5440
5700,5700,5700
1120,9315,9315
3010,3010,3010
2200,2200,2200
7120,7120,7120
5932,5932,5932
6111,6111,6111
6280,6280,6280
5142,5142,5142
7440,7440,7440
7560,7560,7560
6320,6270,6320
9240,6200,6200
5940,5940,5940
8400,8400,8400
7120,7120,7120
5163,5163,5163
5936,5936,5936
7403,7403,7403
6280,6280,6280
9311,9311,9311
7011,7011,7011
6116,6116,6116
3400,7402,7402
7120,7120,7120
6421,6421,6421
7550,7550,7550
7340,7340,7340
2200,2200,2200
7330,7310,7000
3010,9130,9130
6119,6119,6119
3110,3110,3110
6333,6333,6333
7340,7340,7340
8400,8400,8400
5920,5920,5920
7790,7790,7790
5162,5162,5162
7550,7550,7550
9130,9130,9130
7402,7402,7402
5420,5420,5420
6131,6131,6131
7380,7380,7380
7360,7360,7360
4210,4210,4210
2200,2200,2200
5350,5350,5350
2200,2200,2200
9233,9231,9231
9500,9500,9500
7200,7200,7200
7210,7210,7210
7570,7570,7570
7120,7120,7120
9230,9230,9230
6126,6126,6126
8400,9600,9600
7900,7900,7900
5920,5920,5920
9200,9200,9200
5220,5220,5220
6510,6510,6510
6114,6114,6114
7360,7360,7360
5360,5360,5360
7430,7430,7430
6260,6260,6260
4210,4210,4210
7405,7405,7405
6333,6333,6333
3100,3100,3100
4120,4120,4120
5936,5936,5936
5911,5911,5911
7550,7550,7550
7740,7740,7740
5360,6320,6320
1140,9400,9400
5120,5120,5120
6410,6410,6410
8160,8160,8160
7560,7560,7560
7403,7403,7403
7450,7450,7450
7550,7550,7550
7545,7545,7545
6135,6135,6135
5210,5210,5210
7560,7560,7560
7810,7810,7810
5560,5560,5560
6110,6110,6110
7850,7850,7850
5911,5911,5911
7322,7322,7322
5230,5230,5230
5936,5936,5936
4700,4700,4700
5560,6320,6320
5163,5163,5163
1300,7740,7740
6250,6250,6250
9130,1140,1140
9311,9500,9500
5200,5200,5200
7440,7440,7440
5360,5360,5360
6112,6112,6112
5210,9240,9240
7800,7800,7800
7321,7321,7321
7011,8160,8160
8310,8310,8310
6270,6270,6270
3700,3700,3700
7402,7402,7402
5530,5530,5530
9311,9311,9311
5420,5420,5420
7455,7455,7455
7770,7770,7770
5911,5911,5911
7455,7455,7455
1130,9700,9700
7410,7410,7410
6430,6430,6430
2200,7760,7760
7360,7360,7360
2700,2700,2700
5910,5910,5910
2700,2700,2700
9300,9400,9400
6460,6460,6460
5560,5560,5560
7405,7405,7405
5940,5940,5940
4210,4210,4210
7340,7600,7600
7450,7450,7450
2100,2200,2200
6333,7200,7200
6135,6135,6135
9400,9400,9400
9800,9800,9800
4400,4400,4400
7402,7402,7402
7402,7402,7402
3200,3200,3200
4210,4210,4210
7130,8150,8150
6333,6333,6333
7735,7735,7735
7830,7830,7830
6129,7020,7020
6139,6139,6139
5911,5911,5911
7403,7403,7403
1230,1230,1230
7350,7350,7350
6134,6134,6134
3500,3500,3500
7450,7450,7450
5910,5910,5910
6333,6333,6333
9120,9314,9314
7740,7740,7740
7790,7790,7790
7110,7110,7110
4111,4111,4111
5930,5930,5930
7600,7600,7600
5521,5521,5521
7440,7440,7440
5120,5120,5120
6118,7545,6118
6320,6320,6320
6135,6135,6135
4400,4400,4400
7721,7721,7721
6320,6320,6320
7100,7100,7100
9312,9312,9312
5200,5200,5200
7100,7100,7100
4210,4210,4210
5340,5340,5340
9233,9233,9233
6333,6333,6333
3210,3210,3210
8850,8850,8850
5920,5920,5920
6117,6117,6117
6119,6119,6119
5940,5940,5940
9800,9800,9800
5910,5910,5910
4210,4210,4210
6110,6110,6110
4210,4210,4210
3510,3510,3510
5937,5937,5937
4700,4700,4700
6332,6332,6332
4700,4700,4700
6400,9400,6420
7110,7110,7110
5920,9350,9350
9400,9400,9400
6320,6320,6320
4113,4113,4113
6110,6110,6110
5921,5921,5921
7480,7480,7480
7403,7403,7403
7550,7550,7550
2300,9500,9500
7600,9311,9311
6440,6440,6440
7020,7020,7020
5560,5560,5560
8400,8400,8400
5560,5560,5560
5860,5860,5860
9400,9400,9400
7110,7110,7110
7900,7900,7900
6333,6333,6333
5911,5911,5911
7210,7210,7210
5830,5830,5830
6111,6111,6111
5820,5820,5820
6333,6333,6333
9400,5910,5925
5933,5933,5933
6114,6114,6114
4113,4113,4113
5936,5936,5936
7440,7440,7440
6118,6118,6118
8810,8810,8810
6126,6126,6126
4111,4111,4111
7550,3100,7550
7730,7730,7730
7450,7450,7450
6320,6333,6333
8400,8400,8400
0,0,0
1230,6320,1230
5800,5870,5870
6135,6135,6135
5520,5520,5520
6270,6320,6320
6117,6117,6117
5350,5350,5350
3510,3510,3510
9400,9600,9600
4111,4111,4111
7350,7440,7440
9130,9130,9800
2200,2200,2200
5700,5700,5700
7110,7110,7110
5933,5933,5933
6430,6430,6430
6300,6430,6430
7120,7120,7120
9314,9314,9314
9240,9240,9240
7820,7820,7820
9220,9220,9220
7730,7730,7730
4020,4020,4020
9800,9800,9800
4117,4117,4117
5936,5936,5936
5142,5142,5142
5700,5700,5700
6460,9600,9600
6135,6135,6135
7350,7350,7350
3120,3120,3120
5210,5210,5210
5141,5141,5141
6230,6230,6230
5521,5521,5521
9220,9220,9220
1120,9600,5800
7560,5910,5910
7800,7800,7800
6333,6333,6333
5700,5700,5700
7550,7550,7550
5925,5925,5925
4111,4111,4111
6420,6420,6420
2100,2100,2100
2400,2400,2400
7405,7405,7405
7440,7440,7440
6332,6332,6332
6119,6119,6119
6136,6136,6136
6126,6126,6126
5340,5340,5340
7321,7010,7010
7340,7340,7340
3110,3110,3110
7501,7501,7501
5700,5700,5700
7350,7350,7350
5145,5145,5145
9600,9600,9600
7560,7560,7560
7403,7403,7403
6332,6332,6332
5934,7010,5934
5340,5340,5340
7010,7010,7010
8730,8730,8730
7340,7340,7340
7405,7405,7405
5340,5340,5340
6121,6121,6121
7403,7403,7403
3510,3510,3510
6415,6415,6415
1130,9240,9240
4300,4300,4300
6332,7321,6332
6136,6136,6136
4120,4120,4120
5330,5330,5330
5530,5530,5530
7790,7790,7790
9240,9400,9240
7700,7700,7700
8140,8140,8140
4240,4240,4240
6280,6280,6280
5520,9800,9800
4113,4113,4113
7120,7120,7120
3100,3100,3100
7520,7520,7520
5911,5911,5911
6110,8160,6110
9520,9500,9520
7740,7740,7740
1130,7010,7010
7550,7550,7550
2600,2600,2600
5530,5530,5530
4117,4117,4117
5925,5925,5925
3400,3400,3400
9110,9240,9240
7740,7740,7740
7740,7740,7740
8130,8130,8130
6280,6280,6280
4600,4600,4600
6332,6300,6300
9800,7430,7430
6116,6116,6116
6135,6135,6135
6270,6270,6270
5540,7500,6405
6400,6430,6430
3510,3510,3510
7600,7600,7130
7440,7440,7440
6320,6320,6320
9600,9600,9600
5911,5911,5911
7220,7220,7220
7010,7010,7010
9520,9500,9500
7360,7360,7360
7520,7520,7520
6136,6136,6136
7450,7450,7450
5700,5700,5700
4020,4020,4020
9320,5420,5420
7780,7780,7780
3900,3900,3900
7600,7600,7600
5450,5450,5450
9400,9400,9400
8400,8400,8400
5870,5870,5870
7410,7410,7410
6450,6450,6450
5350,5350,5350
5530,5530,5530
7403,7403,7403
6129,7200,6120
5340,5340,5340
7455,7455,7455
6332,6332,6332
8300,8300,8300
6280,6280,6280
7404,7404,7404
7300,7300,7300
7800,7800,7800
7560,7560,7560
4400,4400,4400
6134,6114,6134
9231,9231,9231
7360,7360,7360
5940,5940,5940
7500,5920,5920
5360,5360,5360
7012,7012,7012
6135,6135,6135
2700,2700,2700
7430,7430,7430
5210,5910,5910
8221,7410,7410
4113,4113,4113
7850,7850,7850
5210,5210,5210
5936,5936,5936
6320,6320,6320
7500,3010,3010
6119,6119,6119
2200,2200,2200
5210,5210,5210
4115,4115,4115
5130,5110,5110
5121,5121,5121
5910,5910,5910
5938,5938,5938
8320,8330,8330
4113,4113,4113
4111,4111,4111
5933,5933,5933
7565,7565,7565
5937,5937,5937
8400,8400,8400
6320,6320,6320
6333,6333,6333
4114,4114,4114
7440,7440,7440
7480,7550,7550
7760,7760,7760
3510,3510,3510
4020,4020,4020
7565,7565,7565
8300,8300,8300
3010,3010,3010
6116,6116,6116
6119,6119,6119
5830,5830,5830
5930,5932,5932
6320,6320,6320
9400,9210,9210
2600,2600,2600
7120,7120,7120
6280,6280,6280
7403,7403,7403
9400,6460,6460
5911,5911,5911
5933,5933,5933
6420,6420,6420
6110,6110,6110
6410,8330,6410
3110,3110,3110
4115,4115,4115
7600,7600,7600
5911,5911,5911
6520,8820,8820
3010,3010,3010
5330,5330,5330
4000,4000,4000
7380,7380,7380
5145,5145,5145
7770,7770,7770
7550,7550,7550
7400,7402,7402
5360,5360,5360
3110,3110,3110
9400,9400,9400
6333,6333,6333
6200,6200,6200
7110,7110,7110
7210,7210,7210
7311,7311,7311
4700,4700,4700
2800,2800,2800
9230,9230,9230
3020,3020,3020
6131,6131,6131
6136,6136,6136
7735,7735,7735
7402,7402,7402
4240,4240,4240
6110,6110,6110
7010,7012,7012
7403,7403,7403
6280,9330,6430
5532,5532,5532
5700,5700,5700
4600,4600,4600
6110,6332,6121
6440,6440,6440
5600,5600,5600
6320,6320,6320
7402,7402,7402
4111,4111,4111
5911,5911,5911
6333,6333,6333
6126,6126,6126
5350,5350,5350
7010,7010,7010
6333,6333,6333
8160,8160,8160
6320,6320,6320
7740,7740,7740
5911,5911,5911
6136,6136,6136
1230,1230,1230
7401,7401,7401
8400,8400,8400
7455,7455,7455
7740,7740,7740
7550,7550,7550
4010,5340,5340
3120,3120,3120
8150,8150,8150
7450,7450,7450
7770,7770,7770
9240,9240,9240
9300,9300,9300
7770,4200,5930
6400,6400,6400
6333,6333,6333
6112,6112,6112
5120,5120,5120
4210,4210,4210
5420,5420,5420
5932,5932,5932
5600,6430,6430
9800,9800,9800
9400,9400,9400
5360,5910,5910
6280,6280,6280
9230,9300,9300
9311,7560,7560
6135,6135,6135
7403,7403,7403
5142,5142,5142
6333,6333,6333
4115,4115,4115
9120,9120,9120
7420,7420,7420
5911,5911,5911
7740,7740,7740
5310,5310,5310
7550,7550,7550
7210,7210,7210
9330,9330,9330
9311,9311,9311
6320,6320,6320
4210,4210,4210
9130,9130,9800
7540,7540,7540
7600,7800,9400
7430,7430,7430
7440,7440,7440
7430,7430,7430
9300,1140,1140
5210,5210,5210
7360,7360,7360
2400,2600,2600
9600,9400,9400
7403,7403,7403
3510,3510,3510
5936,5936,5936
7740,7740,7740
5940,5940,5940
6333,6333,6333
7550,7550,7550
7110,7110,7110
7010,9240,6250
8160,8160,8160
6332,6332,6332
4111,4111,4111
6310,6310,6310
5911,5911,5911
7600,7600,7600
5700,8500,8500
5310,5310,5310
6116,6116,6116
8220,8220,8220
7440,3020,3020
6121,6121,6121
5932,5932,5932
4240,4240,4240
5910,5910,5910
7402,7402,7402
8310,8310,8310
7500,7500,7500
5936,5936,5936
3120,3120,3120
6320,6320,6320
7360,7360,7360
6333,6333,6333
5530,5530,5530
5230,5230,5230
6270,6270,6270
6280,6280,6280
9320,7600,7600
9230,9230,9230
3120,3120,3120
5560,5560,5560
7300,7300,7300
9230,9230,9230
3400,3400,3400
9233,9233,9233
4020,4020,4020
9220,9220,9220
3110,5700,5700
9400,9315,9315
6320,6320,6320
5440,5440,5440
9330,5520,5520
8820,9235,9235
9800,5550,5550
1230,1230,1230
7110,7110,7110
8720,3500,8720
5120,5120,5120
5936,5936,5936
4200,4020,4020
7130,7130,7130
7311,5146,5146
5164,5164,5164
7820,9500,7800
5920,5920,5920
4112,4112,4112
5910,5910,5910
7110,7110,7110
6110,6110,6110
1230,1230,1230
6116,6116,6116
5200,5200,5200
5141,5141,5141
5520,5520,5520
7735,7735,7735
5930,5930,5930
5210,5210,5210
5122,5122,5122
5210,5210,5210
7470,7470,7470
5210,5200,5200
3020,3020,3020
7200,7200,7200
7450,7450,7450
9312,9312,9312
9710,9312,9312
5520,5520,5520
6116,6116,6116
8730,8730,8730
7120,7120,7120
3500,3500,3500
2200,2200,2200
6116,6116,6116
0,0,0
7405,7405,7405
3500,3500,4116
7430,7430,7430
7360,7360,7360
9800,9800,9800
5150,5150,5150
6139,5160,5160
8400,8400,8400
5910,5910,5910
7820,7820,7820
6260,6200,6200
6421,6421,6421
6420,6420,6420
5920,5920,5920
4200,4200,4200
9500,9500,9500
6320,6320,6320
7402,7402,7402
7330,7330,7330
5911,5911,5911
7360,7360,7360
6100,7100,6110
5921,5921,5921
8400,8400,8400
7450,7450,7450
5210,5210,5210
8700,8700,8700
3500,3500,3500
9315,9400,9400
6114,6114,6114
7600,7600,7600
5340,5340,5340
5920,7340,7340
5210,5200,5200
9230,6333,9800
7440,7440,7440
7100,7100,7100
7360,7360,7360
5560,5560,5560
5142,5142,5142
7520,7520,7520
4120,4120,4120
7430,7430,7430
7110,7110,7110
5910,5910,2700
1140,4240,4240
4240,4240,4240
7730,7730,7730
5700,5700,5700
5171,5171,5171
3800,3800,3800
7520,7520,7520
3210,3210,3210
2600,2700,2700
4113,4113,4113
5530,5530,5530
2100,9600,9600
6415,6415,6415
2200,2200,2200
4020,4117,4117
5911,5911,5911
7740,7740,7740
7570,7570,7570
9240,9230,9230
7900,7900,7900
5130,5130,5130
5940,5520,6560
9600,9600,9600
6110,6110,6110
6134,6134,6134
6117,6117,6117
4010,4010,4010
7330,7330,7330
7460,4700,4700
4240,4240,4240
5920,5920,5920
4210,4210,4210
6117,6117,6117
6430,5600,5600
8400,8400,8400
5870,9231,9231
5440,5440,5440
5170,5170,5170
5911,5911,5911
5911,5911,5911
5310,5310,5310
9400,9300,9300
4111,7455,9100
9240,9240,9240
7012,7012,7012
7450,7450,7450
3120,3120,3120
2800,7420,7420
6333,6333,6333
7500,7500,7401
6111,6111,6111
7550,7550,7550
5830,5830,5830
6333,6333,6333
7710,7710,7710
5600,5600,5600
5930,5930,5930
7800,4112,4112
9400,9220,9220
5911,5911,5911
6440,6440,6440
7110,7110,7110
5200,5200,5200
4111,4111,4111
5910,5910,5910
5210,5210,5210
4010,4130,4010
9320,9100,9100
4210,4210,4210
6111,6111,6111
6333,6333,6333
7501,7505,7505
7720,7720,7720
6430,6430,6430
4111,4111,4111
7300,7300,7300
6333,6333,6333
5925,5925,5925
6333,6333,6333
7730,7730,7730
7720,7720,7720
7740,7740,7740
6332,6332,6332
6117,6117,6117
5172,5172,5172
5570,5570,5570
5141,5141,5141
7736,7736,7736
8400,8400,8400
7740,7740,7740
4112,4112,4112
5700,5700,5700
7430,7430,7430
5360,5360,5360
7570,7570,7570
6135,6135,6135
6119,6119,6119
6333,6333,6333
9100,9100,9100
6320,6280,6280
5937,5937,5937
7450,7450,7450
2200,2200,2200
9311,9240,9240
7110,7120,7120
9210,9210,9210
9600,9600,9600
5533,5533,5533
8330,7600,7600
3800,3800,3800
7402,7402,7402
7420,7420,7420
7200,7200,7200
5560,5560,5560
7311,7311,7311
9233,9233,9233
4220,4220,4220
6330,9800,9800
7402,7402,7402
5911,5911,5911
5141,5141,5141
8810,8810,8810
9315,9315,9315
7565,7565,7565
6200,6200,6200
7800,7800,7800
7550,7550,7550
7402,7402,7402
5210,5210,5210
7110,7110,7110
5154,5860,5860
6333,6333,6333
5531,5531,5531
7340,7340,7340
7600,7600,7600
5120,5120,5120
6126,6126,6126
7405,7405,7405
5933,5933,5933
7600,7600,7600
0,0,0
6320,6320,6320
9316,9400,7200
6135,6135,6135
7735,7735,7735
7565,7565,7565
7405,7405,7405
5930,5930,5930
3100,3130,3130
9500,9500,9520
6333,6333,6333
5500,5500,5500
4113,4113,4113
7450,7450,7450
5521,5521,5521
6000,6000,6000
6320,6320,6320
6111,6111,6111
4118,4118,4118
5110,5110,5110
7404,7404,7404
5910,9400,9400
6131,6131,6131
9315,9312,9312
7735,7735,7735
6332,5550,5550
3800,3800,3800
5200,5200,5200
7110,7110,7110
5937,5937,5937
6430,7401,7401
7480,7480,7480
3210,3210,3210
5530,5530,5530
5210,5210,5210
9350,9320,5910
7410,7450,7420
7800,7800,7800
6135,6135,6135
8330,8330,8330
5210,5210,5210
9400,9400,9400
5520,5520,5520
1230,1230,1230
5230,5230,5230
3100,3100,3100
5936,5936,5936
8150,8150,8150
4111,4111,4111
7440,7440,7440
6121,6121,6121
7500,6560,6450
7110,7110,7110
1230,1230,1230
3120,7480,7480
7740,7740,7740
2200,2200,2200
3020,3020,3020
6320,6320,6320
5410,5410,5410
5700,5700,5700
5171,5171,5171
9600,9400,9400
2300,2300,2300
4010,5200,5200
6116,6116,6116
3600,4400,4400
6333,6333,6333
5410,5410,5410
9800,7360,7360
4700,4700,4700
6270,6270,6270
8160,8160,8160
7110,7110,7110
3010,3010,3010
7110,7110,7110
5210,5210,5210
9600,9600,9600
7720,7720,7720
6270,6270,6270
7550,7550,7550
7565,7565,7565
9400,9400,9400
7010,7010,7010
7360,7360,7360
8130,8130,8130
2600,2600,2600
7450,4111,4111
5200,5200,5200
6116,6116,6116
5940,5940,5940
5200,5200,5200
5200,9220,5700
7430,7430,7430
4210,4210,4210
6114,6114,6114
6129,6129,6129
7770,7770,7770
7430,7430,7430
5911,5911,5911
5921,5921,5921
6111,6130,6130
4240,4240,4240
6126,6126,6126
8400,8400,8400
4110,4110,4110
3500,3600,3600
6320,6320,6320
5911,5911,5911
5200,5200,5200
5921,5921,5921
4240,4240,4240
9210,6280,5120
7200,7200,7200
5936,5936,5936
5530,5530,5530
7595,7595,7595
5830,5830,5830
7410,7410,7410
7440,7440,7440
7410,7410,7410
6230,6230,6230
6112,6112,6112
5911,9311,5911
7730,7730,7730
7565,7565,7565
5521,5521,5521
5940,5940,5940
8230,5420,8230
5600,5600,5600
7736,7736,7736
7565,7565,7565
8330,8330,8330
5310,5310,5310
7455,7455,7455
7740,7740,7740
6333,6333,6333
7012,7012,7012
5140,5140,5140
7030,7030,7030
5120,5120,5120
5920,5920,5920
9300,9300,9300
7410,7410,7410
5570,5570,5570
5410,7480,5410
7810,7810,7810
6270,6270,6270
6320,6320,6320
7770,7770,7770
8300,8300,8300
7322,7322,7322
7735,7530,7530
5350,5350,5350
7550,7550,7550
7550,7550,7550
5550,5550,5550
5933,5933,5933
9800,9800,9800
2200,2200,2200
6117,6117,6117
7440,7440,7440
5171,5171,5171
7420,7420,7420
4220,4220,4220
7020,6510,7020
6119,6119,6119
6119,6119,6119
8400,8400,8400
4240,4240,4240
5911,5911,5911
0,0,0
6136,6136,6136
5700,5700,5700
4240,4240,4240
7120,7120,7120
5210,5210,5210
9800,9800,9800
7450,7450,7450
8320,8320,8320
7450,7450,7450
5200,5200,5200
6440,6510,6421
7750,7750,7750
6440,6440,6440
9230,9800,9800
3130,3130,3130
7310,7310,7310
4210,4210,4210
5530,0,0
5920,5920,5920
5530,5530,5530
5700,5700,5700
7210,7210,7210
7440,7440,7440
3800,3010,3800
7300,7300,7300
6320,6320,6320
5932,5932,5932
6114,6114,6114
9320,9320,9320
6320,6320,6320
6119,6119,6119
5141,5141,5141
5920,5920,5920
7200,6333,6333
5911,5911,5911
8100,8100,8100
6415,6415,6415
4110,4110,4110
4118,4118,4118
7403,7403,7403
7120,7120,7120
5937,5937,5937
1230,1230,1230
4020,4020,4020
5210,5210,5210
6560,6421,7480
6540,6540,6540
6119,6119,6119
9510,9510,9510
5142,5142,5142
5200,5200,5200
8160,8160,8160
7740,7740,7740
5120,5120,5120
9400,9400,9400
3500,3500,3500
7430,2000,2000
7430,7430,7430
5940,5940,5940
5360,5360,5360
6119,6119,6119
6135,6135,6135
8220,8220,8220
5540,5540,5540
9240,9240,9240
4111,4111,4111
6136,6136,6136
4113,4113,4113
6320,6320,6320
5910,5910,5910
5935,5935,5935
9312,9312,9312
3110,3110,3110
6332,6332,6332
6333,6333,6333
9800,9800,9800
7550,7550,7550
5160,5160,5160
6550,6540,6540
4111,4111,4111
7720,7720,7720
4700,4700,4700
5200,5200,5200
9800,9800,9800
3110,3110,3110
5164,5164,5164
5340,5340,5340
6320,6320,6320
3010,3010,3010
6500,6500,6500
5360,5360,5360
5940,5940,5940
5210,5210,5210
5142,5142,5142
7530,7530,7530
6310,6332,6332
5936,5936,5936
6131,6136,6136
7430,7450,7450
4010,4111,4111
3020,3020,3020
4113,4113,4113
5700,5700,5700
6135,6135,6135
6260,5120,5120
7900,7900,7900
7550,7550,7550
7020,6510,6510
7500,7500,7500
3110,5210,3110
7010,6116,6116
5700,5700,5700
7340,7340,7340
2000,2200,2200
3400,4113,4113
5521,5521,5521
0,0,0
5530,5530,5530
9520,9520,5200
7900,7900,7900
6333,6333,6333
6320,6320,6320
5340,5340,5340
6280,6280,6280
7550,7550,7550
7820,7820,7820
4113,4113,4113
5200,5210,5210
1230,1230,1230
5130,5130,5130
5530,5530,5530
5163,5163,5163
3020,3020,3020
8810,8810,8810
5911,5911,5911
3020,3020,3020
6119,6119,6119
7360,7360,7360
9312,9312,9312
3110,3110,3110
9600,9600,9600
7200,7200,7200
7530,7500,7500
6126,6126,6120
7402,7402,7402
7440,7440,7440
6333,6333,6333
9240,6405,6405
7402,7402,7402
6280,6280,6280
6332,6332,6332
6270,6270,6270
6421,6421,6421
7740,7740,7740
5440,5440,5440
5933,5932,5932
7110,9200,6430
7300,7300,7300
6114,6114,6114
5420,5420,5420
6333,6333,6333
5600,5600,5600
7430,7430,7430
6440,6440,6440
9230,9230,9230
6117,6117,6117
7740,7740,7740
3210,3210,3210
6540,6540,6540
6114,6114,6114
3400,3400,3400
2700,9330,9330
4111,4111,4111
6119,6119,6119
6320,3500,5200
9312,9800,9312
7360,7360,7360
5700,5700,5700
7110,7110,7110
5520,5520,5520
7770,7770,7770
6333,6333,6333
9315,6530,7600
7735,7735,7735
7200,7200,7200
5000,9320,9320
6114,6114,6114
5911,5911,5911
2200,2200,2200
9311,9311,9311
7740,7740,7740
7300,7300,7300
7720,7720,7720
5143,5143,5143
9311,9311,9311
6136,6136,6136
7440,7440,7440
5700,5700,5700
3330,7450,7450
7770,7770,7770
5932,5932,5932
7210,7210,7210
6260,6250,6440
6116,6116,6116
7440,7440,7440
2700,2700,2700
6116,6116,6116
7010,7010,7010
7750,9235,9235
6550,6421,6421
3510,3510,3510
9400,9400,9400
6139,6139,6139
4200,4200,4200
9220,9220,9220
5521,5521,5521
5142,5142,5142
6116,6116,6116
7330,7310,7310
7540,7540,7540
4113,4113,4113
6111,6111,6111
5166,5166,5166
5911,5911,5911
7403,7403,7403
7100,9312,9312
7405,7405,7405
7010,7010,7010
7740,7740,7740
5936,5936,5936
7440,7440,7440
6320,6320,6320
7740,7740,7740
5920,5921,5920
7402,7402,7402
6116,6116,6116
4240,4240,4240
9240,9240,9240
4115,4115,4115
7402,7402,7402
9315,9315,9315
4030,7010,7010
6112,6112,6112
2600,2600,2600
4111,4111,4111
7405,7405,7405
5420,5420,5420
9600,9600,9600
7740,7740,7740
9233,9233,9233
7440,7440,7440
8140,8140,8140
7321,7321,7321
3130,3130,3130
7550,7550,7550
9330,9240,9240
7530,7530,7530
2200,2200,2200
5210,5210,5210
7110,7110,7110
6333,6333,6333
4210,4210,4210
7440,7440,7440
4240,4240,4240
7360,7360,7360
6333,6333,6333
7404,7404,7404
3010,3010,3010
7322,7322,7322
7405,7405,7405
5940,5210,5210
5700,5320,5700
5700,5700,5700
4210,4210,4210
5910,3120,3120
5700,5700,5700
7770,7770,7770
7750,7750,7750
7402,7402,7402
5210,5210,5210
5920,5920,5920
6320,6320,6320
7220,7220,7220
8820,8400,8820
5936,5936,5936
7530,7530,7530
9314,9314,9314
7500,7520,7520
9600,9600,9600
9130,9130,9130
3120,3120,3120
6400,6400,6400
5350,5350,5350
3020,3020,3020
7480,7480,7480
7330,7330,7330
7480,7480,7480
4114,4114,4114
6135,6135,6135
6114,6114,6114
6110,6110,6110
6415,6415,6415
5530,5530,5530
6270,6270,6270
9120,9120,9120
5210,5210,5210
4010,4010,4010
6119,6119,6119
8400,8400,8400
9800,9800,9800
1140,1140,1140
5830,5830,5830
3400,3400,3400
6121,6121,6121
3120,3120,3120
5910,5910,5910
5911,5911,5911
1300,1130,7120
2100,2100,2100
4113,4113,4113
6320,6320,6320
5530,5530,5530
7350,7490,7490
5700,1140,5700
5937,5937,5937
4010,4010,4010
7440,7440,7440
7440,7440,7440
7530,7530,7530
5870,5870,5870
5310,5310,5310
7110,7110,7110
6333,6333,6333
5940,5940,5940
6420,6420,6420
5171,5171,5171
7740,7740,7740
7455,7455,7455
6332,6332,6332
7300,9800,7010
7402,7402,7402
7780,7780,7780
8320,8320,8320
7450,7450,7450
7200,7200,7200
5410,5410,5410
6400,6400,6400
9800,9800,9800
7402,7402,7402
8150,8150,8150
7560,7560,7560
8500,8500,8500
6230,6230,6230
6333,6333,6333
3110,3110,3110
6332,6332,6332
4700,4700,4700
4240,4240,4240
7402,7402,7402
6118,6118,6118
7360,7360,7360
5911,5911,5911
7840,7840,7840
5830,5830,5830
7450,7450,7450
6121,6121,6121
9311,9311,9311
7770,7770,7770
3310,3310,3310
9230,9230,9230
1230,5360,1230
7550,7550,7550
7420,7420,7420
5930,5930,5930
7700,7710,7710
6333,6333,6333
7405,7405,7405
5340,5340,5340
5910,5910,5910
5910,5910,5910
6450,6450,6450
6310,6430,5910
3510,3510,3510
7380,7380,7380
4114,4114,4114
7600,7600,7600
7900,7900,7900
5520,2700,2700
3120,7740,3120
7010,7010,7010
7545,7545,7545
9320,9320,9320
6332,6332,6332
5920,5920,5920
6111,6111,6111
5932,5932,5932
4111,4111,4111
5700,5700,5700
5910,5910,5910
6300,6300,6300
6000,6000,6000
2200,2200,2200
6332,6332,6332
6131,6130,5163
5172,5172,5172
8400,8400,8400
4111,4111,4111
5160,5120,5120
7360,7360,7360
7430,7430,7430
7210,7210,7210
7450,7450,7450
4117,4117,4117
7010,7010,7020
6430,6430,6430
7550,7550,7550
7340,7340,7340
5210,3020,5210
7405,7405,7405
7740,7740,7740
7220,7220,7220
7403,7403,7403
7110,7110,7110
5350,5350,5350
6320,6320,6320
5520,5520,5520
5310,5310,5310
4020,4020,4020
5520,9800,9800
7600,5911,5911
7810,7810,7810
5911,5911,5911
7550,7550,7550
5310,5310,5310
1230,6320,6320
5360,4010,4010
7440,7440,7440
5911,5911,5911
7550,3100,3100
5911,5911,5911
5530,5530,5530
9240,8160,8160
2200,2200,2200
7110,7120,7120
6134,6134,6134
5210,5210,5210
6333,6333,6333
5910,5911,5911
5920,5920,5920
2100,2100,2100
7560,7560,7560
6270,6113,5700
5940,5940,5940
4111,4111,4111
7730,7730,7730
5920,5920,5920
5141,5141,5141
5560,5560,5560
5870,5870,5870
5936,5936,5936
9231,9231,9231
5162,5162,5162
7550,7550,7550
9320,9320,9320
5570,5570,5570
6333,6333,6333
9600,9600,9600
7430,7430,7430
8221,7520,7520
3120,3120,3120
7010,7010,7010
7501,7480,7730
6430,6430,6430
6400,6400,6400
7403,7403,7403
7450,7450,7450
6130,6130,6130
6114,6114,6114
7403,7403,7403
7405,7405,7405
4210,4210,4210
7600,7600,7600
6540,6540,6540
7735,7735,7735
7740,7740,7740
5920,5920,5920
7720,7720,7720
7360,7360,7360
5910,5910,5910
3500,3500,3500
2300,2300,2300
6421,6421,6421
5171,5171,5171
5400,5400,5400
5230,5230,5230
7600,7600,7600
5430,5430,5430
5920,5920,5920
9400,9400,9400
7840,6421,6421
7500,7600,7600
9400,9400,9400
7565,7565,7565
6333,6333,6333
7750,7750,7750
6333,6333,6333
5700,5700,5700
6530,6530,6530
7405,7405,7405
7440,7440,7440
5830,5830,5830
9350,9350,9350
7540,7540,7540
4113,4113,4113
7710,7710,7710
6530,6530,6530
7455,4115,4115
5911,5911,5911
7520,7520,7520
7530,7530,7530
5911,5911,5911
4700,4700,4700
7740,7740,7740
3110,3110,3110
5925,5925,5925
4210,4210,4210
8160,8160,8160
7405,7405,7405
5940,5940,5940
6400,6410,7030
9311,9311,9311
6450,6450,6450
4240,4240,4240
6420,9400,9400
5164,5164,5164
6135,6135,6135
5920,5920,5920
7450,7450,7450
7110,7110,7110
8140,8140,8140
7550,7550,7550
5171,5171,5171
9240,6333,6333
4116,4116,4116
7710,7710,7710
3010,3010,3010
8221,8221,8221
7340,7340,7340
5166,5166,5166
9315,9315,9315
5700,5700,5700
5540,6333,5540
9800,9311,9311
5410,5410,5410
6510,6510,6510
9316,6420,6420
5174,5174,5174
5145,5145,5145
6333,6333,6333
5936,5936,5936
4130,4130,4130
7550,7550,7550
6510,6510,6510
6400,6400,6400
1140,9600,9600
7505,7505,7505
4210,4210,4210
9800,9800,9800
7360,7360,7360
5911,5911,5911
2100,2100,2100
7440,7440,7440
9240,9240,9240
8221,8221,8221
1220,1230,1230
5911,5911,5911
6270,8600,8600
7402,7402,7402
9210,5210,5210
6134,6134,6134
5911,5911,5911
9600,9600,9600
2200,2200,2200
3210,3210,3210
9800,9800,9800
5210,9400,5210
4210,4210,4210
6270,6270,6270
4240,4240,4240
6121,6121,6121
5870,5870,5870
5920,5920,5920
5936,5936,5936
5570,5570,5570
7600,7600,7600
2200,2200,2200
6460,6280,6460
7010,6332,6332
8300,7120,7120
6540,6540,6421
2200,2200,2200
9600,9600,9600
2200,2200,2200
7380,7380,7380
2200,2200,2200
5150,5150,5150
7710,7710,7710
7550,7550,7550
9240,9240,9240
5142,5142,5142
4117,4117,4117
5210,5210,5210
7322,7322,7322
6333,6333,6333
7735,7735,7735
7404,7404,7404
5911,5911,5911
6113,6113,6113
7403,7403,7403
7600,7600,7600
5350,5170,7360
6250,6200,6200
6121,5130,5130
5410,5410,5410
7540,7540,7540
4113,4113,4113
5530,5530,5530
6116,6116,6116
5240,5240,5240
9400,9600,9600
5560,5210,6320
6134,6114,6134
7550,7550,7550
7110,7110,7110
7350,6410,6410
9230,9230,9230
5140,5140,5140
7455,7455,7455
6333,6333,6333
5210,5210,5210
7780,7730,5600
5200,5200,5200
6530,6530,6530
7430,7440,7430
7403,7403,7403
5870,5870,5870
5911,5911,5911
2200,2200,2200
7430,7430,7430
5170,5170,5170
5830,5830,5830
7500,7500,7500
3000,7440,7430
9800,9800,5930
7700,6260,6260
7430,7430,7430
5300,5210,5210
7420,7420,7420
5911,5911,5911
6320,6320,6320
6134,6134,6134
7820,7820,7820
9130,9130,9130
4117,4117,4117
6430,9240,9240
6111,8400,8400
6114,6114,6114
7405,7405,7405
6332,6332,6332
5925,5925,5925
7210,7210,7210
7730,7730,7730
7380,7380,7380
6270,6270,6270
7440,7440,7440
6410,9400,9400
5220,5220,5220
2800,2800,2800
2200,2200,2200
6111,6111,6111
7321,7321,7321
6333,6333,6333
5911,5911,5911
5210,5210,5210
7402,7402,7402
5911,5911,5911
7210,7210,7210
7520,7520,7520
7360,7360,7360
6119,6119,6119
9400,9400,9400
5911,5911,5911
7110,7110,7110
7565,7565,7565
6320,6320,6320
7360,7360,7360
7545,7545,7545
7565,7565,7565
5932,5932,5932
6119,6119,6119
6113,6113,6110
7565,7565,7565
7440,7440,7440
7360,7360,7360
5937,5937,5937
7450,7450,7450
6110,6110,6110
9315,9315,9315
7402,7402,7402
2700,2700,2700
5521,5521,5521
8400,8400,8400
7010,7010,7010
5170,5170,5170
7730,7730,7730
5910,5910,5910
7520,7520,7520
7560,7560,7560
9400,9400,9400
8150,8150,8150
1300,7740,7740
5911,5911,5911
2700,9400,9400
6118,6118,6118
5530,5530,5530
4117,4117,4117
3100,3100,3100
5440,5440,5440
6333,6333,6333
7010,7010,7010
7480,7480,7480
5940,5940,5940
8740,8740,8740
7402,7402,7402
7430,7430,7430
3800,3800,3800
5910,5910,5910
6530,6530,6530
5410,5410,5410
7322,7322,7322
7321,7321,7321
7720,7720,7720
9800,9316,9316
4240,4240,4240
5940,5940,5940
6110,6110,6110
7565,7565,7565
5936,5936,5936
9231,9231,9231
4210,4210,4210
5521,5521,5521
9130,9240,9240
5700,5700,5700
4010,4010,4010
7311,7311,7311
6111,6111,6111
7730,7730,7730
5925,5925,5925
7010,7010,7010
9800,1100,7450
5120,5120,5120
5933,5933,5933
9311,9311,9311
4700,4700,4700
7403,7403,7403
9315,0,9315
6118,6118,6118
5450,6280,6280
7200,7200,7200
7440,7440,7440
5910,5910,5910
9800,9800,9800
7450,7450,7450
4200,4200,4200
4114,4114,4114
5700,5700,5700
5420,5420,5420
7210,7210,7210
7736,7505,7505
7440,7440,7440
6405,6280,6280
7401,7410,7410
5920,4240,5920
6333,5532,6550
7455,7455,7455
2100,2100,2100
5163,5163,5163
5163,5210,6111
5910,5910,5910
5172,5172,5172
6530,6530,6530
9311,9311,9311
8810,5700,5700
5430,5430,5430
5700,5700,5700
4210,4210,4210
7410,7410,7410
7455,7455,7455
4113,4113,4113
7820,7820,7820
2600,2600,7900
7120,7120,7120
4111,4111,4111
3500,3500,3500
5520,5520,5520
5910,5910,5910
7402,7402,7402
7330,7330,7330
5510,5911,5911
5143,5143,5143
9240,5410,5410
7480,7480,7480
6332,6332,6332
9100,6200,6200
5210,5210,5210
7430,7430,7430
4010,5360,5360
7450,9800,9800
6110,6110,6110
6110,6110,6110
7520,7520,7520
6114,6114,6114
9130,9130,9130
7420,7420,7420
3110,3110,3110
7740,7740,7740
6110,6110,6110
6111,6111,6111
8720,8720,9240
9231,9231,9231
3400,3400,3400
5930,5930,5930
6112,6112,6112
2200,2200,2200
5520,5520,7560
7730,7730,7730
5146,5146,5146
5142,5142,5142
5210,5210,5210
5910,5910,5910
6135,6135,6135
9400,9400,9400
5410,5410,5410
6123,9800,9800
7120,7120,7120
5933,5933,5933
2200,2200,2200
5162,5162,5162
7110,7110,7110
7120,7120,7120
7565,7565,7565
6333,7020,7020
7440,7440,7440
9230,5910,9230
5330,5330,5330
9600,9600,9600
7410,7410,7410
6280,6280,6280
6131,6131,6131
5521,5521,5521
5910,5910,5910
7500,7500,7500
6333,6333,6333
5840,7220,6310
5120,5120,5120
7402,7402,7402
7340,7340,7340
5210,5210,5210
5521,5521,5521
4500,5350,5340
5820,9315,9315
7600,7600,7600
5560,5560,5560
4115,4115,4115
6333,6333,6333
5911,5911,5911
5570,9400,5533
6111,6117,6117
5430,5430,5430
7300,7300,7300
7403,7403,7403
7403,7403,7403
9600,9600,9600
8160,8160,8160
6333,6333,6333
3500,3500,3500
7720,7720,7720
5310,5310,5310
7600,7600,7600
6333,6333,6333
7110,7110,7110
4114,4114,4114
7770,7770,7770
3510,3510,3510
5170,5170,5170
7750,7750,7750
7330,7330,7330
5911,5911,5911
5700,5700,5700
5410,5410,5410
6333,6333,6333
2200,2200,2200
5911,5911,5911
7720,7720,7720
7735,7735,7735
5935,5935,5935
6550,6550,6550
7360,7360,7360
5920,5920,5920
9313,9800,9800
7900,7900,7900
7360,7360,7360
6117,6117,6117
7405,7405,7405
6113,6113,6113
8870,7500,8870
5123,5123,5123
9312,9312,9312
6200,6200,6200
9800,9800,9800
7402,7402,7402
6126,6126,6126
1230,1230,1230
7735,7735,7735
7405,7405,7405
9240,9400,9400
7770,7770,7770
7330,7330,7330
7120,7120,7120
6137,6117,6117
7770,7735,7735
5937,5937,5937
7340,7340,7340
9240,9240,9240
7455,7455,7455
7736,7736,7736
5160,5160,5160
5921,5921,5921
7730,7730,7730
7440,7440,7440
4220,4220,4220
5933,5933,5933
3300,3300,3300
8730,8730,8730
9400,9400,9400
6260,6510,6510
5210,5940,4100
7402,7402,7402
7740,7740,7740
1140,9510,1140
6415,6415,6415
5210,5210,5210
6460,6460,6460
7360,7360,7360
5911,5911,5911
9400,9400,9400
5870,5870,5870
3400,3400,3400
7720,7720,7720
7440,7440,7440
9600,9600,9600
5910,5910,5910
6110,6110,6110
5210,5210,5210
7403,7403,7403
7440,7900,7900
6332,6332,6332
5120,5120,5120
5360,5360,5360
6333,6333,6333
6332,6332,6332
9240,9240,9240
3110,3110,3110
9311,9311,9311
5911,5911,5911
5910,5910,5910
7455,7455,7455
6135,6135,6135
7440,7440,7440
5940,5940,5940
7440,7440,7440
5920,5920,5920
7740,7740,7740
5910,5910,5910
5910,5910,5910
5200,5200,5200
3020,3020,3020
5200,5200,5200
7200,6421,6421
9315,9315,9315
7820,7820,7820
6127,6117,6117
7403,7403,7403
5550,5550,5550
5360,5360,5360
6114,6114,6114
5911,5911,5911
8400,8400,8400
7730,7730,7730
6116,6116,6116
6139,6139,6139
5920,5920,5920
4113,4113,4113
5520,5520,5520
5920,7740,7740
7440,9400,9400
6332,6332,6332
6460,6420,6420
6270,6270,6270
9800,9800,9800
6332,6332,6332
7550,7550,7550
8400,8400,8400
7600,7600,7600
6320,6320,6320
5200,5200,5200
7404,7404,7404
7200,7200,7200
7735,5920,5210
5910,5910,5910
7430,7430,7430
2700,2700,2700
9200,5530,9600
5911,5911,5911
5332,5332,5332
6320,6320,6320
9400,9400,9400
7550,7550,7550
9312,5360,5360
9600,9600,9600
7120,7120,7120
7700,7700,7700
7360,7360,7360
6111,6111,6111
1230,1230,1230
9220,9220,9220
6111,6111,6111
8400,8400,8400
9600,9600,9600
9600,9600,9600
3010,3010,3010
5172,5172,5172
4111,4111,4111
9600,9600,9600
6320,6320,6320
3210,3210,3210
7720,7402,7720
6540,6540,6540
5560,5560,5560
7200,7200,7200
7030,7030,7030
7402,7402,7402
6260,9330,9330
5910,5910,5910
9600,9600,9600
4111,4111,4111
9600,9600,9600
5700,5360,5360
5521,5521,5521
9500,9500,9500
7550,7550,7550
6121,6121,6121
6111,6111,6111
8400,8400,8400
7546,6430,6430
7440,2500,2500
7430,7430,7430
7011,7011,7011
6320,6320,6320
5911,5911,5911
7011,7011,7011
6136,6136,6136
7100,7100,7100
9311,9311,9311
6126,6126,6126
7405,7405,7405
3120,3120,3120
8120,5911,8130
5360,5360,5360
9300,9300,9300
5520,7402,7402
3120,3120,3120
5210,5210,5210
3120,3120,3120
4210,4210,4210
3010,3010,3010
4210,4210,4210
6135,6135,6135
4117,4117,4117
9330,9330,9330
7480,7480,7480
7440,7440,7440
7360,7360,7360
7450,7450,7450
5841,5841,5841
6320,6320,6320
5700,5700,5700
7820,7820,7820
4210,4210,4210
7740,7740,7740
5570,5570,5570
2200,2200,2200
3500,6421,6421
7402,7402,7402
7430,7430,7430
5920,5920,5920
8400,8400,8400
8400,8400,8400
5911,5911,5911
9311,5520,5520
7030,7030,7030
4210,8310,8310
6116,5174,5174
6135,6135,6135
7735,7735,7735
8220,8220,8220
6332,6332,6332
4111,4111,4111
6119,6119,6119
7595,5700,5700
9231,9231,9231
7455,7455,7455
2200,2200,2200
5210,5210,5210
5911,5911,5911
7405,7405,7405
8320,8320,8320
6540,6540,6540
9235,9235,9235
4111,4111,4111
9230,6110,6110
5230,5200,5200
7740,7740,7740
7012,7012,7012
5830,5830,5830
6320,6320,6320
7600,7600,7600
2400,9230,9230
7010,7410,7410
5940,5940,5940
6333,6333,6333
7440,7440,7440
2300,2300,2300
3500,3500,3500
7110,7110,7110
7402,7402,7402
7360,5550,5550
2200,2200,2200
2200,2200,2200
4111,4111,4111
5140,5130,5130
7810,7810,7810
6134,6134,6134
1230,1230,1230
3330,3330,3330
9214,9214,9214
5200,5200,5200
6332,6332,6332
7580,7580,7580
6118,6118,6118
6136,6136,6136
5550,5550,5550
5600,5600,5600
6126,6126,6126
6421,9800,6250
7560,7560,7560
5911,5911,5911
9400,9400,9400
7840,7840,7840
6420,6420,6420
7545,7545,7545
6333,6333,6333
7440,7440,7440
6116,6116,6116
9600,9600,9600
6230,9500,9500
2700,2700,2700
7380,7380,7380
4130,5520,5520
6280,6280,6280
6440,9311,9311
6300,6300,6300
7403,7403,7403
6440,6440,6440
5932,5932,5932
9500,9500,9500
6330,6330,6330
5910,5910,5910
6333,6333,6333
5936,5936,5936
4240,4240,4240
5210,5210,5210
9400,9400,9400
5921,5921,5921
5940,5940,5940
7780,7780,7780
5936,5936,5936
5940,5940,5940
5120,5120,5120
4200,4200,4200
2700,6117,6117
5910,5910,5910
5340,5340,5340
6420,6420,6420
5200,5200,5200
5870,5870,5870
5910,5910,5910
7600,7600,7600
9800,9800,9800
9400,9400,9400
5530,5530,5530
5210,5210,5210
7735,7735,7735
7210,7210,7210
7420,7420,7420
0,0,0
9900,9700,9700
5940,5940,5940
5532,5532,5532
3500,3500,3500
7720,7720,7720
4220,4220,4220
6121,6121,6121
4210,4210,4210
9231,9231,9231
7402,9312,9312
5921,5921,5921
5930,5930,5930
5934,5934,5934
7404,7404,7404
0,0,0
7740,7740,7740
5160,5160,5160
6139,6139,6139
6320,6320,6320
7400,7400,7400
6333,6333,6333
7405,7405,7405
6280,7020,7020
8400,8400,8400
6114,6114,6114
6117,6117,6117
8160,8160,8160
6111,6111,6111
5340,5340,5340
7740,7740,7740
3130,3010,3010
7300,7300,7300
6112,6112,6112
5920,5920,5920
6530,6530,6530
4240,4240,4240
6120,6120,6120
5360,5360,5360
5936,5936,5936
3210,3210,3210
7810,7810,7810
6114,6114,6114
5200,5200,5200
6420,6421,6421
8400,8400,8400
7200,7200,7200
8300,8300,8300
7340,7340,7340
6333,6333,6333
3400,3400,3400
7600,7600,7600
5932,5932,5932
4111,4111,4111
4020,4020,4020
7550,7550,7550
6430,5540,5540
4111,4111,4111
5521,5521,5521
5910,5910,5910
6110,6110,6110
6132,6132,6132
9230,9230,9230
7403,7403,7403
9600,9600,9600
7455,7455,7455
4113,4113,4113
5200,5200,5200
3510,3510,3510
8300,8300,8300
5910,5910,5910
6430,9800,6430
6421,6421,6421
7110,7110,7110
6320,6320,6320
5210,5210,5210
5600,5600,5600
3120,3210,3210
6332,6420,6420
7830,7830,7403
5910,5911,5911
7420,7420,7420
4111,4111,4111
9400,1130,9400
7560,7560,7560
7800,7800,7800
9330,9330,9330
9210,9210,9210
7430,7430,7430
7550,7550,7550
7440,7440,7440
7565,7565,7565
6405,6280,6280
9311,9311,9311
5530,5530,5530
7403,7403,7403
6332,6332,6332
9330,9330,9330
5340,5340,5340
7420,7420,7420
5933,5933,5933
4700,4700,4700
5911,5911,5911
9330,9311,9311
7420,7420,7420
6114,6114,6114
1130,1130,1130
9600,5530,5530
6114,6124,6114
6126,6126,6126
6280,6280,6280
4116,4116,4116
5940,5940,5940
7360,7360,7360
9400,9312,9312
8400,8400,8400
5530,5120,5120
6126,6126,6126
9231,9240,9233
7340,7340,7340
5120,5120,5120
2500,2500,2500
7300,7300,7300
7405,7405,7405
2200,2200,2200
5930,5930,5930
6440,6440,6440
7740,7740,7740
6135,6135,6135
7750,7750,7740
7530,7530,7530
5240,5240,5240
8140,8140,8140
6116,6116,6116
5911,5911,5911
6135,6135,6135
5420,5420,5420
7520,7520,7520
7100,7100,7100
7440,7440,7440
7011,7011,7011
3010,3010,3010
9400,9400,9400
7310,7310,7310
2200,2200,2200
6333,6333,6333
7402,7402,7402
7130,8150,5910
6410,6320,6320
8400,8400,8400
5146,5146,5146
7800,7800,7800
5910,5910,5910
6530,6530,6530
4240,4210,4210
5700,5700,5700
5910,5430,5430
8700,8700,8700
7721,7721,7721
7800,7800,7800
3120,7490,7490
4700,4700,4700
6430,6420,6420
5930,5930,5930
6420,9800,9120
8140,8140,8140
7120,7120,7120
4111,4111,4111
5230,5230,5230
7455,7455,7455
1130,1130,1130
4240,4200,4200
6111,6111,6111
2200,2200,2200
5921,5921,5921
4113,4113,4113
7565,7565,7565
9510,9500,9500
5911,5911,5911
5410,5410,5410
5911,5910,5910
7110,7110,7110
7750,7750,7750
7110,7110,7110
7410,7410,7410
5240,5240,5240
5921,5921,5921
5930,5210,9220
7600,7600,7600
7450,7450,7450
5930,5930,5930
2300,2300,2300
5840,6280,6280
9311,9311,9311
7360,7360,7360
5340,5340,5340
7405,7405,7405
6320,6320,6320
7480,7480,7480
4111,4111,4111
5123,5123,5123
1140,9400,9400
4240,4240,4240
6126,6126,6126
5911,5146,5146
3500,3500,3500
7820,7820,7820
5200,5200,5200
7220,6560,6560
5530,5530,5530
7405,7405,7405
7210,6430,7210
3210,3500,3210
9320,9320,9320
6333,6333,6333
6135,6135,6135
5900,9500,6420
6333,6333,6333
4130,4130,4130
4210,4210,4210
9230,9230,9230
8400,8400,8400
4115,4115,4115
8720,8730,8730
6300,6280,6280
9312,9312,9312
9240,9240,9240
7450,4111,4111
7600,7600,7600
5210,5210,5210
7030,7030,7030
3500,3500,3500
3700,3700,3700
7900,7900,7900
3120,3120,3120
4115,4115,4115
5550,5550,5550
7430,7430,7430
9315,5520,5520
5210,5210,5210
5940,5940,5940
4200,4200,4200
3500,3500,3500
5171,5171,5171
5911,5911,5911
9300,9300,9300
5146,5146,5146
6114,6114,6114
9520,9500,9500
6333,6333,6333
0,9240,9240
6333,6333,6333
8400,8400,8400
5340,5340,5340
7322,7322,7322
4113,4113,4113
3400,3400,3400
6121,6121,6121
6332,6332,6332
7322,7322,7322
5410,5410,5410
5530,5530,5530
7620,9315,9315
6450,6450,6450
3210,3210,3210
7310,7310,7310
9240,9240,9240
7430,7430,7430
7321,7321,7321
7736,7736,7736
7440,7440,7440
5146,5146,5146
7820,7820,7820
7440,7440,7440
4240,4240,4240
5230,5120,5120
5240,5240,5240
6210,6210,6210
7200,4020,4020
5920,5920,5920
4150,4150,4150
7550,7550,7550
5200,5200,5200
7620,2600,2600
7440,7440,7440
7480,7480,7480
6121,6121,6121
6320,6320,6320
5911,5911,5911
1230,1230,1230
5920,5920,5920
4220,4220,4220
7500,9233,7500
7210,7210,7210
6114,6114,6114
3110,3110,3110
6131,6131,6131
7010,7010,7010
7100,7100,7100
9240,5520,5520
7405,7405,7405
7430,9312,5521
6126,6126,6126
5940,5940,5940
5142,5142,5142
1230,1230,1230
5360,5360,5360
9210,9210,9210
5510,5510,5510
7440,7430,7430
6333,6333,6333
5925,5925,5925
6135,6135,6135
6440,9330,9330
9315,9315,9315
6119,6119,6119
7200,7200,7200
5700,5700,5700
8400,8400,8400
7550,7550,7550
3400,3400,3400
5140,5140,5140
7360,7360,7360
6116,6116,6116
7420,7420,7420
6270,6200,6200
7120,7110,7110
7545,7545,7545
4112,4112,4112
4113,4113,4113
6121,6121,6121
8600,9240,9240
4240,4240,4240
5146,5146,5146
5210,5210,5210
6270,9800,9800
7450,7450,7450
7440,7440,7440
9330,9330,9330
7770,7770,7770
6117,6117,6117
7410,7420,7410
6460,6460,6460
5340,5340,5340
6119,6119,6119
6134,6134,6134
7440,7440,7440
6110,6110,6110
6332,6332,6332
5830,5830,5830
9240,9400,9400
7565,7565,7565
7546,7546,7546
7430,7430,7430
9400,9400,9400
6200,6260,6260
2800,9500,9500
7450,7450,7450
2100,2100,2100
2200,2200,2200
7710,7710,7710
7600,7600,7600
5920,5920,5920
2910,2910,2910
9210,9100,9100
5936,5936,5936
5350,5810,5350
6131,6131,6131
5200,5210,5210
9220,2200,6510
5930,5930,5930
3510,3510,3510
7120,7322,7322
7410,7410,7410
7360,7360,7360
7720,7720,7720
5142,5142,5142
3130,3130,3130
8810,8810,8810
2100,2100,2100
6415,6415,6415
5936,5936,5936
5200,5210,5210
5400,5400,5400
5936,5936,5936
9700,9700,9700
6430,6430,6430
7480,7480,7480
2200,2200,2200
6560,6333,6333
5340,5340,5340
5920,5920,5920
5520,5520,5520
7740,7740,7740
6332,6332,6332
4210,4210,4210
5350,5350,5350
6137,6130,6130
6430,6430,6430
7120,7120,7120
4130,4130,4130
9240,9400,9400
7450,7450,7450
5360,5360,5360
3210,3210,3210
5440,5440,5440
5410,5410,5410
7403,7403,7403
7455,7455,7455
5920,5920,5920
7360,7360,7360
5560,5560,5560
4700,4700,4700
7900,7900,7900
7720,7720,7720
5200,6333,5200
4240,4240,4240
5940,5940,5940
5911,5911,5911
6117,8830,8830
3120,3120,3120
5936,5936,5936
5700,6320,6320
6460,9600,9600
5410,5410,5410
7420,7440,7440
7360,7402,7402
6332,6332,6332
6112,6112,6112
4010,4010,4010
6117,6117,6117
7840,7840,7840
7480,7480,7480
7390,7390,9400
2700,9120,9120
6110,6110,6110
7321,7321,7321
7300,7600,7600
7210,7210,7210
2400,9800,9800
5936,5936,5936
4700,4700,4700
9330,9310,9310
5911,5911,5911
7110,7110,7110
9600,9600,9600
8300,8300,8300
5520,6430,6430
9600,9600,9600
8400,8400,8400
9600,8400,8400
5360,5360,6420
4240,4240,4240
5910,5910,5910
8400,8400,8400
7403,7403,7403
4000,4000,4000
4200,4200,4200
7440,7440,7440
5920,5920,5920
9510,7310,9400
7010,7010,7010
5330,5330,5330
4300,4300,4300
5700,5700,5700
6440,6440,6440
7455,7455,7455
7403,7403,7403
5550,5550,5550
5910,6110,6110
5920,5920,5920
3800,3800,3800
6540,6540,6540
9510,9510,5532
7810,7810,7810
7010,9311,9311
6510,6540,6540
5910,5910,5910
6333,5700,5700
5931,5931,5931
8500,8500,8500
5410,9240,9240
2100,2100,2100
7100,7100,7100
1230,1230,1230
3020,3020,3020
7220,7300,7300
9240,9600,9600
5141,5141,5141
7560,7560,7560
6210,6117,6117
7420,7420,7440
9400,9400,9400
6460,5410,6333
4111,4111,4111
7403,7403,7403
9320,9320,9320
7300,7300,7300
7450,7430,7430
8400,8400,8400
4115,4115,4115
6119,6119,6119
3500,3500,3500
4700,4700,4700
5933,5933,5933
9311,9311,9311
5420,5420,5420
7402,3130,3130
5600,5600,5600
5200,5200,5200
7565,7565,7565
5932,5932,5932
3210,3210,3210
9400,6450,6450
6333,6320,6320
5520,5520,5520
6333,6440,6440
7600,7600,7600
3020,3020,3020
2200,2200,2200
9330,7550,7550
8400,8400,8400
5210,5210,5210
7360,5550,5550
5911,5911,5911
8500,8500,8500
5120,5120,5120
6120,6120,6120
7480,7480,7480
8730,8700,8700
5940,5940,5940
9900,6333,6333
7565,7565,7565
5911,5911,5911
7440,7440,7440
5210,5200,5200
7300,7300,7300
9230,9230,9230
7545,7545,7545
5935,5935,5935
9330,8400,9600
5530,5530,5530
6450,9240,9240
3700,5910,3700
5911,5911,5911
1230,9314,9314
5936,5936,5936
4130,4130,4130
6131,6131,6131
5510,5510,5510
9800,9800,9800
9500,9500,9500
6320,6320,6320
9500,9500,9500
7400,7400,7400
6136,6136,6136
7110,7110,7110
7430,7430,7430
7010,7010,7010
5500,9800,9800
9312,9312,9312
9800,9600,9600
6400,6400,6400
7600,7600,7600
7430,5120,5120
5936,5936,5936
5360,5360,5360
5870,5870,5870
7430,7430,7430
5910,5910,5910
7900,7900,7900
7470,7470,7470
9800,9800,9800
9200,6320,6320
7550,7550,7550
3510,3510,3510
3000,3120,3120
9600,9600,9600
4220,4220,4220
7565,5700,5700
7440,7440,7440
5830,5830,5830
6440,6440,6440
4240,4240,4240
7110,7110,7110
5910,5910,5910
5210,5210,5210
6112,6112,6112
2200,2200,2200
7450,7450,7450
5911,5911,5911
7100,7100,7100
7405,7405,7405
3510,3510,3510
6460,6320,6320
4700,8730,8730
7720,7730,7730
5200,5200,5200
7403,7403,7403
9315,9315,9315
9600,9600,9600
7440,7440,7440
5210,5210,5210
7403,7403,7403
7550,7550,7550
5700,5700,5700
6415,6415,6415
4130,4130,4130
7120,7120,7120
3120,5920,5920
5120,5120,5120
9311,9311,9311
7430,7430,7430
6332,6332,6332
6280,9400,7600
7351,5921,5921
3400,3400,3400
7830,7830,7830
7720,5200,7720
6332,6332,6332
9800,9130,9800
7200,7200,7200
7360,7360,7360
7405,7405,7405
7010,7010,7010
7750,7750,7750
7580,7580,7580
7700,7520,7520
6130,5160,5160
4210,4210,4210
6135,6135,6135
5230,5830,5830
6135,6135,6135
6117,6117,6117
6111,5110,5110
4240,4240,4240
7560,7560,7560
4210,4210,4210
5230,5230,5230
7405,7405,7405
6332,6332,6332
7560,7560,7560
9220,5911,9220
7450,4114,4114
5330,5330,5330
7210,7210,7210
6333,6333,6333
6110,6110,6110
6126,6126,6126
5700,5700,5700
6114,6114,6114
1100,9300,9300
6117,6117,6117
5120,5120,5120
9330,9330,9330
5940,5940,5940
4210,4210,4210
7350,7350,7350
5230,5230,5230
5870,5870,5870
5142,5142,5142
9800,2300,2300
7570,7570,7570
7810,7810,7810
5937,5937,5937
6126,6126,6126
2600,2600,2600
7500,9315,5521
3510,3510,3510
7810,7810,7810
7800,7800,7800
6430,6430,6430
5520,5520,5520
8810,8810,8810
5600,6450,7450
7600,9240,9240
5932,5932,5932
7740,7740,7740
7560,7560,7560
5510,5510,5510
5141,5141,5141
2100,2100,2100
6333,6333,6333
7402,7402,7402
7402,7402,7402
7440,3130,7440
9210,9210,9210
7330,7330,7330
5531,9510,1230
4118,4118,4118
7530,7530,7530
5600,5600,5600
5210,5210,5210
7560,7560,7560
6320,6320,6320
9311,7790,7480
4116,4116,4116
6117,6117,6117
5930,5930,5930
5142,5142,5142
7580,7580,7580
7820,7820,7820
2400,2400,2400
7505,7505,7505
9400,9230,9230
7720,7720,7720
7750,7720,7520
7600,7600,7600
6110,6110,6110
6420,6420,6420
5533,5600,5600
6333,6333,6333
6333,6333,6333
7740,7740,7740
7402,7402,7402
5360,5360,5360
7410,7410,7410
5200,5200,5200
4010,4010,4010
6137,8400,8400
7440,7440,7440
5940,5940,5940
7420,7420,7420
5510,5510,5510
9330,9330,9330
7321,5850,5850
7110,7110,7110
7740,7740,7740
5200,5200,5200
7550,7550,7550
6114,6114,6114
7210,7210,7210
7560,7560,7560
6320,6320,6320
9315,9315,9315
8120,8140,8140
2600,2600,2600
5910,5910,5910
7480,7480,7480
7720,7720,7720
7440,7440,7440
5911,5911,5911
8400,8400,8400
6111,6111,6111
5560,5560,5560
5145,5145,5145
6116,6116,6116
7710,7710,7710
2700,2700,2700
5910,5910,5910
5440,5440,5440
7550,7550,7550
7200,9800,9800
4210,4200,4200
7740,7740,7740
5560,8720,8720
4210,4210,4210
5150,5150,5150
5911,5911,5911
7565,7565,7565
9200,7600,7600
7210,7210,7210
6320,6320,6320
7430,7430,7430
7450,7450,7450
3510,3510,3510
9600,9600,9600
7721,7721,7721
5911,5911,5911
6114,6114,6114
7736,7736,7736
5600,5600,5600
4240,4240,4240
7740,5700,5910
6530,6530,6530
4113,4113,4113
7440,7440,7440
4300,7570,7570
4111,4111,4111
7420,7420,7420
7440,7440,7440
4020,4020,4020
8140,8140,8140
6110,6110,6110
7820,7820,7820
7403,7450,7450
9320,9320,9320
3700,3700,3700
7440,7440,7440
5911,5911,5911
3400,3400,3400
5911,5911,5911
4116,4116,4116
7480,7480,7480
6260,6405,6405
5911,5911,5911
7120,7120,7120
5340,5340,5340
9800,9800,9800
6530,6530,6530
7402,7500,7500
7420,7420,7420
5360,5360,5360
1130,1130,1130
7600,8700,8700
7430,7430,7430
6333,6333,6333
5164,5164,5164
5210,5210,5210
9220,9220,9220
7360,7360,7360
4114,4114,4114
7480,7480,7480
4111,4111,4111
6270,6270,6270
6520,7800,6450
5146,5146,5146
4111,4111,4111
7720,7720,7720
7120,7120,7120
5350,5350,5350
7440,7440,7440
7404,7404,7404
4130,4130,4130
5210,5210,5210
6333,6333,6333
7351,7351,7351
7402,7402,7402
5130,5130,5130
5510,5510,5510
5910,5910,5910
9400,9600,9600
6333,6333,6333
9500,2100,2100
5520,5520,5520
6300,6300,6300
9500,9510,9510
5920,5920,5920
5560,6333,6333
3400,3010,3010
7500,5940,5940
8310,8310,8310
6121,6121,6121
5910,5910,5910
5340,6110,6110
6540,6510,6510
6332,6332,6332
6430,6430,6430
5172,5172,5172
7750,9230,7750
7790,7740,7440
4240,4240,4240
5830,5830,5830
9800,9800,9800
7440,7440,7440
6114,6114,6114
6550,6421,6240
5340,5340,5340
5200,5200,5200
7560,7560,7560
7455,7455,7455
5520,5520,5520
4113,4114,4114
9600,9600,9600
5921,5921,5921
7600,7600,7600
7790,7790,7790
6333,6333,6333
6136,6136,6136
6332,6332,6332
2700,2700,2700
9310,9310,9310
6135,6135,6135
8400,8400,8400
7210,7210,7210
5910,5910,5910
6333,6333,6333
7403,7403,7403
2100,2100,2100
7545,7545,7545
7480,7480,7480
7210,7210,7210
6135,6135,6135
5145,5145,5145
6320,6260,6260
9800,9800,9800
9120,9120,9120
7520,7520,7520
6135,6135,6135
7340,7340,7340
5410,5410,5410
7402,7402,7402
7560,7560,7560
1230,1230,1230
7210,7200,7200
7120,7120,7120
6139,6139,6139
9350,9350,5920
1130,1130,1130
8320,8320,8320
5940,5940,5940
7740,7740,7740
5830,5830,5830
7402,7402,7402
6333,6333,6333
5911,5911,5911
6320,6320,6320
7403,7403,7403
8160,8160,8160
7220,7220,7220
5340,5340,5340
9330,9330,9330
7360,7360,7360
2400,2400,2400
4210,4210,4210
4240,4200,4200
5911,5911,5911
7402,7402,7402
7440,7440,7440
4240,4240,4240
8221,8221,8221
6405,9300,9300
7500,7500,7500
7100,7100,7100
5210,5210,5210
6530,6530,6530
8400,8400,8400
7810,7810,7810
8400,8400,8400
2100,2100,2100
6460,6460,6460
8400,6250,6250
9312,9312,9312
9311,9500,9500
6320,6320,6320
7735,7735,7735
5920,5920,5920
5911,5911,5911
7405,7405,7405
9800,9800,9800
9220,9220,9220
7550,7550,7550
5532,5532,5532
9233,9233,9233
7420,7420,7420
7450,7450,7450
7440,7440,7440
3100,7550,7550
3120,3120,3120
7440,7440,7440
8400,8400,8400
5700,5420,5420
7120,7120,7120
5360,5560,5560
7100,6430,5350
5700,5700,5700
7010,7011,7011
7500,9600,7736
7210,9312,9312
5560,5560,5560
9210,5550,7850
4111,4111,4111
5936,5936,5936
7430,7430,7430
3510,3510,3510
7750,7750,7750
3210,3210,3210
6119,6119,6119
9400,9400,9400
9314,9314,9314
5510,5510,5510
7440,7440,7440
7321,9600,7330
7735,7735,7735
4113,4113,4113
7565,7565,7565
9315,9315,9800
7560,7560,7560
1130,1130,1130
5170,5340,5420
7540,7130,7130
7403,7403,7403
7600,7600,7600
7560,7560,7560
5120,5120,5120
4700,4700,4700
7402,7402,7402
2200,2200,2200
7545,7545,7545
9315,9315,9315
6111,6111,6111
8730,8730,8730
7403,7403,7403
7560,7560,7560
5936,5936,5936
2200,2200,2200
6421,6210,6210
9211,9211,9211
5520,5520,5520
5140,5140,5140
4600,4600,4600
4114,4114,4114
7440,7440,7440
6126,6126,6126
7740,7735,7735
1120,1120,1120
7620,7620,7620
6110,6110,6110
5210,5210,5210
7720,7720,7720
4113,4113,4113
9600,9600,9600
3500,3500,3500
6333,6333,6333
4020,4020,4020
6333,6333,6333
7455,7455,7455
4240,4240,4240
8820,8820,8820
7420,7420,7420
7440,7440,7440
5550,5550,5550
5911,5911,5911
5938,5938,5938
5310,5310,5310
4115,4115,4115
7120,7120,7120
6420,6420,6420
4114,4114,4114
5130,5130,5130
6134,5166,5166
5920,5920,5920
5911,5911,5911
5550,5550,5550
5210,5210,5210
4111,4111,4111
0,0,0
6320,6320,6320
6332,6332,6332
9210,9210,9210
6333,6333,6333
7330,7310,7310
7403,7403,7403
7402,7402,7402
9600,9600,9600
2500,2500,2500
5700,5700,5700
5560,5560,5560
6430,6430,6430
7300,7300,7300
7360,7360,7360
7110,7110,7110
5532,5532,5532
5510,5410,5410
5210,5210,5210
5521,5521,5521
9700,9700,9700
4210,4200,4200
7450,7450,7450
3010,3010,3010
5550,5550,5550
5560,5560,5560
7565,7565,7565
2200,2200,2200
7020,8400,8400
5910,5910,5910
6320,6320,6320
6320,6333,6333
6420,9500,6420
9600,9600,9600
5560,5560,5560
6320,6320,6320
6134,6134,6134
5360,4010,4010
9300,9300,9300
1300,7120,7120
5935,5935,5935
4300,4300,4300
9130,9130,9130
5911,5911,5911
9400,9400,9400
6320,6320,6320
7530,7530,7530
5920,5920,5920
7736,7736,7736
7300,7310,6300
6410,6410,6410
5142,5142,5142
5936,5936,5936
7300,7300,7300
9400,9400,9400
7210,7210,7210
5510,5510,5510
6320,6320,6320
7440,7440,7440
5142,5142,5142
5130,5130,5130
5936,5936,5936
7450,7440,7440
7403,7403,7403
6450,6450,6450
6136,6136,6136
7460,7460,7460
7455,7455,7455
6420,6430,6430
4020,4020,4020
5940,5940,5940
5911,5911,5911
7545,7545,7545
7403,7403,7403
6410,9330,6420
6500,6500,6500
9310,9310,1120
6121,6121,6121
7470,3020,5925
4116,4116,4116
7820,7810,7830
5230,5230,5230
5921,5921,5921
5210,5210,5210
5911,5911,5911
7740,7740,7740
5120,5120,5120
7560,7560,7560
5530,5530,5530
6430,6430,6430
9231,9231,9231
7600,7600,7600
6333,6333,6333
5910,5910,5910
3110,3110,3110
4114,4114,4114
6131,6131,6131
7403,7403,7403
5700,5700,5700
7780,7780,7780
7210,7210,7210
9400,9400,9400
7470,9230,9230
6126,6126,6126
6430,6430,6430
6420,6420,6420
5936,5936,5936
7402,7402,7402
4240,4240,4240
5121,5121,5121
5920,5920,5920
7403,7403,7403
6112,6112,6112
5932,5932,5932
5936,5930,5930
7110,7110,7110
6110,6110,6110
7820,9800,9800
7020,7020,7020
5940,5940,5940
7565,7565,7565
7220,7220,7220
5700,9231,9231
4020,4020,4020
7721,7721,7721
6121,6121,6121
5360,5360,5360
6120,6120,6120
8130,9312,9500
7440,7440,7440
7360,7360,7360
6320,6320,6320
7010,7010,7010
9400,9400,9400
9500,9500,9500
2400,2400,2400
9300,9300,9300
5340,5340,5340
9500,9500,9500
4112,4112,4112
7770,7770,7770
7321,1130,1130
7830,7830,7830
7360,7360,7360
3500,3500,3500
7321,7321,7321
6111,6111,6111
7360,7360,7360
4700,4700,4700
7480,7480,7480
6137,6137,6137
7410,7410,7410
6119,6119,6119
7430,7430,7430
6280,6280,6280
5142,5142,5142
4111,4111,4111
7430,7430,7430
4210,4210,4210
4210,4210,4210
5540,5540,5340
8740,8740,8740
6127,6117,6117
7600,7600,6460
6111,6111,6111
6270,6270,6270
9320,1130,1130
7120,7120,7120
7311,7311,7311
3130,7403,7403
6126,6126,6126
5700,5210,5210
9220,9220,9500
9800,9800,9800
5921,5921,5921
5700,5700,5700
5930,5930,5930
7480,7480,7480
6400,5570,5570
5440,5440,5440
5600,5600,5600
6114,6114,6114
7740,7740,7740
7410,7410,7410
5521,5521,5521
7360,7360,7360
4010,4116,4116
4700,4700,4700
9320,9500,9500
6139,6139,6139
8140,8140,8140
5350,5350,5350
5930,5930,5930
5210,5210,5210
5840,5840,5840
9240,9240,9240
5932,5932,5932
7420,7420,7420
7520,7730,7730
9233,5911,9600
6260,6550,6550
5911,6332,5920
7110,7110,7110
9310,9400,9400
7110,7110,7110
5920,5920,5920
7402,7402,7402
7440,7440,7440
5700,5700,5700
9130,9311,9311
5940,5940,5940
2200,2200,2200
2200,2200,2200
7450,7450,7450
8160,8160,8160
5130,5130,5130
7600,7600,7600
7110,7120,7120
6333,6333,6333
7500,7500,7500
5700,5700,5700
7110,7110,7110
5560,5560,5560
9312,5410,5410
4020,4020,4020
5360,5910,5910
5310,5310,5310
7455,7455,7455
5220,5330,5220
9600,9600,9600
5220,5220,5220
8400,8400,8400
7500,7500,7500
4113,4113,4113
5860,7400,7400
8330,8330,8330
0,6130,6130
6116,6116,6116
7360,7360,7360
7770,7770,7770
6131,6131,6131
9240,9330,9240
6117,6117,6117
7440,7440,7440
7540,7540,7540
9230,9314,5910
6333,9500,9500
5410,5410,5410
7420,7420,7420
7740,7740,7740
6134,5925,5925
7440,7440,7440
6126,6126,6126
7550,7550,7550
9800,9800,9600
5936,5936,5936
6119,6119,6119
2700,2700,2700
7730,6250,6250
7405,7405,7405
6320,6320,6320
8400,8400,8400
5210,5210,5210
6420,5520,9500
6333,6333,6333
7600,7600,7600
2700,2700,2700
5200,5200,5200
5940,5940,5940
7740,7560,7740
5936,5936,5936
9200,9400,9330
5350,5350,5350
5936,5936,5936
3100,3110,3110
4210,4210,4210
5700,5700,5700
4111,4111,4111
8700,8700,8700
7405,7405,7405
5171,5171,5171
9510,7030,7030
5911,5911,5911
5911,5911,5911
5230,5230,5230
5142,5142,5142
7550,7520,7520
5700,5700,5700
6110,6110,6110
5910,7565,7565
5910,5910,5910
5550,5550,5550
5920,5920,5920
4113,4113,4113
4300,4300,4300
5210,5210,5210
6550,7565,7565
9312,9312,9312
1230,1230,1230
4210,4210,4210
7011,7011,7011
7010,8130,8130
4113,4113,4113
7430,7430,7430
5936,5936,5936
5532,5532,5532
4220,4220,4220
5911,5911,5911
6116,6116,6116
5200,5200,5200
6270,6320,6320
6116,6116,6116
6333,6333,6333
4240,4240,4240
5700,9100,7600
9510,5230,9500
7820,7820,7820
7790,7790,7790
6111,6111,6111
6460,6460,6460
5936,5936,5936
6250,6450,6450
5521,5521,5521
6333,5560,5560
6134,6134,6134
9800,7403,7403
6333,6333,6333
6133,6133,6133
4113,4113,4113
5700,5700,5700
7402,7402,7402
6320,6333,6333
5532,5532,5532
9315,9315,9315
5934,5934,5934
6116,6116,6116
6116,6116,6116
6116,6116,6116
4010,4010,4010
7455,7455,7455
7120,7120,7120
5410,5410,5410
7565,7565,7565
9400,7600,7600
7600,7600,7600
5220,5700,5700
5840,9600,9600
9315,9315,9315
6110,6110,6110
5911,5911,5911
5210,5200,5200
5570,5570,5570
6333,6333,6333
5200,5200,5200
5410,5410,5410
6333,6333,6333
3120,3120,3120
6430,6405,6405
4700,4700,4700
5120,5120,5120
7322,7322,7322
5340,5340,5340
6260,6260,6260
6333,6333,6333
5700,5700,5700
7350,7350,7350
6420,6420,6420
5700,5700,5700
7403,7403,7403
7012,7012,7012
3100,3100,3100
3210,9230,9230
4200,4200,4200
6114,6114,6114
5360,5360,5360
6333,6333,6333
7560,7560,7560
6126,6126,6126
7402,7402,7402
1230,1230,1230
8100,9315,5800
3500,3500,3500
6126,6126,6126
4111,4111,4111
7010,7010,7010
7220,7220,7220
7600,7600,7600
5200,9220,9220
7580,7720,9240
5142,5142,5142
6136,6136,6136
5921,5921,5921
5932,5932,5932
5146,5146,5146
7800,7500,7500
7420,7420,7420
5200,5200,5200
3120,3120,3120
5520,9800,9800
4010,4010,4010
6124,6124,6124
7310,7330,7330
7403,7403,7403
6333,6333,6333
9800,9800,9800
6415,6415,6415
6320,6320,6320
7200,7200,7200
7110,7110,7110
7430,6510,7430
7010,7010,7010
6126,6126,6126
6320,6320,6320
2200,2200,2200
9600,9600,1140
7720,7720,7720
7550,7550,7550
5920,5920,5920
7402,7402,7402
5910,9315,9315
7450,7450,7450
6135,6135,6135
3010,3010,3010
7550,5700,9330
6405,6405,6405
6332,6332,6332
6112,6112,6112
6110,6110,6110
5521,5521,5521
7800,5930,5910
8810,8810,8810
7565,7565,7565
7760,7760,7760
7321,7321,7321
5920,5920,5920
6120,6111,6126
5700,9600,9600
7800,7800,7800
4113,4113,4113
6135,6135,6135
7720,7720,7720
3400,3400,3400
3020,3020,3020
6130,6130,6130
5360,5360,9311
9312,9312,9312
7402,7402,7402
6510,6510,6510
3100,3100,3100
7402,7402,7402
5700,5700,5700
5520,5520,5520
7210,7210,7210
6116,6116,6116
7010,7010,7010
5340,5340,5340
1120,9310,9310
6430,6430,6430
7740,7740,7740
5210,5210,5210
3500,3500,3500
7740,7740,7740
7402,7402,7402
6510,6510,6510
5911,5911,5911
6430,6430,6430
4210,4210,4210
7740,7740,7740
9320,9320,9320
7600,7455,7600
7330,7330,7330
7450,7450,7450
5940,5940,5940
4111,4111,4111
5350,5350,5350
7736,7780,7780
7480,7480,7480
5936,5936,5936
7740,7740,7740
4240,4240,4240
8330,8330,8330
9320,9320,9320
5921,5921,5921
5920,5920,5920
5162,5162,5162
7440,7440,7440
7600,7600,7600
6320,5910,5910
7736,7736,7736
9400,9400,9400
4240,4240,4240
5170,5170,5170
7600,7600,7600
4220,4220,4220
7545,7545,7545
6136,6136,6136
7380,7380,7380
4700,4700,4700
7120,7120,7120
7850,7850,7850
7455,3010,3010
7420,7420,7420
5520,5540,5540
9800,9800,9800
7790,9315,9315
6114,6114,6114
8160,8160,8160
4240,4240,4240
5410,5410,5410
7404,7404,7404
5700,5700,5700
9320,9320,9320
7770,7770,7770
6540,6540,6540
6119,6119,6119
6332,6332,6332
5700,6110,5700
7440,7440,7440
7110,7110,7110
6114,6114,6114
7450,7450,7450
3400,3400,3400
9600,9800,9800
5870,5870,5870
6139,6139,6139
9400,9400,9400
5920,5920,5920
7404,7404,7404
6124,5940,5940
5163,5163,5163
7430,7430,7430
2700,2700,2700
5910,5910,5910
6320,6320,6320
7210,7210,7210
5910,5910,5910
6320,6280,6280
7110,7110,7110
7810,7810,7810
5360,4020,4020
7120,7120,7120
7505,7540,7540
3500,3500,3500
6118,6118,6118
7403,7403,7403
7730,7730,7730
7360,3400,3400
5230,5230,5230
6116,6111,6111
7790,7790,7790
6260,5210,6280
7565,4111,4111
4112,4112,4112
6110,6110,6110
7565,7565,7565
7402,7402,7402
2500,2500,2500
5171,5171,5171
9320,9330,9330
9315,7440,5870
7540,7540,7540
8850,8830,8830
7410,7410,7410
7530,7530,7530
7520,7520,7520
7120,7120,7120
5560,5560,5560
5910,5910,5910
7310,7310,7310
6126,6126,6126
7450,7402,7402
7403,7403,7403
5420,5420,5420
5911,5911,5911
4210,4210,4210
7500,7500,7500
7321,9312,9312
7200,7200,7200
7402,7402,7402
4113,4113,4113
5910,5910,5910
7360,7360,7360
6500,6550,6420
6114,6114,6114
7480,7480,7480
5940,5940,5940
6126,6126,6126
7402,7402,7402
6112,6112,6112
7020,7020,7020
7600,7600,7600
8220,8220,8220
4700,4700,4700
5910,5910,5910
4210,4210,4210
5911,5911,5911
4111,4111,4111
5210,5210,5210
7360,7360,7360
6420,6333,6333
6110,6110,6110
4111,4111,4111
6410,6410,6410
7011,7011,7011
6111,6111,6111
5120,5120,5120
7610,7610,7610
5210,5210,5210
7402,7402,7402
7010,7010,7010
7710,9230,9230
2200,6460,2400
7810,7810,7810
6320,6320,6320
6139,6139,6139
7340,7340,7340
5142,5142,5142
6136,6136,6136
5210,5210,5210
7020,5120,5120
7720,7720,7720
7402,7402,7402
6210,6210,6210
4115,4115,4115
6111,6111,6111
6119,6119,6119
7750,7750,7750
5934,5934,5934
2800,2800,2800
4210,4210,4210
5530,5530,5530
7600,7600,7600
5520,5520,5520
6119,6119,6119
7011,5532,9500
7780,7780,7780
7735,7735,7735
7100,7100,7100
7403,7403,7403
7440,7440,7440
7402,7402,7402
5940,5940,5940
8700,8700,8730
7545,5930,5930
5910,5910,5910
9320,9320,9320
5171,5171,5171
9130,9130,9130
5420,5420,5420
4110,4120,4120
6421,6421,6421
7010,7010,7010
7120,7120,7120
6114,6114,6114
8740,7600,7600
5150,5150,5150
7402,7402,7402
5360,5360,5360
6135,6135,6135
8400,8400,8400
9330,9330,9330
5521,5521,5521
6118,6118,6118
5210,5210,5210
8130,8130,8130
7200,7200,7200
4400,4400,4400
5350,5350,5350
5530,5530,5530
6136,6136,6136
7110,7110,7110
7480,7480,7480
5920,5920,5920
7110,7110,7110
7020,9311,9311
5360,5360,5360
7450,7450,7450
5800,5800,5800
2600,2600,2600
7440,7440,7440
3800,3500,3500
9600,9600,9600
7402,7402,7402
5911,5911,5911
6112,6112,6112
6114,6114,6114
8400,8400,6200
7120,7120,7120
3120,3120,3120
7400,7400,7400
8500,8500,8500
5530,5530,5530
5920,5920,5920
7740,7740,7740
5360,5360,5360
4700,4700,4700
5920,5920,5920
7545,7545,7545
9400,9400,9400
4110,5210,5210
9314,9314,9314
6310,6310,6310
7500,7500,7500
7130,8150,8150
7402,7402,7402
8730,8730,8730
8400,8400,8400
5910,5910,5910
5936,5936,5936
6320,6320,6320
5140,5140,5140
6420,6460,6460
7100,7100,7100
5930,5930,5933
8400,8400,8400
5141,5141,5141
8810,8810,8810
5200,5200,5200
4115,4115,4115
7403,7403,7403
7120,7120,7120
6320,6333,6333
7595,7595,7595
2700,2700,2700
5172,5172,5172
8221,8221,8221
7430,7430,7430
7740,7740,7740
9312,9311,9311
5410,5410,5410
7360,7360,7360
5560,5560,5560
7360,7360,7360
6119,6119,6119
7440,7440,7440
7403,7403,7403
5911,5911,5911
4010,4116,4116
4010,5200,5200
4240,4240,4240
5210,5210,5210
6332,6332,6332
7600,5932,7520
1300,5921,5921
7600,7600,7600
6332,6332,6332
6130,6130,6130
6540,6540,6540
9240,5210,5210
7322,7322,7322
6116,6116,6116
7430,7430,7430
6121,6121,6121
5910,5910,5910
5910,5911,5911
4113,4113,4113
9600,9600,9600
7403,7403,7403
6332,6332,6332
7405,7405,7405
9230,9120,9120
5420,5420,5420
6320,6320,6320
6136,6136,6136
5911,5911,5911
8160,8160,8160
9240,6320,6320
6320,6320,6320
5932,9311,6270
7565,7565,7565
5210,5210,5210
5350,5350,5350
7405,7405,7405
8730,8730,8730
9320,9320,9320
7403,7403,7403
7720,7720,7720
5210,5210,5210
5420,5420,5420
6330,6270,6540
4210,4210,4210
6280,6280,6280
7750,7750,7750
9100,9320,9320
6560,6560,6560
5530,5530,5530
7550,5934,7550
5700,5910,5700
5700,5700,5700
7110,7110,7110
6450,6450,6450
7770,7770,7770
5146,5146,5146
6300,5520,5520
5530,5530,5530
8140,8140,8140
6430,6430,6430
2500,9316,9316
5521,5521,5521
7450,4110,4110
6250,9800,6250
7350,7350,7350
5930,5930,5930
4010,4010,4010
7120,7120,7120
5911,5911,5911
6134,6134,6134
5173,5173,5173
6114,6114,6114
7110,7110,7110
7735,7735,7735
9500,9220,9220
7440,7440,7440
6410,6410,6410
7210,7210,7210
7403,7403,7403
4210,4210,4210
5600,9400,9600
5911,5911,5911
7740,7740,7740
8150,8150,8150
5500,5500,5500
5911,5911,5911
5840,5840,5840
5120,5120,5120
5930,5200,5200
2200,2200,2200
5350,5350,5350
5146,6114,6114
9316,7200,7360
3200,3200,3200
9510,9500,9500
5360,5360,5360
4000,8330,8330
7760,7760,7760
1230,1230,1230
5172,5172,5172
6333,6333,6333
7110,7110,7110
7440,7440,7440
4111,4111,4111
7450,7450,7450
4112,4112,4112
4110,4110,4110
9312,9312,9312
4400,4400,4400
7600,7600,7600
2600,2600,2600
7440,7440,7440
9210,5210,5210
6320,6320,6320
7403,7403,7403
7220,7220,7220
6121,6121,6121
6118,6118,6118
5333,5333,5333
7120,7120,7120
5410,5410,5410
6450,6430,6430
8500,8500,8500
6332,6332,6332
7550,7550,7550
9230,9230,9230
5146,5146,5146
5360,5360,5360
7565,7565,7565
7430,7430,7430
5936,5936,5936
5932,5932,5932
5936,5936,5936
6333,6333,6333
8400,8400,8400
7420,7420,7420
5910,5910,5910
7405,7405,7405
6332,6332,6332
4113,4113,4113
9330,7620,7600
6410,6420,9330
5940,5940,5940
6110,6117,6117
5910,5910,5910
5360,5360,5360
5210,5210,5210
4700,4700,4700
5200,5200,5200
6420,6420,6420
7560,7560,7560
6333,6333,6333
4210,4210,4210
7340,7340,7340
7460,7460,7460
9130,9130,9130
7550,7550,7550
3100,3100,3100
4117,4117,4117
5560,5560,5560
7430,7430,7430
5340,5340,5340
5920,5920,5920
6120,6120,6120
6320,6320,6320
1130,1130,1130
5130,6111,6111
5830,5170,5170
7321,7321,7321
7440,7440,7440
7000,7000,7000
4210,4210,4210
7011,7011,7011
5520,7500,5520
7455,7455,7455
7440,7440,7440
7505,7505,7505
6333,6333,6333
6114,6114,6114
7720,9400,9400
3110,3110,3110
5920,5920,5920
7402,7402,7402
5920,5920,5920
5330,5330,5330
5920,5920,5920
7440,7440,7440
5910,5910,5910
6280,6320,6320
5910,5910,5910
6135,6135,6135
5600,5600,5600
6320,6320,6320
6110,6110,6110
5530,7340,7340
6135,6135,6135
7360,7360,7360
6320,6320,6320
7730,7730,7730
7402,7440,7790
7830,7830,7830
5911,5911,5911
9600,9600,9600
4111,4111,4111
5500,9500,9500
7850,7850,7850
7360,7360,7360
5360,5210,5910
9130,9311,9311
9500,9500,9500
5200,5200,5200
5700,5360,5360
8730,8730,8730
5172,5172,5172
5920,5920,5920
6126,6126,6126
7430,7430,7430
5550,5550,5550
9800,5550,5550
7403,7403,7403
2700,2700,2700
7030,6440,6440
5500,5500,5500
5210,5210,5210
5210,5210,5210
5530,5530,5530
6320,6320,6320
9240,9240,9240
7600,7600,7600
3510,3510,3510
5700,5700,5700
7430,7430,7430
9231,9231,9231
7430,7430,7430
7390,7340,7340
2300,5940,5940
5110,6137,6137
9520,9500,9500
3500,3500,3500
6320,6320,6320
5532,9510,9510
7200,7200,7200
5140,5140,5140
9312,9312,9312
6440,5700,5700
7200,6333,6333
5940,5940,5940
6333,6333,6333
9220,9220,9220
4700,1100,1100
7010,7010,7010
7800,7800,7800
8320,8320,8320
6320,6320,6320
2200,2200,2200
1230,5420,6135
9314,7360,7360
9240,5930,6260
7110,7110,7110
7420,7420,7420
6333,6333,6333
7730,7730,7730
5530,5530,5530
5911,5911,5911
5230,5230,5230
6460,6280,6280
5921,5921,5921
9600,9600,9600
6132,6132,6132
7402,7402,7402
4120,4120,4120
3010,3100,3100
5560,5560,5560
5160,5160,5160
5420,5420,5420
6333,6333,6333
9320,9320,9320
9233,9233,9233
7560,7560,7560
7510,7510,7510
5530,5530,5530
5940,5940,5940
4010,4010,4010
1140,9600,9600
8830,5910,8800
7560,7560,7560
5910,5910,5910
5430,5430,5430
5940,5940,5940
9320,9320,9320
5911,5911,5911
6111,6111,6111
3340,3340,3340
6111,6111,6111
3510,7430,7430
7735,7735,7735
5141,5141,5141
7520,7520,7520
3500,3500,3500
6116,6116,6116
4130,4130,4130
4113,4113,4113
6131,6131,6131
6280,6280,6280
6126,6126,6126
6332,6332,6332
6117,6117,6117
7430,7430,7430
7560,7560,7560
7440,7440,7440
6114,6114,6114
7110,7110,7110
6111,6111,6111
9600,9800,9800
5530,5530,7820
5210,5210,5210
5210,9210,9210
5360,5360,5360
9600,9600,9600
4400,4400,4400
5910,5910,5910
8300,8300,8300
7430,7430,7430
6460,6460,6460
3020,3500,3500
6530,6530,6530
5920,5920,5920
7200,6430,6430
7570,7570,7570
6134,6134,6134
5911,5911,5911
8500,8500,8500
4240,4240,4240
3510,3510,3510
6135,6135,6135
7440,7440,7440
5920,5920,5920
7405,7405,7405
5533,5533,5533
1000,1000,1000
3500,3500,3500
7550,7550,7550
5533,5533,5533
3130,5700,5700
5143,5143,5143
6114,6114,6114
7520,7520,7520
9315,9315,9315
6111,6117,6117
6110,6110,6110
7010,7010,7010
7210,7210,7210
7750,7750,7750
7440,7420,7420
7450,7450,7450
5700,5700,5830
9300,9400,9400
7790,7790,7790
7350,7350,7350
7820,7820,7820
7720,7720,7720
5910,5910,5910
9600,9600,9600
9500,9240,9500
5120,5120,5120
8140,8140,8140
7321,7321,7321
7600,7600,7600
7560,7560,7560
5530,9130,7500
4220,4220,4220
5550,9800,9800
4100,4100,4100
4113,4113,4113
7550,7550,7550
5910,5910,5910
9210,9210,9210
7545,7545,7545
5210,5210,5210
6139,6139,6139
5936,5936,5936
5930,5930,5930
3210,3210,3210
8130,8130,8130
8160,8160,8160
6280,6280,6280
5120,5120,5120
5360,5360,5360
5360,7210,7210
6116,6111,6111
9210,9211,9211
3120,5920,5920
3320,3320,3320
8221,8221,8221
5830,5830,5830
9230,9400,5910
5936,5936,5936
4010,5200,5200
7350,7350,7350
9600,9800,9800
7403,7403,7403
9130,7440,7440
7403,7403,7403
4100,9800,4100
5930,5930,5930
8500,8500,8500
4220,4220,4220
5841,7360,5841
9800,9800,9800
7200,9300,9300
2700,7420,2700
2300,2300,2300
6333,6333,6333
9100,9100,9100
0,0,0
8400,8400,8400
5920,5920,5920
5521,5521,5210
7580,7580,7580
7450,4240,4240
7740,7740,7740
6333,6333,6333
5550,5520,5550
7820,7820,7820
6126,6126,6126
7110,7110,7110
5940,5940,5940
4111,4111,4111
5930,5930,5930
4210,4210,4210
6333,6333,6333
7405,7405,7405
7900,7900,7900
3100,3130,3130
5570,5570,5570
5910,5910,5910
3510,3510,3510
5830,5830,5830
7560,7560,7560
5700,5700,5700
7010,7010,7501
7570,7570,7570
5220,5220,5220
5160,5160,5160
7740,7740,7740
6119,6119,6119
7740,7740,7740
8860,5921,5921
7450,7450,7450
6333,6333,6333
4200,4200,4200
7750,7750,7750
5933,5933,5933
7740,7740,7740
7830,7830,7830
7420,7420,7420
7220,7220,7220
4117,4117,4117
6136,6136,6136
6136,6136,6136
7402,7402,7402
8130,8130,8130
5700,5700,5700
3210,3020,3020
5936,5936,5936
6430,6430,6430
6210,6210,6210
6320,9800,9800
8820,8820,8820
5830,5830,5830
7565,7565,7565
7110,7110,7110
5173,5173,5173
4200,4200,4200
6320,6333,6333
9400,2700,2700
6430,6430,6430
1000,5930,5930
8500,8500,8500
3900,3900,3900
7310,7310,7310
2600,2600,2600
7322,7322,7322
6135,6135,6135
6230,6230,6230
7200,9330,7200
6540,6540,6540
6333,6333,6333
6134,6134,6134
7200,7200,7200
7100,7100,7100
6430,6430,6430
9210,9210,9210
9315,5920,9315
9313,9800,9800
6510,6280,6280
6270,6270,6270
5560,5560,5560
7800,7800,7800
7740,7740,7740
8130,8130,8130
7440,5520,5520
5510,5510,5510
4114,4114,4114
7450,7450,7450
5570,6405,6405
3510,3510,3510
4210,4210,4210
6121,6121,6121
9400,9400,9400
5925,5925,5925
9500,9500,9500
5163,5163,5163
7403,7403,7403
7110,7110,7110
5230,5230,5230
7321,7321,7321
5920,5920,5920
7350,7350,7350
7340,7340,7340
6333,6320,6320
3500,3500,3500
6110,6110,6110
9800,9800,9800
7440,7440,7440
5210,5210,5210
3330,3300,3330
9700,1230,1230
7403,7403,7403
0,0,0
6114,6114,6114
5530,5530,5530
4114,4114,4114
9231,9231,9231
7455,7455,7455
7560,7560,7560
7810,7810,7810
7600,7600,7600
3510,3510,3510
6530,6530,6530
7490,7420,7420
5210,5210,5210
4116,4116,4116
6111,6111,6111
4130,4130,4130
7550,7550,7550
6260,6260,6260
7430,6510,9500
5520,5930,9800
7440,7440,7440
9240,9240,9240
7560,7560,7560
5560,5340,5340
7550,7550,7550
5560,5560,5560
5530,5530,5530
5531,5531,5531
7440,7440,7440
7120,7120,7120
6270,6270,6270
7321,7321,7321
5830,5830,5830
6250,9230,9230
5911,5911,5911
4240,4240,4240
7110,7110,7110
6333,6333,6333
7402,7402,7402
4400,4400,4400
5540,5440,5440
5440,5910,5910
9800,9800,9800
5145,5145,5145
9130,9130,9130
6270,9240,9240
5860,5210,5210
6136,6136,6136
7110,7110,7110
6320,6320,6320
7405,7405,7405
6430,6430,6430
5921,5921,5921
7560,7560,7560
2200,2200,2200
7402,7402,7402
9400,6280,9400
6230,6230,6230
7620,7620,7620
7200,7200,7200
6136,6136,6136
5910,5910,5910
7350,7350,7350
5171,5171,5171
6117,6117,6117
5700,5700,5700
7440,7440,7440
4115,7450,7450
6126,6126,6126
4115,4115,4115
8820,8820,8820
9400,9400,9400
6333,6333,6333
4113,4113,4113
9800,8310,8310
5925,5925,5925
5145,5145,5145
4210,4210,4210
9330,9330,9330
6530,6530,6530
5164,5164,5164
6560,6560,6560
7403,7403,7403
7020,8820,8820
7820,7820,7820
6333,6333,6333
7820,7820,7820
6440,6440,6440
4010,4010,4010
7403,7403,7403
5933,5933,5933
5910,9230,5910
6121,6121,6121
6530,9800,9800
3130,7550,3130
3400,3400,3400
5933,5933,5933
6333,6333,6333
5920,5920,5920
7430,7430,7430
7550,7550,7550
7340,7340,7340
5870,5870,5870
5164,5164,5164
7360,7360,7360
7360,7360,7360
6110,6110,6110
6119,6119,6119
6118,6118,6118
5911,5911,5911
6270,4130,6270
5940,5200,5200
6120,6430,6430
7403,7403,7403
5530,5530,5530
7440,7440,7440
5340,5340,5340
7100,5170,5170
6114,6114,6114
9320,7600,9230
6320,6320,6320
7200,6440,6440
6118,6118,6118
8150,8150,8150
6118,6118,6118
4112,7403,7545
6116,6116,6116
4030,4030,4030
7546,7546,7546
5560,5560,5560
7735,7735,7735
6440,6440,9312
7830,7830,7830
7401,7401,7401
9220,9220,9220
6112,6112,6112
9320,7012,6280
6320,6320,6320
6121,6121,6121
9315,7600,7600
6200,9000,9000
5910,5910,5910
5340,5340,5340
5700,6310,6310
6114,4110,4110
5940,5940,5940
9240,5910,5910
7405,7405,7405
4150,4150,4150
7550,7550,7550
6530,6430,6250
5340,5700,5700
4200,4200,4200
7790,5520,5520
8400,8400,8400
6126,6126,6126
7403,7403,7403
5911,5911,5911
5910,5910,5910
7550,7550,7550
3220,3220,3220
7740,7740,7740
5940,5940,5940
7500,7810,6333
4130,6540,4100
6405,6405,6405
7740,7740,7740
3510,3510,3510
5164,5700,5700
6136,6136,6136
7450,7450,7450
6530,6530,6530
9800,9800,9800
7430,7430,7430
3400,4700,4700
3100,3100,3100
7735,5911,5911
6333,6333,6333
7010,7010,7010
5936,5936,5936
7820,7820,7820
5911,5911,5911
7350,7350,7350
5933,5933,5933
5350,5350,5350
4116,4116,4116
8310,8310,8310
5510,5510,5510
6320,6320,6320
5200,5200,5200
5910,5910,5910
2700,2700,2700
2600,2600,2600
7770,7770,7770
7780,7780,7780
2800,2800,2800
9130,9233,9233
5920,5920,5920
9311,9220,9800
6430,6430,6430
6111,6111,6111
9240,9240,9240
6540,6540,6540
7310,7310,7310
9310,9300,9300
6332,6332,6332
6332,6332,6332
5500,5500,5500
6333,6333,6333
9600,9600,9600
2200,2200,2200
6430,6430,6430
7440,7440,7440
3110,3110,3110
3900,3900,3900
5210,5210,5210
9330,9400,9400
4210,4210,4210
6421,6421,6421
5700,5700,5700
4113,4113,4113
9400,9400,9400
7720,7720,7720
7760,7760,7760
5940,5940,5940
5830,5830,5830
8600,7420,9240
2700,2700,2700
6114,6114,6114
7550,7550,7550
7405,7405,7405
6117,6117,6117
7500,9315,9315
5210,5210,5210
7010,9314,9314
9315,8330,8330
6135,6135,6135
6332,6332,6332
7620,7620,7620
4116,4116,4116
6122,6122,6122
9130,9130,9130
7340,7340,7340
3010,3010,3010
9315,1140,9312
6440,6440,6440
4115,4115,4115
7310,7310,7310
5210,5210,5210
5521,5521,5521
4210,4210,4210
5140,5140,5140
6333,6333,6333
6114,6114,6114
6127,8500,6127
9314,9314,9314
6126,6126,6126
8221,8221,8221
9120,9120,9120
5940,5940,5940
4200,4210,4210
5700,5360,9230
5911,5911,5911
5430,5430,5430
5360,5360,5360
9400,9400,9400
7403,7403,7403
7735,5932,7200
5920,5920,5920
7340,7340,7340
6117,7600,7600
5700,5700,5700
5123,5123,5123
5911,5911,5911
2700,2700,2700
5940,5940,5940
7750,7750,7750
7405,7405,7405
2200,9230,9230
6118,6118,6118
7500,7500,7500
0,0,0
5200,5200,5200
7120,7120,7120
7820,7820,7820
6332,6332,6332
6332,6332,6332
9600,9600,9600
7740,7740,7740
5940,7740,5911
5930,5930,5930
6121,6121,6121
5163,5163,5163
7530,7530,7530
5940,5940,5940
7440,7440,7440
9311,9130,9130
7440,7440,7440
6320,6320,6320
9314,9314,9314
9600,9300,9300
7200,7200,7200
5210,5210,5210
4210,4210,4210
6333,6333,6333
9230,7402,9220
1230,1230,1230
7402,7402,7402
2200,2200,2200
6118,6118,6118
5910,5910,5910
6114,6114,6114
9312,9312,9312
5932,5932,5932
5932,5932,5932
9230,7410,5420
6134,6134,6134
5510,5510,5510
6111,6111,6111
6333,6333,6333
5920,5920,5920
5700,5700,5700
7110,7110,7110
6136,6136,6136
6440,6405,6405
7360,7360,7360
6110,6110,6110
9800,6250,6250
7565,7565,7565
7505,7505,7505
6110,6110,6110
5600,9240,9240
4210,4210,4210
5550,9220,9220
6332,6332,6332
7210,7210,7210
3500,3500,3500
7735,7735,7735
7350,7350,7350
7430,9130,9130
7505,7505,7505
5933,5933,5933
5230,5230,5230
7550,7550,7550
6430,6430,6430
7480,7480,7480
4210,4210,4210
5410,5410,5410
7450,7450,7450
9211,9211,5141
3500,4400,3500
7540,9800,9800
9233,9233,9233
7030,7030,7030
6332,6332,6332
5700,5910,7540
3900,3900,3900
9130,5911,5911
7720,7720,7720
7450,7450,7450
5940,5940,5940
6250,6250,6250
2700,2700,2700
3900,3900,3900
6333,9800,9800
7501,8730,8730
6320,6320,6320
5340,5340,5340
7455,7455,7455
7900,7900,7900
5910,5910,5910
6333,9500,9500
5911,5911,5911
9600,9600,9600
7360,7360,7360
5936,5936,5936
5570,5570,5570
7440,3400,3400
5870,5870,5870
5910,5910,5910
5920,5920,5920
5910,9220,9220
5230,5230,5230
3510,3510,3510
5340,5340,5340
5930,5933,5933
6440,6440,6440
6420,6420,6420
5350,5350,5350
5210,5210,5210
6320,6320,6320
5520,5520,5520
7110,7110,7110
6134,6134,6134
7420,7420,7420
6332,6332,6332
7450,7450,7450
5936,5936,5936
7770,7770,7770
7500,7500,7500
7400,7400,7400
8330,5520,5520
5910,5910,5910
7440,7440,7440
6460,6460,9500
7321,7321,7321
5930,5930,5930
7440,7440,7440
6134,6134,6134
7540,7540,7540
4114,4114,4114
7440,7440,7440
6333,6333,6333
6131,6111,6111
5921,5921,5921
5121,5121,5121
7330,7330,7330
5530,5530,5530
6131,6131,6131
5940,5940,5940
6134,7500,6134
3110,3800,3800
2800,2800,2800
5142,5142,5142
5936,5936,5936
5171,5171,5171
7321,7321,7321
5210,5210,5210
7740,7560,7740
5410,5410,5410
9311,9311,9311
6230,6230,6230
6320,6320,6320
9220,9311,9311
7750,7750,7750
8800,8810,8810
7200,7200,7200
9210,9300,9300
5360,5360,5360
7430,7430,7430
7200,7200,7200
6280,6280,6280
7210,7210,7210
5530,5530,5530
6111,6111,6111
3510,3510,3510
3340,3340,3340
2400,2400,2400
7440,7440,7440
5911,5911,5911
5940,5940,5940
5911,5911,5911
4020,4020,4020
7740,7740,7740
6135,6135,6135
6440,6450,6450
5560,5560,5560
6333,6333,6333
6280,6132,6112
6135,6135,6135
5700,5700,5700
9510,9500,9500
6116,6116,6116
7110,7110,7110
5932,5932,5932
5700,5700,5700
7420,7420,7420
9400,9400,9400
5911,5911,5911
6415,6415,6415
1130,1130,7010
6121,6121,6121
7560,7560,7560
9100,9120,9120
7740,7740,7740
7721,7721,7721
7100,7100,7100
5920,5920,5920
6131,6131,6131
6333,6112,6112
9600,9600,9600
5200,5200,5200
5141,5141,5141
5126,5126,5126
5700,5700,5700
5840,6118,6118
5840,7360,7360
8220,8220,8220
5920,5920,5920
6270,6430,6430
5911,5911,5911
5920,5920,5920
9210,9210,5210
7440,7440,7440
7810,7810,7800
5210,5210,5210
7740,7740,7740
9230,9230,9230
7550,7550,7550
6333,6333,6333
7405,7405,7405
8400,8400,8400
7350,7350,7350
5932,5932,5932
9400,9240,9240
5840,5840,5840
3400,3400,3400
6136,6136,6136
6135,6135,6135
2700,2700,2700
4010,4010,4010
5910,5910,5910
7403,7403,7403
2400,2400,2400
7403,7403,7403
7420,7420,7420
7405,7405,7405
7720,4600,4600
7740,7520,7730
6510,9312,6333
4115,5570,5570
7450,7450,7450
7030,6333,6333
6320,6320,6320
2200,7750,7750
6134,6134,6134
6280,6280,6280
4115,4115,4115
5130,5130,5130
5210,5210,5210
7011,7011,7011
5171,5171,5171
5810,5810,5810
5925,5925,5925
5332,5332,5332
5911,5911,5911
5911,5911,5911
6112,6112,6112
5530,5550,5550
4114,4114,4114
3900,3900,3900
4210,4210,4210
7440,7440,7440
6333,6333,6333
6450,6333,6333
5166,5166,5166
8400,8400,8400
6332,6420,6420
4210,4210,4210
6320,6320,6320
6450,6450,6450
6114,6114,6114
7550,7550,7550
7450,7450,7450
9800,9800,9800
8150,8150,8150
7565,7565,7565
3020,3020,3020
5350,5350,5350
7800,7800,7800
7550,7550,7550
6119,6270,6119
4010,9230,4010
5911,5911,5911
7321,7321,7321
9310,9300,9300
4112,4112,4112
6333,6333,6333
7850,7850,7850
9520,9520,9520
6530,6530,6530
6440,6440,6405
6135,6135,6135
5911,5911,5910
9320,9312,9312
6121,6121,6121
6332,6332,6332
5933,5933,5933
5230,6200,6200
7403,7403,7403
7430,7430,7430
9800,9800,9800
6440,6117,6117
7440,7440,7440
7440,7440,7440
3400,3400,3400
7450,7450,7450
5921,5920,5920
6332,6332,6332
8150,8150,8150
7110,7110,7110
6332,6421,6421
7420,7420,7420
2200,2200,2200
5360,5360,5360
6110,6110,6110
9235,9235,9235
5910,8500,8500
6540,9300,9300
6114,6114,6114
5700,5700,5700
7430,7480,7480
1130,1130,1130
7900,7900,7900
5932,5932,5932
5911,5911,5911
5360,5360,5360
6118,6116,6116
7420,2800,2800
5940,5940,5940
5933,5933,5933
7600,7600,7600
2200,2200,2200
7740,7740,7740
6333,6333,6333
5430,5430,5430
6405,6280,6280
4114,4114,4114
6260,6333,9130
5332,5332,5332
4240,4240,4240
5120,5140,5140
7405,7405,7405
7540,7540,7540
3400,3400,3400
7010,7010,7010
7710,7710,7710
4700,4700,4700
6530,6530,6530
6440,9315,9315
7350,7350,7350
6110,6110,6110
5230,5230,5230
7420,7420,7420
6320,6320,6320
6333,6333,6333
8500,8500,8500
1230,1230,1230
5560,5560,5560
4210,4210,4210
5530,5530,5530
5530,5530,5530
7360,7360,7360
6333,6333,6333
7721,7721,7721
4115,4115,4115
7200,7200,7200
6320,6320,6320
4130,4130,4130
3500,3500,3500
4111,4111,4111
8130,8130,8130
6230,6230,6230
7740,7740,7740
7455,7455,7455
5142,5142,5142
6114,6114,6114
7310,5911,5911
5210,5210,5210
5210,5210,5210
7430,7430,7430
4111,4111,4111
5360,5360,5360
7740,5911,7740
7480,7480,7480
8830,9320,8730
7350,7350,7350
7402,7402,7402
5911,7455,7455
5940,5940,5940
7760,9600,9600
2200,2200,2200
5200,5200,5200
7430,7430,7430
3400,3400,3400
5210,5210,5210
5870,5870,5870
7360,7360,7360
5911,5911,5911
6332,6310,6310
6320,6320,6320
5210,5210,5210
9600,9240,9240
7750,7750,7750
9400,7600,7600
9300,9300,9300
6333,6333,6333
8150,8150,8150
5310,5310,5310
6126,6126,6126
9600,9312,9312
8400,8400,8400
7780,5540,5540
5560,5210,9240
5530,5530,5530
4116,5700,5700
3110,3110,3110
6117,5700,5700
5932,5932,9800
5142,5142,5142
3120,3120,3120
7340,7340,7340
7430,7430,7430
7010,7010,7010
6405,6405,6405
7810,7810,7810
2200,2200,2200
7550,7550,7550
4111,4111,4111
7403,7403,7403
9231,5521,2200
5911,7560,7560
2200,2200,2200
3210,3210,3210
5700,5700,5700
5420,5420,5420
9312,9312,9312
3500,3500,3500
6320,6320,6320
5560,5560,5560
6126,6126,6126
6420,6430,6430
7010,7010,7010
7010,7010,7010
2400,2400,2400
5520,5521,5521
7480,7480,7480
5700,5700,5700
4210,4210,4210
6333,7600,7600
5932,5932,5932
5920,5920,5920
5560,5560,5560
7565,7565,7565
7420,7420,7420
5910,5910,5910
7430,7430,7430
6332,6332,6332
6300,6300,6300
7110,7110,7110
4111,4111,4111
5935,5935,5935
4240,4240,4240
6200,6430,6430
7403,7403,7403
7402,7402,7402
3400,3400,3400
7550,7550,7550
6110,6110,6110
5560,5560,5560
5920,5920,5920
7770,7770,7770
6320,6320,6320
9233,7480,5340
7600,7600,7600
6520,6520,6520
7110,7110,7110
9330,9330,9330
5145,5145,5145
4117,4117,4117
7730,7730,7730
5910,5910,5910
7600,7600,7600
5700,5700,5700
9330,9330,9330
6121,6121,6121
5940,5940,5940
5700,5700,5700
6415,6415,6415
5940,5940,5940
6320,6320,6320
5360,5360,5360
7600,7600,7600
5911,5911,5911
6130,6130,6130
3110,3110,3110
7321,7321,7321
5172,5172,5172
7360,7360,7360
7850,7850,7850
7401,7400,7400
7730,6320,7730
6333,6333,6333
5162,5162,5162
2800,9500,9500
8400,8400,8400
5210,5210,5210
1230,1230,1230
4210,4210,4210
6440,6440,6440
7405,7405,7405
7740,7740,7740
7455,7455,7455
6280,6280,6280
7120,7120,7120
6333,6420,6560
8400,8400,8400
5360,5360,5360
5934,5936,5936
9100,9100,9100
9800,9800,9800
5120,5120,5120
5210,5210,5210
5120,6111,6111
6420,6420,6420
7565,7565,7565
6230,6230,6230
5920,5920,5920
6119,6119,6119
7810,2910,2910
7100,7100,7100
5700,5700,5700
7455,7455,7455
9220,5930,5930
2700,2700,2700
2200,2200,2200
4240,9400,9400
3120,7402,7402
3510,3510,3510
7800,7800,7800
7735,7735,7735
4400,4400,4400
7321,7321,7321
7360,7360,7360
6300,6320,6320
7321,7321,7321
7770,7770,7770
6110,6110,6110
7480,7480,7480
5170,5170,5170
5570,5570,5570
6320,6320,6320
7600,7600,7600
7403,7403,7403
7011,6110,6110
7440,3400,3400
7620,7620,7620
6440,6440,6440
3400,3400,3400
7110,7110,7110
7721,7721,7721
6110,6110,6110
6131,6131,6131
5310,5310,5310
5210,4010,5210
7546,7546,7546
5910,9400,5910
6405,6405,6405
5938,5938,5938
7595,7595,7595
6111,6111,6111
7440,7440,7440
6450,9400,9400
3510,3510,3510
7710,7710,7710
6110,6110,6110
4210,4210,4210
5560,6320,6320
5830,5830,5830
5560,5560,5560
7360,7360,7360
7330,7330,7330
7600,7600,7600
5145,5145,5145
6114,6114,6114
7110,7110,7110
6460,6460,6460
8850,8850,8850
6280,6280,6280
5911,5910,5910
5530,5530,5530
7440,7430,7440
3400,3020,3020
2200,7440,9240
6333,6333,6333
5700,5700,5700
7405,7405,7405
5430,5430,5430
3120,3120,3120
9130,9130,9130
5210,5210,5210
6332,6332,6332
6136,6136,6136
3700,3700,3700
5230,5230,5230
6333,6333,6333
5600,5600,5600
7210,7210,7210
5910,5911,5911
5700,5700,5700
0,6270,0
7400,7400,7400
5521,5521,5521
5360,5360,5360
6510,6116,6116
6320,6320,6320
5910,5340,5340
7220,7220,7220
9130,9130,9130
3110,3110,3110
5172,5172,5172
5910,5910,5910
4111,4111,4111
5160,5160,5160
5210,5210,5210
7010,7010,7010
3210,3210,3210
7600,7600,7600
7220,7220,7220
5931,9130,9130
4220,4220,4220
6420,6420,6420
9800,9800,9800
3020,3020,3020
7360,7360,7360
3120,3120,3120
5560,5560,5560
7580,7580,7580
7010,7010,7010
7110,7110,7110
5911,5911,5911
5930,5930,5930
5933,5933,5933
7450,7450,7450
5940,5940,5940
5930,5930,5930
5164,5164,5164
0,0,0
7455,7455,7455
9600,9600,9600
7321,7321,7321
6117,6117,6117
9130,9130,9130
5800,5800,5800
5360,5360,5360
4111,4111,4111
7420,7420,7420
2700,9240,9240
6111,6111,6111
7430,7430,7430
7403,7403,7403
6139,6139,6139
5560,5560,5560
9231,5200,5200
9330,9330,9330
6250,6250,6250
7720,7720,7720
9235,9235,9235
5700,5700,5700
5210,5210,5210
9130,9130,9130
7360,7360,7360
8300,8300,8300
7810,7810,7810
3130,7520,7520
9700,9500,9500
9315,7600,7600
4210,4210,4210
7560,7560,7560
7620,7620,7620
5360,5360,5360
5911,5911,5911
7560,7560,7560
3510,3510,3510
9500,9510,9510
9800,9800,9800
7405,7405,7405
7450,7450,7450
9600,9600,9600
4114,4114,4114
7735,7735,7735
7430,7430,7430
7350,7350,7350
4116,4116,4116
6136,5350,5350
7402,7402,7402
6332,5530,5530
6117,6117,6117
7410,7410,7410
7403,7403,7403
8830,8830,8830
7430,7430,7430
6333,7200,5700
5910,5910,5910
8500,9800,9800
4114,4114,4114
5940,5940,5940
6114,6114,6114
7440,7440,7440
7500,9220,9230
4112,4112,4112
7340,7340,7340
9400,9400,9400
7550,7550,7550
5910,7560,7560
5870,5870,5870
9800,5550,5550
5550,5550,5550
6260,6260,6260
7210,7210,7210
3510,3510,3510
5938,5938,5938
6135,6135,6135
7735,7735,7735
7430,7430,7430
7360,7360,7360
8830,8730,8730
5142,5142,5142
5360,5360,5360
7550,7550,7550
8330,8330,8330
9231,9231,9231
9315,9600,7010
7430,7430,7430
5911,5911,5911
6126,6126,6126
7440,7440,7440
6110,6116,6116
5420,5420,5420
7740,7740,7740
5911,5911,5911
7360,7360,7360
7210,7210,7210
5521,5521,5521
9800,9800,9800
7210,7210,7210
7010,8160,8160
7730,7210,7210
7430,7430,7430
7440,7440,7440
8400,8400,8400
7405,7405,7405
5410,5410,5410
7430,7450,7450
6112,6112,6112
5150,5150,5150
6131,6131,6131
5930,5932,5932
7110,7110,7110
5830,5830,5830
5830,5830,5830
7900,7900,7900
6430,5410,5410
9800,9800,9800
5200,5200,5200
5921,5921,5921
5700,5700,5700
4010,4010,4010
9130,9130,9130
9330,9330,9330
6127,6117,6117
7770,7770,7770
9320,9320,9320
3700,5911,3700
7450,7450,7450
9320,9312,9312
5146,5146,5146
7430,7430,7430
3400,3400,3400
4010,4240,4240
1140,9600,9600
7520,7520,7520
9500,9500,9500
9312,6420,7010
6111,6111,6111
1120,9310,9500
7450,7450,7450
3510,3510,3510
5560,5560,5560
1240,1230,1230
7430,7430,7430
6111,8400,8400
7010,7010,7010
5174,5174,5174
7810,7810,7810
3510,3510,3510
6332,6332,6332
6114,6114,6114
7360,7360,7360
7735,7403,7403
7810,7810,7810
7440,7440,7440
5937,5937,5937
5910,5910,5910
8700,8700,8700
9520,9500,9500
7740,7740,7740
6250,9330,9330
8130,8130,8130
7750,7750,7750
5140,5146,4110
7450,7450,7450
0,0,0
8140,8140,8140
7440,7440,7440
3700,3700,3700
9800,9800,9800
5810,5350,5350
2700,2700,2700
9130,9130,9130
8110,8110,8110
5520,5520,5520
7120,7120,7120
5350,5350,5350
6130,6320,6320
5533,5533,5533
9315,5940,7020
6332,6332,6332
5530,5532,5532
5200,5200,5200
7110,7110,7110
5910,5910,5910
6320,6320,6320
5938,5933,5930
9600,9600,9600
4116,4116,4116
7410,7410,7410
2100,2100,2100
6333,6333,6333
7390,7390,7390
7403,7403,7403
5932,5930,5932
8400,9500,9500
5166,5166,5166
7440,7440,7440
7403,7403,7403
7545,7545,7545
2100,2100,2100
5910,5910,5910
5911,5911,5911
7750,7750,7750
7560,7560,7560
7000,7500,7500
9600,9600,9600
7440,7440,7420
9311,9311,9311
5940,9600,9600
6405,6405,6405
4113,4113,4113
7740,7720,7720
4010,4010,4010
9312,9600,9312
7440,7440,7440
5937,5937,5937
6260,6260,6260
5120,5120,5120
5340,5340,5340
5910,5910,5910
6114,6114,6114
1230,1230,1230
5142,5142,5142
6121,6121,6121
7405,7405,7405
7120,7120,7120
7360,7360,7360
7110,7110,7110
5440,9240,5440
8840,4112,4112
7500,6430,6430
6111,6111,6111
6117,6117,6117
7430,7430,7430
6117,6117,6117
3200,8130,3200
7736,7736,7736
9520,9310,9500
6135,6135,6135
5230,5230,5230
5940,5940,5940
4116,4116,4116
8740,8740,8740
5440,5440,5440
5911,5911,5911
8160,8160,8160
5936,5936,5936
7360,7360,7360
5930,5930,5930
5910,6125,6125
5911,5910,5911
7900,7450,7410
7321,7321,7321
7110,7110,7110
5911,5911,5911
5870,5870,5870
7740,7740,7740
7360,7360,7360
5120,5120,5120
6332,6332,6332
4113,4113,4113
5920,5920,5920
5920,5920,5920
1130,1130,1130
3110,3110,3110
7820,7820,7820
7210,7210,7210
6333,6333,6333
7100,7100,7100
6270,6270,6270
4114,4114,4114
7440,7440,7440
9312,9312,9312
8810,8810,8810
8840,8840,8840
5910,5910,5910
7403,7403,7403
4240,4240,4240
7490,7490,7490
5910,5910,5910
7200,7210,7210
6117,6137,6137
9510,9510,9510
5930,5930,5930
9200,7730,7730
8730,8730,8730
7010,7010,7010
5935,5935,5935
5910,5910,5910
8150,8150,8150
6117,6117,6117
7403,7403,7403
9400,9400,9400
4111,4111,4111
7430,7430,7430
4112,4112,4112
5910,5910,5910
7440,7440,7440
6111,6111,6111
7730,7730,7730
4200,4200,4200
7800,7800,7800
6116,6116,6116
6118,6118,6118
6320,6320,6320
5700,5700,5700
5560,6320,6320
5911,5911,5911
4113,4113,4113
7730,7730,7730
7450,7450,7450
3510,3510,3510
7403,7403,7403
6333,6333,6333
7480,3400,3400
2200,9600,2100
6126,6126,6126
7480,7480,7480
5340,5340,5340
8730,8720,8720
6131,6131,6131
7120,7120,7120
5570,5570,5570
4020,4020,4020
5500,5500,5500
5310,5310,5310
7110,7110,7110
6320,6320,6320
7750,7750,7750
3330,7740,7740
7420,7420,7420
7310,7310,7310
7430,7430,7430
4240,4240,4240
7740,7740,7740
5340,5340,5340
6510,9240,7220
6430,6430,6430
7000,7700,7300
2100,2100,2100
6320,6320,6320
1120,1130,1130
9500,9500,9500
7565,7565,7565
7360,7360,7360
7736,7740,7740
6112,6112,6112
4700,4700,4700
5910,5910,5910
5360,3500,5360
7402,7402,7402
5911,5911,5911
9231,6114,6405
7110,7110,7110
6110,6110,6110
5940,5940,5940
3120,3120,3120
5911,5911,5911
4117,4117,4117
7900,5700,5700
6118,7030,7030
7735,7735,7735
9210,9240,9240
5210,5210,5210
9800,7020,6460
6111,6111,6111
5172,5210,5210
4300,4300,4300
7110,7110,7110
6280,6280,6280
5210,5210,5210
7110,7110,7110
5165,5165,5165
6430,6430,6430
5210,5142,5142
6333,9400,9400
5910,5910,5910
3900,3900,3900
6333,6333,6333
7390,7390,7390
4114,4114,4114
9400,9240,9240
5910,5910,5910
3510,3510,3510
5530,5530,5530
6280,6550,6550
6137,6130,6130
7360,7360,7360
8700,8700,8700
6260,9240,9240
2300,9800,2300
7570,7570,7570
7200,7200,7200
7540,7540,7540
2700,2700,2700
7565,7565,7565
4210,4210,4210
5360,5360,5360
7565,9315,7565
5911,5911,5911
6332,6332,6332
0,0,0
7440,7440,7440
8400,8400,8400
7440,7440,7440
5360,5360,5360
7340,7340,7340
7700,8130,1300
7500,5520,5930
6110,6110,6110
7100,7100,7100
9400,9210,9210
5700,5700,5700
7200,5700,7200
7402,7402,7402
6110,6110,6110
9500,9500,9500
5932,5932,5932
1000,2200,2200
5921,5921,5921
7740,7740,7740
6430,6430,6430
7300,7300,7300
3120,3120,3120
7720,7720,7720
7450,7450,7450
6116,6116,6116
5600,5600,5600
7360,7360,7360
5530,5530,5530
2200,2200,2200
7110,7110,7110
7012,7012,7012
3210,3210,3210
6320,6320,6320
6117,6117,6117
7430,7430,7430
7430,7430,7430
5141,5141,5141
7440,7440,7440
5560,5560,5560
2700,2700,2700
7402,7402,7402
7770,7770,7770
8400,8400,8400
7110,7110,7110
7220,8810,8810
6333,6333,6333
9230,9230,9230
7405,7405,7405
5146,5146,5146
5921,5921,5921
9400,9240,9240
7740,7740,7740
6110,6110,6110
7710,7710,7710
7730,7730,7730
9311,9311,9311
7210,7210,7210
7200,7200,7200
5911,5911,5911
5532,5532,5532
6430,6430,6430
9100,9100,9100
7210,7210,7210
5911,5911,5911
7405,7405,7405
5410,3120,5410
6333,6333,6333
6420,6420,6420
2200,2200,2200
5360,5360,5360
6114,6114,6114
7430,7430,7430
2200,2200,2200
7736,7736,7736
4200,4200,4200
6119,6119,6119
6420,6420,6420
4210,4210,4210
7405,7405,7405
8400,8400,8400
6421,6250,7010
5350,5350,5350
6560,6560,6560
3500,3500,3500
7600,7600,7600
7545,7545,7545
6110,6110,6110
5360,5360,5360
9600,5570,5570
6430,6430,6430
6320,6320,6320
6114,6114,6114
3010,3010,3010
6333,6333,6333
9600,9600,9600
5520,5520,5520
9520,9510,9510
6126,6126,6126
7455,7455,7455
7100,7100,7100
7403,7403,7403
5550,5550,5550
6111,6111,6111
5910,5910,5910
2600,7500,9800
6333,6116,6116
5550,5550,5550
5141,5141,5141
7710,7710,7720
6131,6131,6131
2700,2700,2700
5162,5162,5162
9100,9100,9100
6110,6110,6110
7770,7770,7770
3510,3510,3510
5925,5925,5925
7200,7200,7200
9220,7810,7010
7430,7430,7430
7560,7560,7560
7210,7210,7210
0,0,0
5860,7100,7100
4020,4020,4020
6116,6116,6116
7720,7720,7720
5911,5911,5911
7550,7550,7550
1120,9310,9310
5700,5700,5700
7220,7220,7220
7720,7720,7720
7430,7430,7430
2600,2800,2800
1130,1130,1130
5911,5911,5911
6333,9240,9240
5930,7322,7322
3010,3010,3010
8160,8160,8160
6250,6260,7010
4020,4020,4020
6333,6333,6333
6320,6320,5340
9330,5600,9240
6450,6450,6450
7380,7380,7380
7410,7410,7410
5140,5130,5130
5210,5210,5210
5830,5830,5830
7440,7440,7440
7402,7402,7402
6333,9315,9315
6136,6136,6136
5931,5931,5931
3110,3110,3110
4210,4210,4210
7750,7750,7750
4114,4114,4114
9233,9233,9233
5163,5163,5163
6415,6415,6415
4112,4112,4112
4210,4210,4210
4240,4240,4240
5830,5830,5830
7440,7440,7440
5935,5935,5935
6430,6430,6430
6135,6135,6135
7565,7565,7565
6320,6320,6320
5170,7360,7360
9800,9800,9800
7600,6420,7600
9600,9600,9600
5172,5172,5172
6126,6126,6126
4400,4400,5340
6113,7010,7010
7120,7120,7120
6330,6410,6410
7321,7321,7321
6132,5167,5167
7405,7405,7405
2500,9400,9400
6119,6119,6119
6112,6112,6112
6333,6333,6333
7402,9315,9315
5911,5910,5910
9400,9400,9400
7740,7740,7740
7420,7420,7420
8400,8400,8400
7600,7600,7600
5360,5200,5200
1130,1130,1130
7300,7010,7010
7400,7402,7402
4117,4117,4117
9800,9800,9800
5440,7770,7770
4240,4210,4210
5911,3400,4111
5146,5146,5146
4113,4113,4113
5160,5160,5160
5160,5160,5160
7405,7405,7405
9315,6332,6332
5925,5920,5925
5162,5162,5162
7400,7403,7403
8500,8500,8500
1230,1230,1230
8140,8140,8140
6332,6332,6332
7595,1300,1300
9600,9600,9600
9700,9700,9700
2900,7590,7510
7736,7736,7736
7110,7120,7120
7735,7735,7735
8130,8130,8130
9230,5910,9230
6112,6112,6112
5170,5170,5170
7321,6332,6332
8160,8160,8160
4020,5700,5700
6440,9800,9800
4111,4111,4111
6280,6280,6280
6135,6135,6135
6111,6110,6110
4240,4240,4240
5130,6120,5140
5200,5200,5200
5936,5936,5936
0,0,0
0,0,0
8160,8160,8160
9312,9312,9312
4020,4020,4020
4113,4113,4113
6134,6134,6134
5925,5925,5925
4130,4130,4130
6270,6270,6270
5911,5911,5911
4113,4113,4113
7410,7410,7410
6126,6126,6126
7440,7440,7440
4210,4210,4210
4220,4220,4220
7550,7550,7550
5210,5210,5210
7210,6421,6421
9600,9600,9600
7545,7545,7545
7730,7730,7730
6116,6116,6116
2700,9230,2700
5530,9400,9400
4300,7570,7570
7550,7550,7550
6110,6110,6110
7900,7900,7900
9315,9400,9400
9400,6405,6310
5700,5700,5700
7440,7440,7440
7402,7402,7402
7710,7710,7710
7405,7405,7405
5360,6421,6210
5140,5140,5140
6136,6136,6136
5700,5700,5700
6320,6320,6320
7455,7455,7455
6110,6117,6117
5940,5520,5520
6119,6119,6119
9230,9230,9230
1230,4100,1230
9510,9510,9510
5920,5920,5920
9315,5520,5520
9400,1130,1130
5340,5340,5340
1230,2200,2200
5937,5937,9240
6260,5120,5120
7900,7900,7900
5932,5932,5932
5911,5911,5911
6333,6320,6333
7810,7810,7810
7321,7321,7321
6136,6136,6136
7110,7110,7110
6110,6110,6110
6116,6116,6116
4020,4020,4020
5230,5210,6110
6333,6333,6333
6450,6450,6450
5830,5520,5520
4240,4240,4240
6540,9311,9311
9100,9100,7360
5560,5560,5560
7740,7740,7740
5120,5120,5120
7340,7340,7340
5210,5210,5210
4020,4020,4020
7440,7440,7440
9312,5530,7200
6420,6280,6420
7450,7736,7736
5340,7720,7720
7565,7565,7565
4240,4240,4240
5830,5830,5830
7420,7420,7420
7455,7455,7455
5910,5910,5910
4400,4400,4400
5520,5520,5520
7730,7730,7730
7750,7750,7750
5521,5521,5521
5145,5120,5120
9310,9310,9310
7120,7120,7120
6280,6270,6270
7735,7735,7735
7110,7110,7110
7740,7740,7740
4111,4111,4111
7440,7440,7440
5410,5410,5410
7720,7720,7720
8220,9320,8820
2500,9800,9800
9800,9800,9800
6135,6135,6135
8100,7010,7710
7450,7450,7450
7360,7360,7360
7401,7401,7401
6440,6440,6333
5120,4210,4210
7740,7740,7740
4240,4240,4240
5910,5910,5910
7100,7100,7100
7600,7600,7600
5940,5940,5940
5920,5920,5920
5937,5937,5937
7510,7510,7510
6333,6333,6333
5120,5120,5120
2700,2700,2700
5700,5700,5700
7403,7403,7403
5230,5230,5230
5170,5170,5170
6333,6333,6333
6260,6200,6200
8160,8160,8160
6550,6550,6550
8300,5920,8300
7736,7736,7736
0,0,0
6332,6332,6332
5172,5172,5172
5910,5910,5910
7720,7720,9500
2800,2800,2800
4114,4114,4114
5332,5332,5332
7110,7110,7110
5925,5925,5925
8400,8400,8400
3120,3120,3120
5930,5930,5930
5170,4110,5911
7560,7560,7560
6114,6114,6114
3500,3500,3500
7430,7430,7430
6250,9800,6240
5560,5560,5560
7810,7810,7810
7600,7600,7600
5210,9130,6116
5600,5600,5600
5350,5350,5350
9130,9800,9800
7720,7720,7720
3210,3210,3210
7430,7420,7420
5550,9800,9800
5910,5910,5910
6280,5500,9240
0,0,0
5146,5146,5146
8150,8160,8160
6127,6127,6127
7011,6450,7010
5200,5200,5200
6111,6111,6111
1130,1130,1130
5200,5210,5210
5200,1140,5932
2400,2400,2400
7455,7455,7455
7565,7565,7565
9315,9315,9315
7565,7565,7565
6131,6131,6131
9370,9370,9370
8500,8500,8500
6280,6280,6280
5210,5210,5210
6280,5700,6119
7430,7430,7430
6117,6117,6117
7360,7360,7360
5920,5920,5920
5340,5340,5340
4240,4240,4240
3200,3200,3200
6110,6110,6110
7340,7340,7340
7440,7440,7440
9313,9313,9313
5171,5171,5171
7500,7500,7500
7020,6116,6116
8400,8400,8400
7420,7420,7420
5910,5910,5910
9800,9800,9800
5521,5521,5521
9240,9600,9600
7403,7403,7403
6280,6110,6110
5920,5920,5920
4240,4240,4240
7405,7405,7405
9400,9400,9400
5440,7120,9400
6117,5120,5120
9311,9300,9300
6136,6136,6136
6430,9800,6430
7120,7120,7120
7010,7010,7010
9230,3510,9230
4115,4115,4115
7401,7401,7500
5911,5911,5911
6332,6332,6332
5911,5911,5911
6116,6116,6116
9600,9600,9600
7403,7403,7403
6310,6310,6310
4700,4700,4700
6405,6405,6405
6111,6111,6111
4113,4113,4113
6460,7400,7400
6119,6119,6119
2700,2700,2700
6430,5533,5533
4020,4020,4020
7110,7110,7110
6200,6200,6200
7740,7740,7740
6230,6230,6230
7480,7480,7480
8730,8730,8730
7110,7110,7110
6333,6333,6333
5210,5210,5210
5910,5910,5910
7360,7360,7360
6430,6430,6430
6405,6405,6405
7710,7710,7710
3510,3510,3510
6110,6113,6113
5210,5210,5210
3500,3500,3500
7010,7010,7010
7400,9400,9400
6119,6120,6117
8220,8220,8220
7720,7720,7720
6430,9240,6430
9315,9315,9315
9300,9300,9210
1130,1130,1130
9110,5540,5540
6119,6119,6119
7110,7110,7110
9311,7200,9311
9320,9220,9220
7390,7360,7360
9316,9316,9316
7735,7735,7735
7790,7790,7790
7360,7360,7360
6320,6320,6320
5120,5120,5120
2200,2200,2200
6110,5120,5120
6430,6430,6430
5840,5840,5840
9311,9320,9320
9600,9600,9600
7730,5934,5930
6117,6117,6117
5530,5530,5530
6410,6410,6410
8500,6280,6280
7420,7420,7420
7740,7740,7740
5932,9312,9312
7440,7440,7440
5910,5910,5910
5332,5332,5332
7030,7030,7030
7010,7010,7010
6332,6332,6332
7400,7400,7400
5360,5360,5360
5350,9315,9315
5530,5530,5530
5360,5360,5360
5120,5120,5120
6280,6280,6280
5410,5410,5410
5340,5340,5340
9400,9400,9400
5911,5911,5911
4010,4010,4010
6280,5350,5350
8810,8810,8810
5172,5172,5172
7600,9314,9314
7735,7735,7735
5521,8400,8400
6280,5350,6280
0,0,0
6126,6126,6126
3110,3110,3110
9130,9130,9240
7360,7360,7360
5200,5510,5510
7810,7810,7810
7210,7210,7210
6530,6333,6333
4240,4240,4240
5940,9800,9800
7360,7360,7360
7404,7404,7404
6320,6320,6320
5210,5210,5210
6116,6116,6116
4111,4111,4111
3110,3110,3110
7405,7405,7405
5530,8840,8840
6250,6250,6250
6320,6320,6320
8810,7220,7220
7780,8400,8400
5700,5700,5700
6420,6420,6420
4210,4210,4210
5700,5700,5700
5300,4010,4010
6230,6230,6230
4240,4240,4240
6310,6310,6310
5910,5910,5910
6420,6460,6420
5830,5830,5830
8400,8400,8400
5550,5550,5550
7420,7420,7420
5122,5122,5122
6110,6110,6110
7380,7380,7380
6280,6280,6280
6114,6114,6114
6333,6333,6333
5700,5700,5700
7330,7330,7330
5142,5142,5142
7440,7440,7440
7402,7402,7402
7405,7405,7405
4300,4300,4300
4111,4111,4111
7100,7100,7100
6240,6260,6260
9210,9220,9220
6250,6250,6250
8400,8400,8400
3400,3400,3400
5162,5162,5162
7120,7120,7120
5910,7565,7565
7565,7565,7565
4114,4114,4114
7012,7012,7012
6135,6135,6135
8150,8150,8150
6320,5560,5560
6510,6510,6510
7420,7420,7420
6332,6330,6330
6135,6135,6135
5940,5940,5940
9315,9315,5532
8400,8400,8400
7011,7011,7011
5171,5171,5171
5911,5911,5911
7210,7210,7210
5935,5935,5935
5933,5933,5933
7440,7440,7440
7110,7110,7110
4140,7565,7565
7430,7430,7430
6430,6430,6430
3510,3510,3510
5910,5910,5910
5146,5146,5146
6320,6320,6320
9800,9800,9800
6121,6121,6121
7735,7735,7735
5420,5420,5420
5911,5911,5911
5532,5532,5532
7600,7600,7600
8160,8160,8160
4114,4114,4114
5560,5560,5560
7520,7520,7520
9600,9600,9600
5340,5340,5340
7730,7730,7730
1120,9310,9310
1140,9500,9500
2500,2500,2500
7410,7410,7410
5940,5127,5127
5910,5910,5910
5141,5141,5141
5934,5934,5934
6332,6332,6332
1230,1230,1230
6110,6110,6110
7405,7405,7405
5600,5600,5600
5210,5210,5210
4240,4240,4240
6333,6333,6333
6116,6116,6116
7430,7430,7430
7550,9800,7340
7405,7405,7405
7330,7330,7330
6440,6440,6440
7120,7120,7120
7403,7403,7403
9233,9233,9400
5141,5141,5141
4117,4117,4117
6440,6440,6440
5932,5932,5932
7830,7830,7830
5120,5120,5120
3120,3120,3120
5920,5920,5920
6110,6110,6110
9240,9240,9240
9312,9312,9312
9240,9240,9240
2400,2200,2200
7800,7800,7800
7020,8160,8160
6333,6333,6333
6116,8320,8320
7360,7360,7360
4115,4115,4115
5520,9800,9800
7800,7800,7800
5360,5360,5360
5350,5350,5350
7330,7310,9600
9400,9400,9400
1120,1120,1120
7390,7390,7390
6114,6114,6114
7550,7550,7550
5920,5920,5920
4240,4240,4240
5420,5420,5420
6333,6333,6333
6333,6333,6333
4020,4020,4020
7450,7450,7450
7402,7402,7402
7450,7450,7450
4115,4115,4115
7430,7430,7430
9130,9130,9130
5520,5520,5520
6136,6136,6136
2200,2200,2200
5210,5210,5210
7110,7110,7110
9300,9300,9300
7480,7480,7480
4000,4000,4000
5420,5420,6333
5530,4111,4111
7520,7520,7520
7740,5910,5910
9312,9312,9312
5933,8500,8500
7440,7440,7440
9800,9800,9800
7403,7403,7403
6118,6118,6118
7480,7480,7480
4115,4115,4115
3500,3500,3500
6110,6110,6110
7735,7735,7735
7330,6410,6410
4700,4700,4700
6320,6320,6320
7100,7100,7100
5000,5000,5000
7401,7500,7500
7550,7550,7550
6333,6333,6333
7740,7740,7740
6300,6300,6300
7520,7520,7520
7440,7440,7440
4111,4111,4111
6332,6332,6332
6210,6250,5910
9500,9500,9500
4010,4010,4010
6111,6110,6110
6333,6333,6333
4114,4114,4114
6136,6136,6136
6110,6110,6110
7710,7720,7720
7330,7330,7330
7735,7735,7735
7735,7735,7735
7520,7520,7520
5330,5330,5330
4020,4111,4111
7120,7120,7120
5532,5532,5532
7830,7830,7830
7430,7430,7430
6111,6111,6111
5932,5932,5932
7440,7440,7440
5570,5570,5570
7565,7565,7565
7402,7402,7402
9500,9500,9500
7600,7600,7600
2200,2200,2200
5171,5171,5171
5350,5350,5350
6112,6111,6135
7110,7110,7110
5200,5200,5930
6320,6320,6320
5940,5940,5940
6530,6530,6530
7740,7740,7740
7451,1230,1230
7402,7402,7402
0,0,0
6110,8400,8400
7030,7030,7030
4010,4010,4010
9330,9330,9330
5440,5440,5440
6112,6112,6112
7500,5530,5530
6333,6333,6333
5172,5172,5172
5530,6460,6460
7430,7430,7430
7440,7440,7440
7600,7600,7600
8160,8160,8160
4210,4210,4210
7403,7403,7403
7595,9240,9220
8400,8400,8400
7721,7721,7721
6300,6300,6300
2700,2700,2700
5700,5700,5700
7420,7440,7440
7440,7440,7440
8320,6118,6118
9600,9600,9600
5700,5700,5700
5141,5141,5141
7800,7800,7800
7820,7405,7405
7820,7820,7820
7010,7010,7010
6320,6320,6320
6440,6440,6440
6405,6405,6405
6119,6119,6119
7200,7505,7200
0,0,0
5870,5870,5870
5911,5911,5911
7440,7440,7440
7420,7420,7420
6333,6333,6333
8400,8400,8400
7735,7735,7735
7403,7403,7403
5410,5410,5410
1130,9520,9312
5140,5140,5140
5520,5520,5520
5521,5521,5521
5521,5521,5521
4112,7403,5210
9230,7740,7740
5210,5210,5210
9400,9600,9600
5350,5350,5350
6333,6333,6333
7322,7322,7322
7430,7430,7430
7110,7110,7110
2100,2100,2100
6121,6121,6121
9600,4111,9600
8840,8860,8840
7500,7500,7500
5340,5340,9312
3110,3110,3110
7740,7740,7740
7390,7390,7390
7321,7321,7321
4113,4113,4113
9312,9312,9312
5911,5911,5911
9320,9500,9500
7900,7900,7900
8400,8400,8400
9500,9500,9500
6333,6333,6333
7405,7405,7405
5210,5210,5210
9400,9400,9400
2200,2200,2200
7440,7440,7440
7740,7740,7740
5910,7560,7560
4116,4116,4116
6120,6120,6120
4010,4010,4010
6117,6117,6117
7510,7500,7510
6421,9230,6421
7501,9800,9800
6136,6136,6136
8150,8150,8150
4200,4200,4200
1230,4240,1230
4112,1000,7360
9230,9230,9230
5930,5930,5930
6440,6440,6440
5910,5910,5910
5310,5310,5310
7820,7820,7820
5911,5911,5911
7580,7580,7580
6112,6112,6112
5120,5120,5120
5400,6210,6210
2200,2200,2200
6250,6250,6250
9315,7010,7010
9120,6430,6430
7322,7322,7322
3000,3000,3000
6230,6230,6230
8840,7010,7010
7810,7810,7810
7810,7810,7810
6320,6320,6320
6280,6260,6260
7440,7440,7440
4700,4700,4700
7736,7736,7736
7740,7740,7740
5230,5230,5230
6333,6333,6333
7565,7565,7565
7351,7351,7351
8850,8850,8850
2100,2100,2100
4116,4116,4116
7450,7450,7450
7560,7560,7560
9120,6430,6430
5910,5910,5910
8320,8320,8320
5910,5910,5910
7510,7510,7510
4115,4115,4115
5700,5700,5700
3510,3510,3510
3510,3510,3510
6540,7550,7550
5921,5921,5921
9240,9240,9240
7780,7780,7780
5210,5200,5200
5870,5870,5870
2700,2700,2700
9100,9400,9400
5920,5920,5920
6130,6130,6130
7500,7500,7500
7210,7210,7210
7440,7440,7440
7770,7770,7770
6116,6116,6116
5210,5210,5210
7560,7560,7560
7401,7402,7402
5540,5540,5540
1140,9600,9600
5521,5521,5521
9600,9500,9600
7360,7360,7360
5932,1140,1140
6110,6118,7010
6310,6310,6310
5700,5700,5700
5360,5360,5360
5230,5230,5230
7340,7340,7340
5430,5430,5430
7402,7402,7402
8160,8160,8160
6450,6450,6450
6320,6320,6320
7700,7710,7710
7520,7520,7520
9230,9230,9230
5920,5920,5920
6320,5700,9210
4114,4114,4114
3500,3500,3500
7110,7110,7110
7110,7110,7110
3700,3700,3700
7900,7900,7900
7200,7200,7200
5532,5532,5532
7546,7546,7546
5940,5940,5940
5142,5142,5142
6135,6135,6135
6333,6320,6320
9233,9233,9233
5360,5360,5360
3120,3120,3120
7600,7600,7600
7740,7740,7740
7402,7402,7402
6126,6126,6126
7100,7100,7100
6333,6333,6333
7200,7210,7210
7735,7735,7735
4117,4117,4117
9500,9500,9500
9315,9315,9315
5420,5420,5420
7720,9800,7720
6126,6126,6126
5340,5340,5340
7550,7550,7550
2100,2100,2100
5145,5145,5145
6119,6119,6119
9600,9600,9600
7740,7740,7740
9100,9100,9100
5911,5911,5911
5932,5932,5932
7735,7735,7735
4220,4220,4220
5938,5938,5938
5700,5700,5700
7011,7011,7011
6135,6135,6135
7810,7810,7810
6320,9330,9330
5450,5450,5450
9211,9211,9211
7780,9311,7770
7120,8500,7120
9230,9230,9230
6540,6540,6540
7440,7440,7440
7480,7480,7480
5930,5930,5930
7600,7600,7600
6121,6121,6121
7210,7210,7210
7450,7402,7402
5210,5210,5210
7736,7736,7736
7720,5910,5910
6131,6131,6131
2910,2910,2910
5910,5911,5911
5146,5146,5146
2200,2200,2200
9400,9400,9400
7120,7120,7120
9500,9500,9500
7030,7030,7030
5410,5410,5410
5932,5930,5930
7460,7460,7460
4117,4117,4117
6332,6332,6332
5560,5560,5560
9315,9400,9400
2200,2200,2200
6110,6110,6110
7810,7810,7810
5911,5911,5911
7740,7740,7740
7720,7720,7720
5936,5936,5936
6330,6332,6332
9315,5550,5210
7810,9314,9800
6333,6333,6333
7600,7600,7600
4240,4240,4240
4200,4240,4240
6430,6430,6430
1230,1230,1230
6139,6139,6139
7360,7360,7360
5911,5911,5911
2600,2600,2600
4000,7800,7450
6250,6250,6250
5530,5530,5530
5200,5200,5200
5521,5521,5521
5420,5420,5420
5533,5533,5533
6333,6333,6333
5936,5936,5936
1130,1130,1130
7450,7450,7450
7220,7220,7220
7900,7900,7900
7010,7010,7010
5937,5937,5937
5920,5920,5920
6114,6114,6114
7740,7740,7740
9800,9800,9800
5600,5600,5600
7402,7402,7402
5140,5140,5140
8740,8740,8740
7480,7480,7480
5910,5910,5910
6116,6116,6116
9240,9400,9400
5340,5340,5340
6333,6333,6333
2200,2200,2200
5938,5938,5938
5172,5172,5172
6116,6116,6116
4111,4111,4111
7440,7440,7440
5210,5210,5210
6120,6120,6120
4700,4700,4700
6332,6332,6332
4210,4210,4210
3110,3110,3110
5936,5936,5936
7402,5910,5910
5911,5911,5911
5940,5200,7735
7800,7800,7800
4010,4010,4010
6114,6333,6333
7450,7450,7450
7710,7710,7710
3500,3500,3500
7030,7030,7030
5911,5911,5911
7450,7450,7450
7500,9220,9800
4240,4240,4240
5700,5700,5700
7020,6332,6332
9800,9800,9800
7010,7010,7010
7820,7820,7820
5930,5930,5930
5120,5120,5120
7110,7110,7110
9500,9500,9500
9330,6430,7600
7440,7440,7440
7360,7360,7360
9240,9240,9240
5200,5330,5330
5911,5911,5911
9330,9330,9330
7740,7740,7740
9600,9600,9600
7110,7110,7110
5120,5120,5120
2200,2200,2200
9350,3130,7550
7550,7550,7550
3130,3130,3130
7440,7440,7440
3210,3210,3210
8830,8830,8830
6333,6333,6333
5910,5910,5910
9500,9500,9500
7735,7735,7735
6117,6117,6117
7322,7322,7322
0,0,0
5910,5910,5910
4700,4700,4700
6332,6332,6332
5910,5910,5910
6134,6138,6138
4113,4113,4113
7740,7740,7740
7210,7210,7210
6320,6320,6320
7200,6440,6440
7110,7110,7110
7120,7120,7120
7200,7200,7200
5936,5936,5936
6116,6116,6116
4240,4240,4240
6110,6110,6110
7545,7545,7545
7450,7450,7450
7403,9220,9220
8810,8810,8810
7360,7405,7405
4118,4118,4118
4114,4114,4114
9500,1130,1130
9120,9120,9120
5360,5360,5360
7110,7110,7110
5162,5162,5162
7404,7404,7404
9800,0,0
5142,5142,5142
6136,6136,6136
9316,6430,6430
6110,6110,6110
5530,5531,5530
7110,7110,7110
2200,2200,2200
6116,6116,6116
9230,2400,2400
5911,5911,5911
9800,9800,9800
7403,7830,7830
4000,4000,4000
5350,5350,5350
9130,9800,9800
6320,6320,6320
6118,6118,6118
6540,6540,6540
7360,7360,7360
8210,8210,8210
5360,5360,5360
5920,5920,5920
5520,5520,5520
1300,7740,7740
7740,7735,7735
6119,6119,6119
9600,9600,9600
3010,3010,3010
5530,5530,5530
4116,4116,4116
4020,4020,4020
4300,4300,4300
6111,6111,6111
1230,1230,1230
8220,8220,8220
5570,5570,5570
5830,5830,5830
8400,8400,8400
7740,7740,7740
7030,9300,7030
7560,7560,7560
5560,1230,1230
5210,5210,5210
6320,6320,6320
7010,6120,6120
5911,5911,5911
7501,9500,8400
7404,7404,7404
9600,9600,9600
8400,8400,8400
8221,8221,8221
2200,2200,2200
3510,3510,3510
7600,7600,7600
9210,9210,9210
2800,2800,2800
5911,5911,5911
7403,7403,7403
6120,6120,6120
5932,5932,5932
7721,7721,7721
6333,6333,6333
9600,9600,9600
5146,5146,5146
1140,9130,9130
7720,7720,7720
5920,5920,5920
6280,6270,6270
9120,3020,3020
5160,5210,5210
6136,6130,6130
7750,7750,7750
4220,4210,4210
7360,7360,7360
6320,6320,6320
3110,3110,3110
7750,7750,7750
3800,3800,3800
6333,6333,6333
5350,5350,5350
7430,7430,7430
5163,5163,5163
9210,9210,9210
4240,4240,4240
6332,6332,6332
7520,7520,7520
7736,7736,7736
0,0,0
5560,5560,5560
6119,6119,6119
7110,7110,7110
5120,5120,5120
5910,5910,5910
6400,6410,6410
6114,6114,6114
5700,5700,5700
4240,4240,4240
5600,5600,5600
6333,6430,6333
7720,7720,7720
9313,7500,7500
7321,7321,7321
7330,7330,7330
9210,5210,9400
4111,4111,4111
5700,5700,5700
6460,6460,6460
9500,9500,9500
4114,4114,4114
5520,5520,5520
5110,5150,5150
9240,5410,5410
9330,9330,9330
3500,3500,3500
3400,3400,3400
7110,7110,7110
6430,6430,6430
6421,6405,6405
4113,4113,4113
9130,9130,9130
5570,5570,5570
7710,7710,7710
7110,7110,7110
5600,5600,5360
9400,9400,9400
9300,9500,5200
2910,2910,2910
4020,4020,4020
7450,7450,7450
9800,7010,6420
9800,9800,9800
7110,7110,7110
5911,7560,7560
7350,7350,7350
4020,4020,4020
8400,8400,8400
1230,1230,1230
7600,7600,7600
5933,5933,5933
9700,9700,9700
8700,8700,8700
9330,9330,9330
6116,6116,6116
7900,7900,7900
7480,7480,7480
4110,4110,4110
4210,4210,4210
4210,4210,4210
7600,7600,7600
6530,6530,6530
7440,7440,7440
6560,9330,9330
8200,8200,8200
9315,9315,9315
4020,5560,5560
6332,6332,6332
6210,6210,6210
9400,9400,9400
7735,7735,7735
7460,7460,7460
7430,7430,7430
7550,7550,7550
4240,4240,4240
7403,7403,7403
7560,7560,7560
7740,7740,7740
3120,3120,3120
5940,5940,5940
7720,7720,7720
6560,6560,6560
4113,4113,4113
7450,7450,7450
6250,6250,6250
5120,5120,5120
5911,5911,5911
3500,9400,3500
7455,7455,7455
5200,5200,5200
7735,7735,7735
4210,4210,4210
7430,7430,7430
5700,5700,5700
5940,5940,5940
9235,7750,7750
7410,7410,7410
6530,6530,6530
7505,7505,7505
9311,5420,7560
5210,5210,5210
4210,4210,4210
5200,5200,5200
6320,6320,6320
6280,6280,6280
4700,4700,4700
3510,3510,3510
7360,7360,7360
5420,5420,5420
7420,7420,7420
9800,6450,6450
6310,6310,6310
9800,9300,5910
7736,7736,7736
9360,9360,9360
9800,9800,9800
3000,3000,3000
6110,6110,6110
5910,5910,5910
7500,7500,5700
5210,9210,9210
8400,8400,8400
7200,7200,7200
9400,9800,7200
7210,7210,7210
6320,6320,6320
4240,4240,4240
9120,9120,9120
5700,5700,5700
7010,7010,7010
7440,7440,7440
5140,5140,5140
7530,7530,7530
6550,6550,6550
1110,1140,1140
5930,7403,7403
9213,7440,7440
6332,6332,6332
6114,6114,6114
6119,6119,6119
7120,7120,7120
9230,2200,2200
7350,7350,7350
7500,7500,7500
6260,6260,6260
8730,7010,7010
1110,9600,6200
7720,7720,7720
7405,7405,7405
9312,9312,9312
9800,9100,9100
5360,5360,5360
5140,5140,5140
7730,7730,7730
5911,5911,5911
5320,5320,5320
7011,7011,7011
5143,5143,5143
5160,5160,5160
5700,5700,5700
7220,7220,7220
6333,6333,6333
7800,7800,7800
7480,7480,7480
5140,5140,5140
6110,6110,6110
6510,9315,9315
9311,9800,9800
5911,5911,5911
5142,5142,5142
5921,5921,5921
1230,1230,1230
7440,7440,7440
5600,5600,5600
7403,7403,7403
7480,7480,7480
5570,5570,5570
7402,7402,7402
5540,5540,5540
6126,6126,6126
6330,6330,6330
6131,6131,6131
4210,4210,4210
5210,5360,5360
6139,6139,6139
6333,6333,6333
4240,4240,4240
5911,5911,5911
6111,6111,6111
3800,9231,3500
9240,9240,9240
7402,7402,7402
5911,5911,5911
5911,5911,5911
2200,2200,2200
5200,5200,5200
5521,5521,5521
7403,7403,7403
5911,5911,5911
6131,6131,6131
4114,5920,6420
9240,9240,9240
8300,8300,8300
4240,4240,4240
6333,6333,6333
7740,5910,5910
4210,4210,4210
5930,5930,5930
5360,5360,5360
6114,6126,6126
6332,7010,7010
7010,6421,6421
6116,6116,6116
7740,7740,7740
9600,5531,5531
6333,6333,6333
4130,4130,4130
5340,5340,5340
7360,7360,7360
5532,5532,5530
7402,7402,7402
8400,8400,8400
5550,5550,5550
9120,6450,6450
5936,5936,5936
3400,3400,3400
5210,5210,5210
1130,1130,1130
6280,6280,6280
7440,7440,7440
6405,6405,6405
5934,5934,5934
5911,5911,5911
6110,6110,6110
6210,5230,5230
7300,7300,7300
3120,3120,3120
5540,5600,5600
6333,6333,6333
1230,1230,1230
5940,5940,5940
6300,7020,7020
7420,7420,7420
5126,5126,5126
7560,7560,7560
7403,9230,7403
8730,8730,8730
7550,7550,7550
6333,6333,6333
4110,7450,7450
5921,5921,5921
5410,5410,5410
6320,6320,6320
7403,7403,7820
3510,3510,3510
4010,4010,4010
4600,4600,4600
6119,6119,6119
5932,5932,5932
5532,5532,5532
3500,3500,3500
6132,5160,8160
9330,7200,7200
7360,7360,7360
8870,7380,8830
6130,6130,6130
5520,5520,5520
5933,5933,5933
7440,7440,7440
6420,7220,9312
7420,7420,7420
7403,7403,7403
7400,7400,7400
9600,9600,9600
6110,6110,6110
6135,6135,6135
5911,5911,5911
5910,5910,5910
5936,5936,5936
6440,6280,6280
2100,2100,2100
5570,5570,5570
6333,6333,6333
6440,6440,6440
6119,6119,6119
7740,7740,7740
7900,7900,7900
6333,6333,6333
6320,6320,6320
8830,8830,8830
7600,7600,7600
9100,9100,9100
5910,5910,5910
6110,6110,6110
8400,8400,8400
5340,5340,5340
7440,7440,7440
7110,7110,7110
6405,6310,6310
5940,5940,5940
7440,7440,7440
3110,3110,3110
5940,5940,3020
7590,7590,7590
5925,5925,5925
7820,7820,7820
6200,5230,5230
7440,7440,7440
9320,9320,9320
1140,6300,6300
8130,8130,8130
6540,9800,9100
5920,5920,5920
4111,4111,4111
7830,7830,7830
5320,5320,5320
5163,5163,5163
5830,5830,5830
7350,7350,7350
9310,9310,9310
7340,7340,7340
9320,9500,9500
5360,7200,7200
6320,6320,6320
7440,7440,7440
9400,9400,9400
9220,9220,9220
5160,5160,5160
2200,2200,2200
7440,7440,7440
5140,5140,5140
5530,5530,5530
1230,1230,1230
9230,9800,9800
5920,5920,5920
7720,7720,7720
6320,6320,6320
5140,5140,5140
7405,7405,7405
2200,2200,2200
4240,4240,4240
6320,6320,6320
7550,7550,7550
9311,9311,9311
3110,3110,3110
6320,6320,6320
6110,5160,6320
5870,5870,5870
7736,7736,7736
7360,7405,7405
6320,6320,6320
6333,6333,6333
8310,7600,7600
9130,9311,9311
4113,4113,4113
7700,7700,7520
5700,5700,5700
1140,9500,9500
7210,7210,7210
5164,5164,5164
7440,7440,7440
4111,4111,4111
5940,5940,5940
9220,9220,9220
6333,6333,6333
5570,5570,5570
7440,9130,9130
5360,5360,5360
5911,5911,5911
5911,5911,5911
7030,7030,7030
7545,7545,7545
5340,5340,5700
5120,5120,5120
7010,7010,7010
7720,7720,7720
6135,6135,6135
6120,6120,6120
9400,9400,9400
7800,7800,7800
7600,7600,7600
7405,7405,7405
7110,7110,7110
5146,5146,5146
5933,5933,5933
5171,5171,5171
5700,5320,5320
4115,4115,4115
7455,7455,7455
3500,3900,3900
6415,6415,6415
7440,7440,7440
7403,7403,7403
5570,5570,5570
1130,1140,1140
6111,6111,6111
7735,7735,7735
2700,2700,2700
9200,3120,3120
9130,9130,9130
5210,5210,5210
7020,6280,6280
9210,9210,9210
4200,4200,4200
6136,6136,6136
9500,9500,9500
5910,5910,5910
1230,1230,1230
4020,4020,4020
5360,9312,9312
9600,9600,9600
7740,7740,7740
5550,5550,5550
7420,7420,7420
7600,7600,7600
7700,7700,7700
6280,6280,6280
6131,6131,6131
3700,3700,3700
6320,6320,6320
2200,2100,2100
7721,7721,7721
7430,7430,7430
6320,6320,6320
5210,5210,5210
8730,8730,8730
5910,5910,5910
8400,8400,8400
7420,7420,7420
7403,7403,7403
5550,5550,5550
5600,5600,5600
5530,5530,9600
6332,6332,6332
5920,5920,5920
9400,9400,9400
7450,7450,7450
4240,4240,4240
9330,9330,9330
6430,6430,6430
5530,9800,5530
4114,4114,4114
6560,6560,6560
7110,7110,7110
7210,6280,6280
4113,4113,4113
5150,5150,5150
6530,6530,6530
7402,7402,7402
6114,6114,6114
3010,3010,3010
7550,7550,7550
5360,5340,5360
3510,3510,3510
7730,7730,7730
5530,6420,6420
5570,5570,5570
5820,5820,5820
5830,5830,5830
8150,8150,8150
7430,7430,7430
7600,7600,7600
6126,6126,6126
9400,9220,9400
7740,7740,7740
7120,7120,7120
7321,7321,7321
9311,9315,9315
6560,6560,6560
6405,6405,6405
7120,7120,7120
9330,9330,9330
6260,6260,6260
5230,5230,5230
4113,4113,4113
6333,6333,6333
5560,5560,5560
9100,9100,9100
7600,7600,7600
9312,9310,9310
7600,7600,7600
9240,9400,9400
9400,1130,1130
7520,7520,7520
5127,5110,6117
5910,5910,5910
4115,4115,4115
7735,7735,7735
5200,5200,5200
7402,9315,9315
9233,7500,7500
5911,5911,5911
5910,5910,5910
7430,7430,7430
7565,7565,7565
7110,7110,7110
5921,5921,5921
6136,6136,6136
5850,5850,5850
7540,5937,5937
2100,2100,2100
6333,6333,6333
4114,4114,4114
5340,5340,5340
8400,8400,8400
7500,8500,8500
1130,1130,1130
5910,5910,5910
6332,6332,6332
5910,5910,5910
5540,5540,5540
5935,5935,5935
6333,6333,6333
6131,6131,6131
5340,5340,5340
6116,6116,6116
5940,5940,5940
5910,5910,5910
6333,6333,6333
7736,7736,7736
5420,5420,5420
7360,7360,7360
7550,7550,7550
7420,7420,7420
5932,5932,5932
7710,7710,7710
5932,5932,5932
5532,5532,5532
8810,8800,8810
6333,6310,6260
5940,5940,5940
3100,3100,3100
9130,9130,9130
7470,7470,7470
7360,7360,7360
7321,7321,7321
2500,4210,4210
6421,0,0
5700,6320,6320
8110,8110,8110
4020,4020,4020
5940,5940,5940
9312,9312,9312
4240,4240,4240
5150,5150,5150
9130,9130,9130
6114,6114,6114
4117,4117,4117
5142,5142,5142
6111,6111,6111
5520,9800,9315
6440,6440,6440
7820,7820,7820
6110,6116,6116
5430,5910,5910
5937,5937,5937
7500,9330,7500
7340,9500,9500
9240,9240,9240
7455,7455,7455
7780,7780,7780
6310,6310,6310
7450,7450,7450
5121,5141,5121
6114,6114,6114
7565,7565,7565
6530,6530,6530
9320,9320,9320
7600,7600,7600
7360,7360,7360
6333,6333,6333
2800,6250,2800
6333,6333,6333
5510,5510,5510
9311,9311,9311
9510,9500,9500
7403,7820,7820
6114,6114,6114
5122,5122,5122
6270,6270,6270
8400,8400,8400
9800,9800,9800
7560,7560,7560
7120,7120,7120
9320,9320,9320
5840,5840,5840
3900,3900,3900
5910,5910,5910
5600,5600,5600
3800,3500,3500
2100,2100,2100
5910,5910,5910
5171,5171,5171
6320,6320,6320
5124,5124,5124
5310,5310,5310
9600,9600,9600
5171,5171,5171
5360,5360,5360
5940,5940,5940
4111,4111,4111
7450,7450,7450
5940,5940,5940
3110,3110,3110
9400,9400,9400
7410,7430,7430
4113,4113,4113
3500,3500,3500
7736,7736,7736
7403,7403,7403
5530,5530,5530
7450,7450,7450
7360,7360,7360
7403,7403,7403
5840,5840,5840
5932,5930,5932
5921,5921,5921
7560,7560,7560
7550,7550,7550
7200,7200,7200
5360,5360,5360
3510,3510,3510
7550,7550,7550
6440,6440,6110
8400,8400,8400
7550,7550,7550
4111,4111,4111
7430,7430,7430
5142,5142,5142
6135,6135,6135
7440,7440,7440
3400,3400,3400
7402,7402,7402
7790,7790,7790
7403,7403,7403
9500,9500,9500
7735,7735,7735
7420,7420,7420
6110,6110,6110
6333,6333,6333
7420,7420,7420
5340,5340,5340
9230,1130,8330
6333,6333,6333
7450,4113,4113
7740,7740,7740
5920,5920,5920
5330,7735,7735
7010,7010,7010
8400,8400,8400
6119,6119,6119
5340,5340,5340
6110,6110,6110
7200,7200,7200
7011,7011,7011
5560,5560,5560
2200,2200,2200
7020,6430,6430
7500,5360,9320
5933,5933,5933
8400,8400,8400
3400,3400,3400
6117,6117,6117
5940,5940,5940
4400,4400,4400
2400,2400,2400
8730,8730,8730
7402,7402,7402
5520,5520,5520
6460,5570,5570
6405,6405,6405
6117,6117,6117
6560,6560,6560
6110,6110,6110
5360,5360,5360
5240,5240,5240
3120,3120,3120
7430,7430,7430
7420,7420,7420
9240,9240,9240
9320,9700,9700
6111,8820,8820
5933,5933,5933
6405,6405,6405
5911,5911,5911
5940,5940,5940
7200,9600,9600
6117,6117,6117
5171,5171,5171
9130,9130,9130
7720,7720,7720
5830,5830,5830
7840,2200,2200
6320,6320,6320
9400,6421,6333
7010,7010,7010
8160,8160,8160
6250,5410,5410
7595,8400,8400
2200,2200,2200
5911,5911,5911
7530,7530,7530
6320,6320,6320
5920,5920,5920
5510,9400,9400
9500,6117,6117
3510,3510,3510
7450,7450,7450
5911,5910,3400
5925,5925,5925
9312,9600,9600
4150,4150,4150
7735,7735,7735
4130,4130,4130
7740,7740,7740
5172,5172,5172
6320,6320,6320
4210,4210,4210
6126,6280,6280
6330,7010,7010
7730,7730,7730
7420,7420,7420
7480,7480,7480
7550,7550,7550
7430,7430,7430
5120,5120,5120
7550,7550,7550
4116,4116,4116
7730,7730,7730
7567,7565,7565
6320,6320,6320
7735,7735,7735
7402,7402,7402
7500,7500,7500
7450,7450,7450
7430,7430,7430
6333,7200,7200
7530,7505,7505
5220,5220,5220
7900,7900,7900
5940,5940,5940
4020,4020,4020
4210,4210,4210
5940,5940,5940
9230,6280,6280
7010,7010,7010
7800,7800,7800
6110,6110,6110
6116,6116,6116
7790,7790,7790
6400,6400,6400
5160,5160,5160
5911,5911,5911
5530,5530,5530
6430,5540,5540
3210,3210,3210
7020,7020,7020
5143,5143,5143
8130,8130,8130
5172,5172,5172
8160,8160,8160
7430,7430,7430
6134,6134,6134
7200,7200,5940
9130,9130,9130
7410,7410,7410
4113,4113,4113
5530,5530,5530
5925,5925,5925
6420,6420,6333
6134,6134,6134
7760,7760,7760
4113,4113,4113
6415,6415,6415
9400,9240,9240
5920,5920,5920
4111,4111,4111
6127,4700,6111
9400,9400,9400
7402,7402,7402
4115,4115,4115
7402,7402,7402
2300,2300,2300
3100,3100,3100
6530,6430,6430
6126,6126,6126
7380,7380,7380
5940,5940,5940
7402,9800,9800
9210,9210,9210
5410,5410,5410
7100,7100,7100
4020,4020,4020
6333,6333,6333
2100,2100,2100
6120,6120,6120
5930,5930,5930
6110,7010,7010
7600,7600,7600
7520,7550,7550
7540,7540,7540
4020,4020,4020
6333,6332,6332
6333,6333,6333
7440,7440,7440
5570,5570,5570
7380,7380,7380
7600,4110,4110
6117,6117,6117
9315,9315,9315
4240,4240,4240
5940,5940,5940
5936,5936,5936
6110,6110,6110
7360,7360,7360
3210,4210,3700
5160,6121,5150
7402,7402,7402
4116,4116,4116
7450,7450,7450
6116,6116,6116
8300,8300,8300
7440,7440,7440
4010,4010,4010
7550,7550,7550
7565,7565,7565
6200,6200,6200
5560,5560,5560
9330,9330,9330
6320,6320,6320
7450,7450,7450
6117,6117,6117
6320,6270,6405
4111,4111,4111
6134,6430,6430
9220,9220,9220
7310,7310,7310
7110,7110,7110
6110,6110,6110
6136,6136,6136
7450,7450,7450
9314,9314,9314
5933,5932,5932
5510,5410,5410
5240,5240,5240
5700,5700,5700
6405,6405,6405
5520,2200,5521
7740,7740,7740
6320,6320,6320
7550,7550,7550
6333,6333,6333
7403,7403,7403
5911,5911,5911
8400,8400,8400
4210,4210,4210
5911,5911,5911
7403,7403,7403
4210,4210,4210
7455,7455,7455
6320,6320,6320
3110,3110,3110
7480,7480,7480
8400,8400,8400
5510,5510,5510
5200,5200,5200
9800,9800,9800
5230,5230,5230
6136,6136,6136
7740,7740,7740
8140,8130,8130
7430,7430,7430
9240,9330,9330
5521,5521,5521
7720,7720,7720
9600,9600,9600
7401,7401,7401
5910,5910,5910
5932,5932,5932
4210,4210,4210
6320,6320,6270
9240,5167,5167
7410,7410,7410
9312,9700,9700
2200,2200,2200
7011,7010,7010
7710,7810,7810
7590,9400,9400
5210,5210,5210
8830,7321,8830
9800,9800,9800
9130,9130,9130
7560,7560,7560
7220,7500,7500
7430,7430,7430
7440,7440,7440
4110,4111,4111
7595,7595,7595
7735,7735,7735
4020,4020,4020
5911,5911,5911
6200,6210,6210
6405,6405,6405
7403,7403,7403
7440,7440,7440
7403,7403,7403
6135,6135,6135
5360,5360,5360
5911,5911,5911
7360,7360,7360
9210,9210,9210
8730,8730,8730
2200,2200,2200
2600,2600,2600
5500,5500,5500
7450,7450,7450
7430,7450,7450
4240,4240,4240
7470,7470,7470
7420,7420,7420
5910,5910,5910
4300,4300,4300
5925,5925,5925
9320,9240,9240
9213,9400,9400
7020,9130,4210
7402,7402,7402
6116,6116,6116
7740,5911,5911
6420,6420,6420
7110,7120,7120
6110,6110,6110
7011,7011,7011
7560,7560,7560
6117,6117,6117
4116,4116,4116
6332,6332,6332
7900,4240,7900
5870,5870,5870
6115,7011,7011
9240,9240,6510
5520,5520,5520
7110,7110,7110
7110,7110,7110
7736,7736,7736
7750,7750,7750
5830,5830,5830
5210,5210,5210
7405,7405,7405
5210,5210,5210
5533,5533,5533
7505,3130,3130
8850,8850,8850
9400,9400,9400
6110,6110,6110
9311,9311,9311
6116,6116,6116
6333,6333,6333
5910,5430,5430
7110,7110,7110
7600,7600,7600
5910,9200,9200
5870,5870,5870
5820,9315,9315
3110,3110,3110
7403,7403,7403
4200,4200,4200
5430,5430,5430
5936,5936,5936
4111,4111,4111
5938,5938,5938
6320,6320,6320
6332,6332,6332
7430,7430,7430
4113,4113,4113
4240,4200,4200
7750,7750,7750
6136,6136,6136
6440,6440,6440
4020,4020,4020
5936,5936,5936
5920,5920,5920
5410,5410,5410
7430,7430,7430
4700,4700,4700
4114,4114,4114
7740,7560,7560
7450,7450,7450
7440,7440,7440
7440,7440,7440
7010,7010,7010
7850,7850,7850
3110,3110,3110
5521,5521,5521
6420,9315,9800
7405,7405,7405
5166,6130,6130
5120,5120,5120
7455,7455,7455
6440,6440,6440
5560,5560,5560
7510,7510,7510
6116,5200,6126
5937,5937,5937
9400,9400,9400
7410,7410,7410
3400,3400,3400
7404,7404,7404
7440,7440,7440
7565,7565,7565
7750,7750,7750
6135,6135,6135
5938,4115,4115
6112,6112,6112
9800,6420,6420
7321,7321,7321
5540,5540,5540
2200,2200,2200
9300,9300,9300
7120,7120,7120
5210,5210,5210
9120,9600,6420
6440,6333,6333
7350,7350,7350
7770,7770,7770
4114,4114,4114
5240,5240,5240
6135,6135,6135
6210,6210,6210
7321,7321,7321
5920,5920,5920
5162,5162,5162
7720,7720,7720
6415,6415,6415
7430,7430,7430
1230,9400,9400
2800,2800,2800
4117,4117,4117
7735,7735,7735
9330,9400,9400
6111,6111,6111
4113,4113,4113
5240,5240,5240
9312,9312,9312
6116,6116,6116
5200,5200,5200
7020,7020,7020
9312,8400,7710
5200,5200,5200
6133,6132,6332
5143,5143,5143
5533,5533,5533
9220,9220,9220
6117,6117,6117
6333,6333,6333
3500,3500,3500
5936,5936,5936
6280,6280,6280
5320,5320,5320
7450,7450,7450
7565,7565,7565
3500,3500,3500
6320,6320,6320
7120,7120,7120
8160,8160,8160
7360,7360,7360
5560,5560,5560
9200,9400,9400
5172,5172,5172
7360,7360,7360
7440,7440,7440
4113,4113,4113
4111,4111,4111
7770,7770,7770
3210,3210,3210
9500,9500,9500
6333,6333,6333
6000,6000,6000
5350,5350,5350
7565,7565,7565
7570,7570,7570
4220,4220,4220
4250,4250,4250
5936,5936,5936
5936,5936,5936
8820,7210,7210
7410,7410,7410
8400,8400,8400
5911,5911,5911
6131,6131,6131
7730,7730,7730
5921,5921,5921
7340,7340,7340
7500,7500,7500
5930,5930,5930
4112,4112,4112
5940,5360,5360
6320,5700,5700
4210,4210,4210
7410,7410,7410
5120,9220,9220
5560,5560,5560
6110,7011,7011
5360,5360,5360
7730,7730,7730
7600,7600,7600
6260,6250,6250
7200,7200,7200
7440,7440,7440
3510,3510,3510
5930,5930,5930
7360,7360,7360
5937,7510,7510
3110,3110,3110
4130,4130,4130
5921,5921,5921
7405,7405,7405
7110,7110,7110
7200,9600,7200
5143,5143,5143
6420,7200,7200
5340,5340,5340
4111,4111,4111
5920,5920,5920
7450,7450,7450
7350,7350,7350
7440,7440,7440
7735,7735,7735
7820,7820,7820
8150,8150,8150
7402,7402,7402
6333,6333,6333
7430,7430,7430
5921,5921,5921
7110,7110,7110
4113,4113,4113
9510,9800,9800
6118,6118,6118
2600,2600,2600
7550,7550,7550
9311,9800,9800
7120,7120,7120
7210,7210,7210
6120,6120,6120
7404,7404,7404
9400,9400,9400
7110,7110,7110
7430,7450,7450
6117,6117,6117
9330,9330,9330
5550,5550,5550
5174,5170,5170
3110,3110,3110
7560,7560,7560
8220,8220,8220
7750,7750,7750
5210,5210,5210
3500,3500,3500
7360,7360,7360
6332,6421,6421
7560,6420,7600
7770,7770,7770
5400,6332,6230
5521,9235,5210
7110,7110,7110
5200,5932,5210
5340,4020,5420
5570,5570,5570
9800,5420,5420
6280,6280,6280
8400,0,0
7110,7110,7110
7550,9311,9311
6200,5520,5520
5920,5920,5920
4111,4111,4111
7360,7360,7360
6440,6440,6440
7010,7010,7010
7420,7420,7420
6530,6530,6530
5410,5410,5410
7565,7565,7565
4700,4700,4700
7455,7455,7455
7405,7405,7405
7030,7030,7030
9311,9316,9316
5920,5920,5920
6333,6333,6333
7600,7600,7600
7405,7405,7405
3120,7480,7480
6320,6320,6320
7740,7740,7740
9500,9500,9500
3500,3500,3500
6460,6460,6460
5521,5521,5521
9312,9312,9312
5910,5910,5910
7720,4600,4600
3010,3010,3010
5530,5530,5530
5932,5933,5933
8700,8700,8700
5910,5910,5910
7550,7550,7550
4111,4150,4150
5130,5130,5130
5910,5910,5910
6550,6550,6550
9240,6510,6510
7790,7790,7790
4210,4210,4210
5210,9400,5210
6560,6560,6560
5934,5932,5932
3120,3120,3120
8730,8730,8730
4114,4114,4114
9316,9240,9240
5938,5938,5938
7430,7430,7430
5142,5142,5142
6320,6320,6320
1130,1130,1130
9400,9400,9400
7520,7520,7520
5360,5360,5360
7210,7210,7210
8220,8220,8220
7450,7450,7450
9400,9400,9400
6333,6333,6333
7120,7120,7120
5920,5920,5920
7440,7440,7440
6126,6126,6126
3210,3210,3210
2200,2200,2200
9500,9500,9500
7600,7600,7600
5530,5530,5530
7510,9800,9800
7402,7402,7402
2600,2600,2600
6280,6280,6280
2600,9233,9233
0,0,0
5920,5920,5920
7600,7600,7600
3200,3200,3200
6333,6333,6333
5933,5933,5933
6333,6333,6333
5350,5350,5350
6333,6333,6333
5910,5910,5910
7405,7405,7405
5700,5700,5700
6333,6333,6333
8730,8730,8730
6430,6430,6430
5910,5910,5910
5410,5410,5410
9510,9510,9510
5911,5911,5911
9315,9315,9315
7405,7405,7405
7800,7800,7800
7720,7720,7720
5920,5920,5920
6430,6430,6430
7360,7360,7360
9400,9400,9400
5530,5530,5530
6333,6333,6333
6200,6520,6520
6126,6126,6126
5420,6520,6520
7800,7800,7800
9312,9312,9312
5360,5360,5360
8400,8400,8400
6114,6114,6114
6460,6460,6460
9500,8850,8850
2200,2200,2200
5700,5700,5700
3500,3500,3500
5340,5340,5340
7550,7550,7550
8110,8110,8110
3100,3100,3100
6460,9800,9800
9600,9600,9600
4210,4210,4210
6117,6117,6117
1140,5000,5000
9100,9100,9100
6120,6120,6120
5430,5430,5430
5532,5532,5532
4240,4020,4020
4114,4020,4020
1230,9100,9100
6116,6116,6116
2200,2200,2200
6333,6333,6333
5911,5911,5911
5120,5120,5120
5860,7500,7500
2600,2600,2600
4114,4114,4114
7505,7402,7402
5940,5940,5940
7520,7520,7520
5330,5330,5330
6117,6117,6117
6110,6110,6110
2300,2300,2300
6116,6116,6116
5167,5400,5400
7450,7450,7450
3510,3510,3510
6332,6332,6332
4240,4240,4240
7110,7120,7120
8400,8400,8400
6250,9400,9400
5911,5911,5911
6119,6119,6119
9312,9310,9310
9600,9600,9600
9500,9500,9500
4111,4111,4111
5200,5200,5200
2100,2100,2100
7750,9230,9230
5230,5230,5230
5911,5911,5911
6333,9800,9800
7010,5911,7010
5700,5200,5200
5930,5930,5932
6110,6110,6110
8130,8130,8130
6114,6114,6114
8400,8400,8400
6134,6134,6134
7480,7480,7480
6270,6270,6270
6460,9315,9315
6333,6333,6333
7545,7545,7545
7440,7440,7440
9600,9600,9600
6333,6333,6333
7600,7600,7600
6420,9120,9120
6139,6139,6139
6280,6280,6280
8330,8330,8330
6250,9600,9600
7010,6332,6332
4210,4210,4210
5140,5140,5140
6332,6332,6332
5350,5933,5933
7440,7440,7440
7740,7740,7740
5700,5700,5700
3400,3400,3400
7730,7730,7730
6118,6118,6118
6320,6320,6320
6333,6333,6333
7600,7600,7600
4200,4200,9800
6430,6430,6430
5910,5910,5910
9210,9210,9210
5310,5310,5310
5560,5560,5560
3130,9311,3010
9100,9100,9100
5210,5210,5210
7011,7011,7011
9314,6430,6430
7740,7740,7740
5200,5200,5200
7440,7440,7440
7720,7720,7720
9300,1130,1130
7440,7440,7440
8500,8500,8500
7720,7720,7720
5170,5170,5170
4210,4210,4210
6134,6137,6137
5921,5921,5921
9210,9210,9210
5120,5120,5120
5142,5142,5142
5200,5200,5200
5925,5925,5925
7565,7565,7565
5530,5530,5530
3500,3500,3500
9400,9400,9400
3510,3510,3510
9800,9315,9315
5210,5210,5210
8400,8400,8400
7360,9330,9330
7750,7750,7750
7600,7600,7600
6540,6540,6540
4113,4113,4113
7220,7220,7220
6310,6310,6310
7430,7430,7430
6333,6333,6333
7440,7440,7440
6116,6116,6116
7500,7500,7500
2200,2200,2200
6136,6136,6136
6333,6333,6333
7735,7735,7735
4400,4400,4400
7800,7800,7800
6114,6114,6114
3110,3100,3100
6430,6430,6430
7720,7720,7720
7620,7620,7620
7440,7440,7440
6118,6118,6118
6116,6116,6116
5930,5930,5930
7750,7750,7750
9230,9311,9311
5920,5920,5920
9120,7200,7200
7420,7420,7420
2200,2200,2200
5910,5910,5910
6110,6110,6110
5600,5600,5600
2800,2800,2800
9500,5500,5500
7450,7450,7450
7110,7110,7110
4111,4020,4020
5933,5933,5933
7730,7730,7730
9315,7402,7402
6119,6119,6119
7560,7560,7560
7770,7770,7770
6333,6333,6333
9600,9600,9600
8400,8400,8400
7404,7404,7404
9350,9350,7740
5532,5532,5532
9240,9240,9240
9500,9500,9500
9220,9220,9220
5530,5530,5530
7736,7736,7736
5420,5420,5420
6333,6333,6333
9235,9235,9235
6310,6332,9240
7402,7402,7402
7800,7800,7800
9400,9400,9400
7430,7440,7440
5911,5911,5911
9400,9400,9400
9600,9600,9600
5937,5937,5937
4020,4020,4020
6116,6116,6116
3110,3110,3110
5940,5940,5940
5910,5910,5910
4117,4117,4117
7500,7500,7500
9240,9240,9240
8150,8150,8150
5820,9800,9800
5550,5550,5550
9400,9400,9400
2600,2600,2600
7480,7480,7480
6121,6121,6121
5911,5911,5911
7600,7600,7600
7560,9800,9800
5911,5911,5911
7403,7403,7403
7500,7500,7500
5330,5330,5330
7404,7404,7404
6420,6420,6420
7570,7570,7570
2200,2200,2200
7610,7610,7610
4115,4115,4115
7405,7405,7405
5910,5910,5910
5210,5210,5210
5160,5160,5160
6540,6540,6540
7360,7360,7360
7430,7430,7430
3110,3110,3110
9400,9400,9400
7500,7500,7500
7500,7500,7500
7500,7500,7500
7403,7403,7403
7430,7430,7430
6260,9800,9800
2700,2700,2700
9800,9800,9800
6270,6430,6560
4111,4111,4111
5600,5600,5600
0,0,0
4115,4115,4115
7546,7546,7546
5142,5142,5142
7450,7450,7450
5910,5440,5440
3700,5700,5700
6126,6126,6126
4320,7220,7220
9230,9240,9240
9120,9800,9800
7010,6332,6332
7455,7455,7455
6330,6421,6421
9110,9110,9110
6415,6415,6415
6333,6333,6333
9311,7810,1100
7440,7440,7440
9800,9800,9800
5340,5340,5340
3020,3020,3020
5340,5340,5340
5936,5936,5936
7360,7360,7360
9314,5520,5520
6110,6110,6110
8600,3400,9231
7560,7560,7560
7505,7402,7402
7360,7360,7360
3500,3500,3500
5350,5350,5350
9360,9360,9360
4114,4114,4114
6310,6310,6310
1140,9600,9600
5870,5870,5870
5910,5910,5910
5570,6430,5570
5934,5934,5934
6333,6333,6333
6250,6260,6260
5560,5560,5560
5210,5210,5210
5600,5600,5600
5910,5910,5910
6420,6332,6250
7110,7110,7110
5840,5840,5840
7210,7210,7210
4113,4113,4113
5700,5700,5700
5940,5940,5940
9310,1120,9330
6280,6280,6280
8150,8150,8150
7740,7740,7740
7120,7120,7120
5932,5932,5550
7720,7410,7410
3210,3200,3200
6333,6333,6333
9314,5410,9311
7450,7450,7450
5920,5920,5920
5520,5500,5500
5910,5910,5910
6333,6333,6333
6114,6114,6114
3500,3500,3500
7402,7402,7402
7420,7420,7420
5520,5520,5520
8150,8150,8150
2100,2100,2100
5210,8210,8210
7110,7110,7110
7200,9220,5210
5130,5130,5130
9230,9230,9230
6320,6320,6320
6333,6333,6333
4240,4240,4240
7340,5521,5521
4000,4000,4000
6415,6415,6415
4113,4113,4113
4240,4240,4240
4220,4220,4220
5700,5700,5700
5210,5210,5210
5870,5870,5870
6112,6112,6112
5933,8840,8840
5936,5936,5936
6110,6110,6110
1120,9700,9700
7011,7011,7011
9700,9700,9700
7110,7110,7110
4118,4118,4118
5933,5933,5933
5533,5533,5533
7010,7010,7010
5910,5910,5910
6333,6333,6333
9120,9800,9800
7100,7100,7100
4114,4114,4114
3510,3510,3510
8700,8700,8700
5532,5532,5532
7440,7440,7440
6121,6121,6121
8310,8310,8310
5921,5921,5921
3010,3010,3010
5910,5910,5910
6280,6280,6280
3210,3210,3210
1230,1230,1230
8330,7600,7600
5800,5800,5800
6114,6114,6114
6116,6116,6116
5120,5120,5120
5700,5700,5700
0,0,0
7440,9400,8820
5320,5320,5320
6114,6114,6114
5921,5921,5921
5210,5210,5210
5200,5200,5200
5932,5932,5932
5340,5340,5340
5174,5174,5174
7120,7120,7120
6333,6333,6333
5550,9800,6320
6320,6320,6320
2200,2200,2200
5911,5911,5911
7440,7440,7440
7740,7740,7740
8820,9240,9240
7110,7110,7110
3020,3020,3020
7550,7550,7550
5146,5146,5146
7120,7120,7120
5200,5200,5200
6110,6110,6110
5520,5520,5520
4111,4111,4111
7735,7735,7735
4116,4116,4116
5925,5925,5925
6114,6114,6114
5920,5920,5920
7440,7440,7440
6127,6114,6114
5911,5911,5911
5350,5350,5350
7440,7440,7440
7735,7735,7735
5310,5310,5310
4113,4113,4113
7420,7420,7420
5360,5360,5360
6333,6333,6333
6116,6116,6116
6111,6111,6111
5210,5210,5210
5936,5936,5936
7810,7810,7810
7720,7720,7720
6415,6415,6415
5911,5911,5911
5911,5911,5911
7340,7340,7340
6450,6450,6450
7405,7405,7405
7402,5930,9330
9600,9400,9400
4020,6510,6510
6250,7200,7200
5350,5350,5350
4240,4210,4210
5210,9210,5210
4240,4240,4240
7735,7735,7735
5830,5830,5830
7600,7600,7600
6540,6280,6280
7402,7402,7402
9510,9510,9510
9320,6430,6430
5530,5530,5530
9500,9500,9500
7735,7735,7735
5700,5700,5700
5560,5560,5560
3130,3130,3130
7402,7402,7402
9240,9240,9240
4240,4240,4240
5911,5911,5911
5340,5340,5340
9500,9500,9500
7740,7740,7740
5940,5940,5940
5937,5937,5937
6112,6112,6112
5560,5560,5560
5410,5410,5410
2700,2700,2700
9120,9120,9120
6280,6280,6280
6560,6560,6560
6320,6320,6320
8850,8850,8850
6121,6121,6121
4130,4130,4130
5920,5920,5920
7720,9320,9320
7351,7351,7351
5920,5920,5920
7500,7500,7500
6120,6120,6120
5936,5936,5936
5920,5920,5920
8160,8160,8160
9315,9315,9315
9350,9350,9350
7720,7720,7720
4000,4200,4200
7450,7450,7450
7010,6510,6510
7403,7403,7403
5940,9315,9315
7530,7530,7530
5142,5142,5142
4020,4115,4115
7321,7321,7321
5550,9800,9800
7210,7210,7210
7380,7380,7380
5700,5700,5700
5933,5933,5933
5937,5937,5937
7750,7750,7750
5936,5936,5936
6332,6332,6332
7200,5360,7210
4120,4120,4120
7520,7520,7520
7720,7720,7720
9500,9500,9500
6280,6280,6280
7740,7740,7740
7740,7740,7740
6333,6333,6333
7430,7430,7430
8221,8221,8221
6333,6333,6333
5210,9231,9231
6440,6440,6440
6117,6110,6110
5910,5910,5910
4115,4115,4115
7403,7403,7403
7310,6410,6410
5911,5911,5911
5920,5920,5920
7350,7350,7350
9400,9400,9400
7720,7720,7720
7210,7210,7210
3110,3110,3110
9240,1130,1130
7820,7820,7820
4113,4113,4113
6420,7430,7430
5910,5910,5910
7010,7010,7010
5910,5910,5910
6332,6332,6332
5920,5920,5920
5936,5936,5936
5911,5911,5911
7800,7800,7800
6135,6135,6135
3210,3210,3210
1000,7410,7410
5560,5560,5560
6332,6332,6332
7200,7200,7200
7440,7440,7440
7830,7500,7500
7390,7390,7390
7450,7450,7450
4114,4114,4114
7440,7440,7440
5210,5210,5210
9600,9600,9600
6210,6210,6210
7760,7500,7500
6126,6126,6126
6280,6280,6280
5210,5210,5210
7410,7410,7410
7540,4100,4010
5911,5911,5911
7440,7440,7440
5910,5910,5910
6320,6320,6320
5910,5910,5910
5940,5940,5940
5520,5520,5520
5830,5830,5830
6421,6332,6421
7321,9330,9330
7440,7440,7440
5560,5560,5560
7545,7545,7545
5171,5171,5171
5911,5911,5911
7730,7730,7730
7405,7405,7405
6440,6440,6440
3300,7450,3300
5350,5350,5350
5340,5340,5340
6333,6333,6333
8730,8730,6310
3400,3400,3400
7740,7740,7740
7565,7565,7565
6333,6333,6333
9600,9211,9211
5911,5911,5911
6430,5570,7300
5936,5936,5936
3110,3110,3110
7780,7780,7780
7440,7440,7440
7440,7440,7440
2700,2700,2700
6117,6117,6117
7735,7735,7735
4210,4210,4210
7620,9315,9315
2100,2100,2100
7730,7730,7730
5921,5921,5921
4116,4116,4116
7550,7550,7550
5540,5540,5540
8221,7020,7020
6121,6121,6121
5140,5140,5140
9400,9400,9400
7480,7480,7480
4210,4210,4210
4020,4020,4020
5521,5521,5521
5934,5934,5934
6270,6270,6270
6280,6280,6280
7565,7565,7565
1230,1230,1230
5521,5521,5521
6320,6320,6320
5520,5520,5520
5700,5700,5700
5936,5936,5936
7011,7011,7011
7550,7550,7550
4115,4115,4115
9800,7730,7730
7730,7730,7730
9315,9315,9315
7011,7011,7011
5350,5350,5350
9800,5910,6550
5930,5930,5930
4210,4210,4210
7404,7404,7404
5220,5510,5510
6530,6530,6530
5350,5350,5350
4113,4113,4113
5560,5560,5560
5230,5520,5520
8150,8150,8150
7450,4113,4113
5700,5700,5210
4020,4020,4020
6400,6400,6400
6136,6136,6136
9800,9800,9800
7110,7110,7110
4113,4113,4113
4200,4200,4200
5920,5920,5920
6430,6430,6430
7550,7550,7550
8400,8400,8400
7403,7403,7403
5932,5933,5933
9312,9800,9800
7012,7012,7012
9240,9311,9240
7620,7620,7620
6120,6120,6120
7440,7440,7440
7810,7810,7810
4010,4113,4113
5200,5200,5200
5910,5910,5910
7300,7300,7300
4112,4112,4112
3510,3510,3510
7530,7530,7530
5930,5930,5930
6280,6280,6280
7810,7810,7810
7740,7740,7740
9600,9800,9800
5164,5164,5164
7410,7410,7410
4115,4115,4115
5310,5310,5310
9316,7360,7360
5700,5700,5410
6117,6117,6117
7800,7800,7800
6333,6333,6333
6210,6210,6210
7440,7440,7440
6332,6332,6332
7321,7321,7321
8730,8730,8730
9312,5700,5700
5940,5940,5940
9130,9130,9130
9600,9600,9600
4010,4010,4010
7550,7550,7550
5910,5911,5911
1230,1130,5910
4116,4116,4116
6332,6280,6280
5560,5560,5560
6118,6118,6118
5560,5560,5560
6333,6333,6333
6280,6280,6280
5360,5360,5360
7405,7405,7405
5860,5860,5860
6250,6320,6250
5940,7736,7736
7405,7405,7405
7740,7740,7740
7800,7800,7800
7321,7321,7321
4113,1230,4113
5360,5360,5360
6310,6310,6310
9130,9130,9130
6333,6333,6333
5130,5130,5130
5360,5360,5360
9314,9314,9800
4240,4240,4240
7830,7830,7830
4111,4111,4111
9230,9311,9311
5920,5920,5920
7545,7402,7820
5911,5911,5911
8330,8330,8330
3340,9240,9240
7750,7750,7750
7545,7545,7545
5940,5940,5940
1140,1140,1140
5911,5911,5911
6333,9315,6333
5920,5920,5920
7736,7736,7736
7323,7323,7323
6333,6333,6333
7430,7430,7430
6332,6332,6332
5360,5360,5360
5700,5700,5700
5936,5936,5936
6114,6114,6114
4210,4210,4210
5937,5937,5937
6270,6270,6270
7360,7360,7360
6126,6126,6126
7790,7790,7790
5700,5700,5700
5932,5932,5932
6332,6332,6332
5520,5520,5520
7310,9600,7310
7550,7550,9210
9600,9600,9600
7735,7735,7735
4114,4114,4114
6130,6130,6130
6310,9240,9240
9500,9500,9500
9240,9220,9220
6135,6135,6135
9230,5910,5910
3500,3500,3500
2100,2100,2100
3120,3120,3120
8500,8500,8500
4600,4600,4600
7410,7410,7410
6110,6110,6110
7520,7520,7520
2100,2100,2100
7545,7545,7545
5126,5126,5126
6114,6114,6114
5911,5911,5911
9330,5938,5938
7550,7550,7550
2700,2700,2700
7565,7565,7565
5910,5910,5910
4020,4020,4020
5171,5171,5171
6116,5120,5120
7560,7560,7560
7600,7600,7600
8330,8330,8330
7310,8860,8860
7810,7810,7810
5940,5940,5940
5940,5940,5940
7520,7520,7520
9510,9700,9700
4210,4210,4210
6320,6280,6280
6540,6540,6540
3510,3510,3510
7403,7403,7403
9311,9230,9230
6530,6530,6530
7470,7470,7470
5600,5600,5600
9230,5930,5930
6134,6134,6134
7735,7735,7735
5570,5570,5570
5937,5937,5937
9600,9600,9600
7110,7110,7110
9510,9510,9510
3010,3010,3010
1230,1230,1230
8160,8160,8160
5163,5163,5163
8140,8140,8140
5210,9230,9240
7501,9400,9400
7340,7340,7340
9220,9220,9220
4210,4210,4210
9315,5520,9315
9400,9400,9400
7800,7800,7800
5142,5142,5142
1140,9400,9400
5440,5440,5440
2200,2200,2200
4210,4210,4210
5911,5911,5911
3010,3010,3010
6332,6332,6332
6139,6139,6139
7360,7360,7360
4240,4240,4240
7100,7321,7321
4111,4111,4111
9800,7300,7300
3500,3500,3500
7770,7770,7770
3510,3510,3510
3510,3510,3510
4114,4114,4114
8140,8140,8140
7440,7440,7440
5911,5911,5911
6332,6332,6332
8840,6420,6450
5936,5936,5936
7820,7820,7820
9800,9800,9800
5911,5911,5911
6110,6110,6110
8860,8860,8860
7736,7736,7736
4111,4111,4111
6460,9600,9600
7440,7440,7440
5700,5700,5700
5410,5410,5410
3400,3400,3400
5910,5910,5910
1140,9600,9600
6540,5520,9800
5700,5700,5700
5911,5911,5911
9240,9240,9240
7505,7505,7505
5520,5520,5520
7360,7360,7360
7404,7404,7404
5540,5520,7600
7321,7321,7321
6450,6430,6430
5930,5932,5932
4111,4111,4111
3110,3110,3110
2600,2600,2600
3400,3400,3400
3510,3510,3510
5911,5911,5911
7810,7810,7810
7735,7735,7735
6421,6110,6110
5910,5910,5910
9314,7403,7500
4111,4111,4111
4700,4700,4700
2200,2200,2200
5521,5521,5521
8500,8500,8500
4010,5170,5170
5300,4116,4116
7440,7440,7440
5230,5230,5230
4020,4020,4020
9311,9315,9315
7360,7360,7360
2200,2200,2200
7403,7403,7403
7730,7730,7730
7565,7565,7565
4010,4111,4111
9400,9240,9240
6118,6118,6118
5210,5210,5210
8840,5910,5910
4200,4200,4200
9110,6137,5120
5700,5700,5700
9231,9231,9231
7440,7440,7440
7740,7740,7740
3110,3110,3110
7540,7540,7540
7400,7400,7400
7721,7721,7721
6400,6400,6400
2200,2200,2200
3130,3130,3130
5936,5936,5936
9800,9800,9800
6530,6530,6530
7402,7402,7402
6260,6260,6260
7720,7720,7720
6460,6450,6333
9400,9400,9400
3100,3100,3100
4010,4240,4240
6550,6430,6430
7350,7350,7350
6440,6440,6440
2300,9120,9120
9400,5932,5932
8160,8160,8160
7530,7530,7530
4111,4111,4111
7340,7340,7340
6135,6135,6135
5410,5200,5200
7740,7740,7740
9800,9220,9220
5420,9800,9800
6134,6134,6134
6112,6112,6112
7440,7440,7440
4900,5340,5340
3110,3110,3110
5700,5700,5700
8500,8500,8500
7550,7430,7430
9235,9235,9235
7420,7420,7420
7545,7545,7545
6333,6333,6333
5521,5521,5521
5162,5162,5162
5140,5140,5140
5162,5162,5162
7110,7120,7120
5936,5936,5936
9800,9510,9510
4111,5700,7560
7010,7010,7010
7020,9240,7020
5930,5931,5931
7740,7740,7740
6112,6112,6112
9500,9500,9500
6333,6333,6333
5142,5142,5142
6110,6110,6110
7402,7402,7402
5210,5210,5210
9800,9800,5530
7404,7404,7404
7780,7780,7780
7020,7020,7020
4310,4300,4300
6333,6333,6333
6250,6250,6250
5911,5911,5911
5940,5940,5940
1120,1120,1120
6440,6440,6440
9233,9233,9233
7405,7405,7405
6333,6333,6333
4111,4111,4111
6114,6114,6114
9800,5340,5340
4114,4114,4114
5200,5200,5200
9100,9100,9100
7545,7545,7545
4113,4113,4113
5230,5230,5230
7520,7520,7520
7730,7730,7730
6530,6530,6530
7560,7560,7560
9600,9600,9600
7550,7550,7550
5410,5410,5410
6320,6320,6320
5930,5930,9220
4020,4020,4020
6333,6333,6333
5911,5911,5911
7736,7736,7736
9230,9230,9230
5911,5911,5911
5600,5600,5600
7760,7760,7760
3500,3500,3500
5910,5910,5910
6110,6116,6119
7740,7740,7740
5330,5330,5330
7500,5920,5920
7450,7450,7450
7760,7760,7760
7100,7100,7100
5142,5142,5142
9233,9233,9233
7440,7440,7440
7403,7403,7403
7545,7545,7545
5145,5145,5145
6530,6530,6530
9400,9315,9315
4010,4010,4010
9230,9230,9230
7100,7100,7100
4210,4210,4210
4020,4020,4020
4240,4240,4240
4700,4700,4700
6119,6119,6119
5172,5172,5172
5172,5172,5172
9311,9800,9800
5171,5171,5171
2200,2200,2200
6332,6332,6332
9315,9315,9315
4210,4210,4210
7455,7455,7455
5937,5937,5937
7430,7430,7430
5940,5940,5940
8140,8140,8140
7450,7450,7450
7520,7520,7520
6114,6114,6114
1230,1230,1230
6136,6136,6136
3010,3010,3010
6430,6430,6430
3110,3110,3110
7404,7404,7404
7710,7710,7710
9800,9800,5550
3110,3110,3110
8320,8320,8320
5210,5210,5210
7440,7440,7440
4130,4130,4130
6333,6333,6333
5940,5940,5940
5540,6420,6420
3500,3500,3500
6131,6131,6131
2200,2200,2200
6114,6114,6114
5200,5210,5210
6110,6110,6110
9240,9240,9240
6110,6110,6110
9120,9330,9330
9400,9800,9800
8140,8140,8140
6333,6333,6333
3300,3300,3300
7800,7800,7800
4115,4115,4115
7560,7560,7560
5930,5930,5930
5820,5820,5820
7740,5430,5430
5910,5910,5910
5145,5145,5145
5430,5430,5430
7430,7430,7430
4113,4113,4113
6114,6114,6114
7450,7450,7450
5830,5830,5830
9130,9130,9130
9315,5700,5700
6333,6333,6333
6118,6118,6118
7450,7450,7450
5600,5600,5600
7402,7440,7440
7402,7402,7402
8140,8140,8140
5230,5230,5230
9500,9500,9500
7420,7420,7420
7760,7760,7760
8140,8140,8140
6320,6320,6320
2700,7420,7420
5120,5120,5120
6333,6333,6333
7740,7740,5700
5910,5910,5910
7790,7790,7790
6410,5520,5520
6114,6114,6114
6121,6121,6121
9600,9600,9600
5937,5937,5937
4114,4114,4114
5930,7450,7450
7405,7405,7405
7420,7420,7420
8740,8740,8740
7720,7720,7720
7730,7730,7730
6333,6333,6333
7360,7360,7360
8400,8400,8400
5570,9330,9330
5510,5510,5510
9800,9800,9800
5936,5936,5936
5936,5936,5936
7735,7740,7735
7030,6333,6333
7430,7430,7430
4700,4700,4700
5160,5160,5160
5936,5936,5936
9231,9231,9231
8810,6460,6460
6114,6114,6114
9600,9600,9600
7550,7550,7550
8221,8221,8221
5160,5160,5160
6110,6110,6110
4111,4111,4111
5200,5200,5200
8820,8820,8820
4300,4300,4300
7700,7700,7700
7820,7820,7820
4112,4112,4112
8400,8400,8400
5911,5911,5911
6120,6120,6120
7110,7110,7110
4030,4030,4030
5911,5911,5911
7450,6410,4110
5140,5140,5140
7100,7100,7100
4113,4113,4113
5141,5141,5141
7360,7360,7360
7300,5520,5520
7501,7402,7770
6420,6420,6420
7430,7430,7430
9800,9800,9800
7810,7810,7810
7735,7735,7735
9235,9235,9235
5360,6110,5360
8700,5420,5420
3500,3500,3500
5210,5210,5210
7735,7735,7735
5540,5540,5540
9230,7580,7580
7550,7550,7550
6405,5230,5230
5860,5860,5860
7340,7340,7340
7440,7440,7440
4030,4030,4030
7450,7450,7450
4210,4210,4210
7810,7810,7810
7405,7405,7405
8400,8400,8400
5930,5932,5932
7120,7120,7120
3110,3110,3110
9314,9314,9314
5430,5430,5430
8150,8150,8150
5921,5921,5921
2700,2700,2700
7410,7410,7410
7010,7010,7010
5700,5700,5700
6230,6230,6230
5521,5521,5521
9320,5940,5940
6430,6430,6430
3510,3510,3510
5932,5932,5932
7780,7780,7780
7011,7011,7011
4112,4112,4112
5936,5936,5936
1130,1130,1130
6126,6126,6126
6118,6118,6118
7420,7420,7420
6116,6116,6116
2800,5200,8820
7565,7600,7600
8830,8830,8830
7010,7010,7010
7600,7600,7600
9230,9230,9230
5937,5937,5937
6117,6117,6117
4111,4111,4111
7110,7110,7110
5420,5420,5420
3900,3900,3900
7401,7401,7401
9400,7200,9400
8110,8160,8160
5911,5911,5911
5410,5410,5410
7110,7110,7110
5420,5420,5420
4600,4600,4600
9600,9600,9600
9800,9800,9800
6250,6250,6250
5420,5420,5420
5920,5920,5920
5910,5910,5910
5910,7455,7455
7220,7220,7220
5911,5911,5911
5530,5530,5530
7110,7110,7110
7560,7560,7560
5930,5930,5930
4020,4020,4020
7480,7480,7480
5230,5230,5230
8140,8140,8140
8130,8130,8130
8330,8330,8330
7820,7820,7820
7770,7770,7770
7110,7110,7110
4020,4020,4020
4113,7450,7450
9500,9500,9500
7440,7440,7440
7400,7400,7400
7321,7321,7321
5410,5410,5410
9231,9231,9231
6120,6120,6120
5530,5530,5530
9400,9400,9400
6130,6130,6130
5240,5240,5240
9230,9230,9230
7311,7300,7300
7500,7500,7500
7790,7790,7790
2600,2600,2600
9400,9300,7450
6333,6333,6333
4210,4210,4210
2100,2100,2100
5340,5340,5340
5870,5870,5870
6280,9400,6280
5360,5360,5360
7736,7736,7736
7011,7011,7011
6121,6121,6121
6114,6114,6114
6530,6530,6530
4111,4111,4111
7360,7360,7360
7730,7730,7730
5500,5500,5500
7402,7402,7402
7340,7340,7340
8400,8400,8400
6332,6332,6332
9220,9330,9330
9400,9400,9400
9400,9400,9400
6119,6119,6119
7820,7820,7820
7402,7402,7402
9500,9800,9800
5925,5925,5925
7010,7010,7010
4700,4700,4700
3100,3100,3100
6332,6332,6332
7740,7740,7740
1230,1230,1230
4120,4120,4120
4020,4020,4020
7405,7405,7405
7322,7322,7322
4600,4600,4600
5172,5172,5172
5840,5700,5700
9311,9315,9315
1130,1130,1130
4020,5350,5350
5930,5932,5932
2700,2700,2700
6410,6410,6410
5340,5340,5340
5360,5360,5360
7350,7350,7350
7360,7360,7360
4210,4210,4210
3120,3120,3120
6333,6333,6333
9315,9315,9315
7403,7403,7403
0,6440,6440
5930,5930,9130
7110,7110,7110
7010,7010,7010
5165,6130,6130
6333,6333,6333
5530,9220,5530
7120,7120,7120
2700,2700,2700
6510,6280,6430
7402,7402,7402
5921,5921,5921
9800,9800,9800
7405,7405,7405
6430,6430,6430
4020,4020,4020
7735,7735,7735
7620,7620,7620
7600,3210,3210
7440,7440,7440
7360,4210,4210
7440,7440,7440
7403,7403,7403
7403,7403,7403
9235,9235,9235
9400,9350,9350
9500,9311,9311
7450,7450,7450
5600,5600,5600
7440,7440,7440
6415,6415,6415
5940,5940,5940
5521,4115,4115
7321,7321,7321
7430,7430,7430
7600,7600,7600
6111,6111,6111
5340,5340,5340
5140,5140,5140
5350,5350,5350
5911,5911,5911
4210,4210,4210
7420,7420,7420
5163,5934,5934
6135,6135,6135
6112,6112,6112
6119,6119,6119
4240,4240,4240
5560,5560,5560
3510,3510,3510
7110,7110,7110
5160,5160,5160
9800,9800,7430
2200,2200,2200
5145,5145,5145
7440,7440,7440
7200,6440,6440
7430,7430,7430
4240,4240,4240
7740,7740,7740
6110,6110,6110
4210,4210,4210
5700,5700,5700
6110,6110,6110
3320,3320,3320
5360,5360,5360
7120,7120,7120
7735,7735,7735
5600,5600,5600
4200,4200,4200
9500,9800,9800
7430,7430,7430
4240,4240,4240
8400,8400,8400
5141,5141,5141
5911,5911,5911
9520,9520,9520
7730,7730,7730
5200,5200,5200
1000,8730,8730
9330,9330,9330
5910,5910,5910
5940,5940,5940
5210,5210,5210
4112,5940,5940
7600,7620,7620
6126,6126,6126
6116,6116,6116
8130,8130,8130
8140,9320,9320
7900,7900,7900
4210,4210,4210
3400,7480,7480
9220,9400,9400
5560,5560,5560
7600,7600,7600
4210,4210,4210
5940,5940,5940
5910,5910,5910
4220,4220,4220
9510,9510,9510
4112,4112,4112
7440,7440,7440
7321,7321,7321
7402,7402,7402
8130,8130,8130
6333,6333,6333
7402,7402,7402
5200,5200,5200
7600,9315,9315
5530,5530,5530
9200,9230,9230
5570,5570,5570
5410,5410,5410
6460,6460,6460
5940,5940,5940
5210,5210,5210
0,0,0
4400,9211,4400
7010,7010,7010
1100,1120,1120
5936,5936,5936
7360,7360,7360
6530,6530,6530
5910,5910,5910
7750,7750,7750
7740,7740,7740
9230,5700,5700
7390,7360,7360
4210,4210,4210
9311,9315,9315
7550,7550,7550
5142,5142,5142
7735,7735,7735
8300,9312,9100
7570,7570,7570
7480,7480,7480
5550,5550,5550
7430,7430,7430
5160,5210,5160
6320,6421,6421
6460,6460,6460
7410,7410,7410
8100,8100,8100
7370,7390,7390
6550,6510,6510
7545,7545,7545
5932,5932,5932
5911,5911,5910
5911,5911,5911
7020,7020,7020
7480,7480,7480
7420,7420,7420
5200,5200,5200
6332,5167,6332
7740,7740,7740
9800,6430,9315
5921,5921,5921
7200,7200,7200
8700,8700,8700
9240,6320,6320
8700,8700,8700
7380,7380,7380
7402,7402,7402
6560,6560,6560
7480,7480,7480
7730,7730,7730
5210,5210,5210
6121,6121,6121
3110,3110,3110
9311,9800,9130
5560,5560,5560
7403,7403,7403
5410,5410,5410
7600,7600,7600
6333,6333,6333
7402,7402,7402
4113,4113,4113
6320,1230,1230
8222,9235,9800
7560,7560,7560
7610,7610,7610
5936,5936,5936
7010,1130,1130
6440,6440,6440
9311,9311,9311
6430,6430,6430
6333,9800,6333
8820,8820,8820
6110,6110,6110
5210,5940,5940
4200,4200,4200
5500,5500,5500
7210,7210,7210
6320,6320,6320
7565,7565,7565
6430,6430,6430
7740,7740,7740
5940,5210,5210
6415,6415,6415
5560,5560,5560
9520,9500,9520
7545,7545,7545
5340,5340,4010
3110,3110,3110
5936,5936,5936
4020,4020,4020
6405,7300,7300
5911,5911,5911
4240,7403,7403
5200,5200,5200
5932,5930,5930
7900,7900,7900
7721,7721,7721
5520,5930,5930
5400,5450,9800
5921,5921,5921
7735,7735,7735
5570,5570,5570
6415,6415,6415
5210,5210,5210
6119,6119,6119
7405,7405,7405
5920,5920,5920
7420,7420,7420
5210,5210,5210
7565,9300,9300
6320,6320,6320
6135,6135,6135
3510,3510,3510
7450,7450,7450
9310,9500,9500
5410,5410,5410
7405,7405,7405
5920,5920,5920
6530,6530,6530
9800,9800,9800
7430,7430,7430
5410,5410,5410
6430,5600,5600
6500,9500,9500
5910,5910,5910
6310,6310,6310
7600,7600,7600
6333,6333,6333
7500,7500,7500
9520,9520,9520
7770,7770,7770
9600,9600,9600
9400,9312,9320
6126,6126,6126
2700,2700,2700
7110,7110,7110
8330,8330,8330
7402,7402,7402
8130,8130,8130
7420,7440,7420
7430,7420,7420
7401,7401,7401
7565,7565,7565
7402,7402,7402
7735,7735,7735
7440,7440,7440
5560,5560,5560
7430,7430,7430
4113,4113,4113
7820,7820,7820
7600,5700,5700
3510,3510,3510
6131,6131,6131
6440,6320,6421
5164,5164,5164
4700,4700,4700
5600,5600,5600
9240,9240,9240
9600,9600,9600
9230,5940,5940
7410,5410,5410
5410,5410,5410
5142,5142,5142
7403,7403,7403
9240,6260,6260
6118,6118,6118
6410,6410,6410
5170,5170,5170
7530,7530,7530
2100,2100,2100
5560,5560,5560
5171,5171,5171
6333,6333,6333
5940,5940,5940
7420,7430,7420
5911,5911,5911
6333,6333,6333
6420,6420,6420
5532,5532,5532
4210,6280,9400
5700,5700,5700
5120,5120,5120
6540,6540,6540
6430,6430,6430
6114,6114,6114
6280,9240,9240
7403,7403,7403
6332,6332,6332
6333,6333,6333
7480,7430,7430
7340,7340,7340
2910,2910,2910
7430,7430,7430
9520,9520,9520
8400,8400,8400
6440,6440,6333
5550,5600,5600
5350,6510,6510
9130,9130,9130
7450,7450,7450
5911,5911,5911
4210,4210,4210
5532,5532,5532
9520,5360,9400
5360,5210,5210
6333,6333,6333
7770,7730,7730
9400,9400,9400
4700,4700,4700
7430,7430,7430
7440,7440,7440
7120,7120,7120
6280,5910,5910
2800,2800,2800
4700,4700,4700
5560,5560,5560
7402,7402,7402
7735,7735,7735
6119,6119,6119
6320,5700,5700
6126,6126,6126
7100,7100,7100
5540,5540,5540
7360,7360,7360
9240,9240,9240
5911,5911,5911
7440,7440,7440
7404,7810,7810
8500,8500,8500
7440,7440,7440
4210,4210,4210
5173,5173,5173
3120,3120,3120
7565,7565,7565
5530,5530,5530
7110,7110,7110
6260,6270,6405
6332,6332,6332
3200,3200,3200
7720,7720,7720
6119,9200,9200
8820,4116,7120
5911,5911,5911
5700,5700,5700
6320,6320,6320
2100,2100,2100
6280,6280,6280
5162,5162,5162
3700,5910,5910
7560,7560,7560
5210,5210,5210
5940,5940,5940
7480,7480,7480
5200,5200,5200
5700,2400,5700
5450,5450,5450
7403,7403,7403
2200,2200,2200
6126,6126,6126
7402,7402,7402
5937,5937,5937
2900,9240,2700
7480,7480,7480
7450,7450,7450
7210,7210,7210
3020,3020,3020
7740,7740,7740
7351,7351,7351
4113,4113,4113
6260,6260,6260
7740,7740,7740
9315,9315,9315
4113,4113,4113
5911,5911,5911
7360,7360,7360
6114,6114,6114
9800,9800,9800
5600,5600,5600
5936,5936,5936
7200,9400,9400
5420,5420,5420
7810,7810,7810
5937,5937,5937
8740,8740,8740
6111,6111,6111
9310,9310,9310
2200,2200,2200
7550,7550,7550
8130,8130,8130
1130,1140,9300
3400,3400,3400
4113,4113,4113
6320,6320,6320
7450,7450,7450
8320,8320,8320
5921,5921,5921
5142,5142,5142
9315,1000,9240
6333,6333,6333
7403,7403,7403
6430,6430,6430
4114,4114,4114
9330,5210,5210
8600,7200,7200
5910,5910,5910
5126,5126,5126
5830,5830,5830
6450,6450,6450
5910,5910,5910
5700,9312,9312
5936,5936,5936
6200,6210,6210
7600,5920,5920
7210,7210,7210
7560,7560,7560
9520,9500,9500
7120,7120,7120
6410,6410,6410
6540,6540,6540
6420,6420,6420
5560,5560,5560
5520,5520,5520
3020,3020,3020
6250,6250,9800
6332,6421,6421
5350,5350,5350
7430,7430,7430
7520,7500,5340
7110,7110,7110
5500,5521,5521
6126,6126,6126
4220,4220,4220
4111,4111,4111
6333,6333,6333
5910,7560,7560
7430,7430,7430
9300,8820,9400
5940,5940,5940
6510,6540,6540
2200,2200,2200
7404,7404,7404
7110,7110,7110
5130,5130,5130
6333,6333,6333
7430,7430,7430
7120,7120,7120
5911,5911,5911
6114,6114,6114
7402,7402,7402
6134,6134,6134
6116,6116,6116
6135,6135,6135
5910,5910,5910
4500,4500,4500
4240,4240,4240
7450,7450,7450
8160,8160,8160
9130,9130,9130
7460,4700,4700
5200,5210,5210
5330,5330,5330
4220,4220,4220
7735,7735,7735
1130,1130,1130
7100,7100,7100
5830,5830,5830
7402,9315,9315
5340,5340,5340
5430,5430,5430
6134,6130,6130
6110,6110,6110
5910,5910,5910
7505,7505,7505
9800,9800,9800
9231,9231,9231
6333,6333,6333
3400,3400,3400
6320,6320,6320
4111,4111,4111
5936,5936,5936
4240,4240,4240
6320,6320,6320
7455,7455,7455
6320,6320,6320
7455,7455,7455
5911,5911,5911
5210,5210,5210
7480,7480,7480
6116,6116,6116
4114,4114,4114
7570,7570,7570
6333,6333,6333
7440,7440,7440
4110,4110,4110
7402,7402,7402
9500,9500,5200
8830,8830,8830
6114,6114,6114
5911,7600,7600
7430,7430,7430
5911,5911,5911
7600,7600,7600
6333,6333,6333
5530,4240,4240
5911,5911,5911
5210,5210,5210
4111,4111,4111
4114,4114,4114
6320,6320,6320
7400,7730,7730
5521,5521,5521
3500,3500,3500
7340,9220,9220
5910,5910,5910
5410,5410,5410
9400,6530,6530
6430,6430,6430
7790,7790,7790
6260,6260,6260
8500,8500,8500
5510,5510,5510
6320,6320,6320
5310,5310,5310
4113,4113,4113
0,0,0
4113,4113,4113
8140,8140,8140
5530,7790,7790
9240,5420,5420
7110,7110,7110
5920,5920,5920
9400,9350,9350
4111,4111,4111
7350,9600,9600
4210,4210,4210
6430,6420,6420
2200,2200,2200
5230,5120,5120
6320,6320,6320
6320,6320,6320
7321,7321,7321
5360,5360,5360
7720,7720,7720
6333,6333,6333
6110,6110,6110
4400,4400,4400
7430,7430,7430
4113,4113,4113
7403,7403,7403
6111,6111,6111
3400,3400,3400
7730,7790,7730
4113,4113,4113
9312,9312,9312
3400,3400,3400
5142,5142,5142
5410,5410,5410
6121,6121,6121
4111,4111,4111
9220,9220,9220
8160,8160,8160
2700,8221,2800
7220,5550,5550
4020,4020,4020
9310,9310,9310
7565,7565,7565
5340,5430,5430
5171,5171,5171
6121,6121,6121
6117,6280,6280
5911,5911,5911
6136,6136,6136
7735,7735,7735
6320,6320,6320
7455,7455,7455
6000,6000,6000
7736,7736,7736
9320,9320,9320
9400,9400,9400
7900,7900,7900
6117,6280,6280
7120,7100,7010
8600,9240,9600
9800,9800,9800
9240,9240,9240
7735,7735,7735
3130,7550,7550
8400,8400,8400
5145,5145,5145
5911,5911,5911
9210,9210,9210
5360,5360,5360
8830,8830,6110
5920,5920,5920
7560,7560,7560
4310,4310,4310
4115,4115,4115
5933,5933,5933
5700,5700,7020
7402,7402,7402
7210,7210,7210
4111,4111,4111
7720,7720,7720
6121,6121,6121
5933,5933,5933
5940,5940,5940
7120,7120,7120
7110,7110,7110
5360,5360,5360
5145,5145,5145
7010,7010,7010
5170,5170,5170
5940,5940,5940
7800,7800,7800
6116,6116,6116
6320,6320,6320
6135,6135,6135
7110,7110,7110
7530,7530,7530
4240,4240,4240
7460,7460,7460
5360,5360,5360
5310,6320,5310
9500,9500,9500
5911,5911,5911
6415,6415,6415
9230,9230,9230
6320,6320,6320
6121,6121,6121
6320,6320,6320
7565,7450,7450
7402,7402,7402
5360,5360,5360
7110,7110,7110
6119,6119,6119
6430,6430,6430
5150,5150,5150
6110,6110,6110
7120,7120,7120
6112,6112,6112
1120,1120,1120
8140,8160,8160
7580,7580,7580
7120,7120,7120
5130,5130,5130
7736,7736,7736
7100,7100,7100
7110,7110,7110
5420,5420,5420
7505,7505,7505
5210,5210,5210
5936,5936,5936
5360,5360,5360
4116,4116,4116
5210,5210,5210
8130,8130,8130
0,0,0
3510,3510,3510
7403,7403,7403
6126,6126,6126
7570,7570,7570
7500,7500,7500
5520,6420,9400
5700,5700,5700
4113,4113,4113
3110,3110,3110
9800,9800,9800
7721,7721,7721
3510,3510,3510
6114,6114,6114
5162,5162,5162
7550,7550,7550
5910,7565,7565
7430,7430,7430
6116,6116,6116
7480,7480,7480
7360,7360,7360
7740,7740,7740
7120,7120,7120
5420,5420,5420
7800,7800,7800
2100,2100,2100
7403,7403,7403
7020,7020,7020
3500,3500,3500
6121,6122,6122
9330,9330,9330
5533,7820,9600
6240,9400,6110
6112,6112,6112
9240,6510,6112
6136,6136,6136
5911,5911,5911
6333,6333,6333
6550,6550,6550
5920,7735,7735
6110,6110,6110
9130,9130,9130
8330,8330,8330
6280,6280,6280
6530,6530,6530
5420,5420,5420
9130,5700,9230
4111,4111,4111
5937,5937,5937
7450,7450,7450
7540,7540,7540
5210,5210,5210
9400,9400,9400
6280,6270,7200
3210,3210,3210
7322,7322,7322
7545,7545,7545
7736,7736,7736
5933,5933,5933
5210,5210,5210
7760,7760,7760
6114,6114,6114
4210,4210,4210
7403,7403,7403
4200,4200,4200
5911,5910,5910
5921,5921,5921
6330,6330,6310
6117,6117,6117
6116,6116,6116
9800,9800,9800
6320,9800,9800
7440,7440,7440
7760,2100,2100
7360,7360,7360
5210,5210,5210
5340,5340,5340
7322,7322,7322
7470,7470,7470
6110,6110,6110
5420,5520,5520
5120,5120,5120
7810,7810,7810
6400,6400,6400
9600,9600,9600
5935,5935,5935
9230,9230,9230
7510,5520,9220
9600,9600,9600
9500,9500,9500
2100,7310,2100
6460,9800,5410
5911,5911,5911
4020,4020,4020
9400,9400,9400
5911,7560,5911
7455,7455,7455
5160,5160,5160
4113,4113,4113
7200,6421,9312
8820,8840,8820
7012,7012,7012
7340,7340,7340
9220,9220,9220
5550,5550,5550
5121,5121,5121
7440,7440,7440
7402,7402,7402
6320,6320,6320
6280,6280,6280
4300,4300,4300
5126,5126,5126
7735,7735,7735
6540,6540,6540
5910,5910,5910
8160,8160,8160
5200,5200,5200
5921,5921,5921
7770,7770,7770
7350,7350,7350
6116,6116,6116
4112,4112,4112
5340,5340,5340
7403,7403,7403
5930,5930,5930
7100,7100,6132
6332,9311,7010
9231,9231,9231
7500,7500,7500
5540,5540,5540
4117,4117,4117
6121,6121,6121
7440,7440,7440
7403,7403,7403
6134,6134,6134
7430,7430,7430
6320,6320,6320
7900,7900,7900
4210,4210,4210
7405,7405,7405
7450,7450,7450
4111,4111,4111
7310,8840,8840
9400,9400,9400
7360,7360,7360
6280,6280,6200
5932,5932,5932
6333,6333,6333
5937,5937,5937
5521,5521,5521
8320,8320,8320
7360,7360,7360
6440,6440,6440
8130,8160,8160
4113,4113,4113
9400,9400,9400
8220,8220,8220
5936,5936,5936
9330,9240,9240
7600,7600,7600
2700,2700,2700
7480,7480,7480
5920,5920,5920
7545,7545,7545
6440,6440,6405
4300,4300,4300
5360,9313,9313
6560,6560,6560
9230,9230,9230
7740,7740,7740
6320,6320,6320
5172,5172,5172
7900,9800,9800
7565,7565,7565
5921,5921,7490
0,0,0
5911,5911,5911
3500,3500,3500
5210,5210,5210
4113,4113,4113
7770,7770,7770
5120,5120,5120
5142,5142,5142
6114,6114,6114
5921,5921,5921
4116,4116,4116
6400,6400,6400
6114,6114,6114
5350,5350,5350
9210,9210,9210
7545,7545,7545
7404,7404,7404
7110,7110,7110
5940,5940,5940
9800,9800,9800
7440,7440,5911
5141,5141,5141
3510,3510,3510
9600,9600,9600
8400,8400,8400
7430,7430,7430
4210,4210,4210
8150,8150,8150
7450,7450,7450
7200,7200,7200
5560,5560,5560
7560,7560,7560
5940,5940,5940
7360,7360,7360
7200,7200,5940
7402,7736,7736
7440,7440,7440
7010,7010,7010
9130,7500,9130
6270,6270,6113
2700,2700,2700
7720,7720,7720
5921,5921,5921
7020,7020,7020
6320,6320,6320
9400,9400,9400
7403,7403,7403
7455,7455,7455
5540,5540,5540
5911,5911,5911
5521,5521,5521
2400,2400,2400
7402,7402,7402
5430,5430,5430
5360,5360,5360
7110,7110,7110
7735,7735,7735
9710,9400,9400
7550,7550,7550
7430,7430,7430
6333,6333,6333
5910,5910,5910
6540,6540,6540
5921,5921,5921
6121,6121,6121
7600,7600,7600
4200,4200,4200
5940,7736,7736
7455,7455,7455
9311,9311,9311
9230,9230,9230
7360,7360,7360
6119,6117,6117
7790,3120,3120
5521,5521,5521
5141,5141,5141
7402,7402,7402
3210,3210,3210
5700,5700,5700
5920,5920,5920
9120,5520,7500
3400,3400,3400
6121,6121,6121
6460,6460,6460
9800,9800,9800
6116,6116,6116
4220,4220,4220
5140,5140,5140
6333,6333,6333
7010,7010,7010
2800,2800,2800
4116,4116,4116
7110,7110,7110
5940,5940,5940
6131,6131,6131
7570,7570,7570
5126,5126,5126
8160,7700,8160
7810,7810,7810
9200,9400,9400
6120,6129,6127
4000,5840,5840
6110,6110,6110
7390,7390,7390
7730,7730,7730
7810,7810,7810
4117,4117,4117
7110,7110,7110
6119,6119,6119
6333,2600,8820
8850,8850,8850
6136,6136,6136
5940,5940,5940
5937,5937,5937
5911,5911,5911
6430,6550,6550
5930,3400,3400
6126,6126,6126
3210,3210,3210
7750,7750,7750
9600,9600,9600
5933,5933,5933
